:1000000000000220A5560200E5560200295A02000F
:10001000E9560200EB560200ED5602000000000017
:100020000000000000000000000000002961020044
:10003000F15602000000000049610200F55602007E
:10004000D5630200DD940100E927020071A90000D8
:1000500065A90000F7560200F7560200F7560200A5
:10006000F7560200C5660000F7560200F59401003D
:10007000F7560200E9940100F7560200F756020015
:10008000F7560200FD2A0200F7560200F75602005A
:10009000F7560200F7560200F7560200F756020024
:1000A000F7560200F7560200F7560200F756020014
:1000B000F7560200F75602000000000000000000A2
:1000C000F7560200F7560200F7560200F7560200F4
:1000D000F7560200F7560200F7560200F7560200E4
:1000E000F7560200000000000000000000000000C1
:1000F00000000000F756020000000000F756020062
:1001000000000000000000000000000000000000EF
:1001100000000000000000000000000000000000DF
:1001200000000000000000000000000000000000CF
:1001300000000000000000000000000000000000BF
:1001400000000000000000000000000000000000AF
:10015000000000000000000000000000000000009F
:10016000000000000000000000000000000000008F
:10017000000000000000000000000000000000007F
:10018000000000000000000000000000000000006F
:10019000000000000000000000000000000000005F
:1001A000000000000000000000000000000000004F
:1001B000000000000000000000000000000000003F
:1001C000000000000000000000000000000000002F
:1001D000000000000000000000000000000000001F
:1001E000000000000000000000000000000000000F
:1001F00000000000000000000000000000000000FF
:1002000010B5054C237833B9044B13B10448AFF350
:1002100000800123237010BD600200200000000058
:1002200080EF020008B5034B1BB103490348AFF34D
:10023000008008BD000000006402002080EF020082
:10024000A3F5803A704700BF174B002B08BF134B34
:100250009D46FFF7F5FF00218B460F461348144AD1
:10026000121A29F0FBFD0E4B002B00D098470D4BC6
:10027000002B00D098470020002104000D000D48FD
:10028000002802D00C48AFF3008029F025FD2000A3
:10029000290025F0CBF929F00BFD00BF0000080074
:1002A00000000000000000000000022060020020AA
:1002B000148D0020000000000000000070470000C6
:1002C00010B5064C20680CF02EF92068044ABDE8F1
:1002D0001040002301210CF049B900BF9C0200200E
:1002E000C102000010B5044625F0DAF9204610BD21
:1002F00008B5064B1B6833B10BF0F0FE04490AF059
:100300005EFF02F097FD002008BD00BF98020020AC
:1003100050040020154A38B551681068144B154C2C
:1003200003C30BF0FBFE05462060042025F0B4F962
:10033000114B03600022014628460CF0BFF82068EC
:1003400000210CF0B8F8206801210CF0A8F8206812
:1003500000210CF0ABF8094A2068002301210CF0C1
:1003600005F9074B01221A7038BD00BF40AD0200ED
:10037000480400209C020020CCAD0200C102000015
:1003800038040020234B1B7870B50BB9FFF7C2FF70
:10039000214E3568002D3AD015F10B0148BF05F10B
:1003A0000E0100228910032006F082FC044620B9C9
:1003B000BDE870400A2003F0B7B8C30711D4042881
:1003C0000FD9026802F00F03032B0AD105F00303D3
:1003D000C3F104035B0703F0C04322F0C0421343A0
:1003E00003600E4B0E491B7823710E4B1B78637113
:1003F0000D4B1A689B88C4F8062063812A4604F1D5
:100400000C0029F003FD00233360204670BD2C460C
:10041000FBE700BF380400203C04002094020020C9
:10042000A802002040040020A102002000F10803DF
:1004300073B5044603600D46E1B1084629F068FE35
:100440000F2805EB0006019007D9002201A92046DC
:1004500025F0DEFF019B2060A3602068324629461C
:1004600026F009F8019B2268636000212046D154E0
:1004700002B070BD014825F0C1FF00BF49AD0200C8
:1004800070B5002888B033DD086810F001022FD164
:1004900004282DD9036803F00F03042B28D10192FF
:1004A00006F044FA054602F0A3FC0BF017FE124CCE
:1004B00020600BF058F8114920680BF05FF92668AE
:1004C000294602A8FFF7B2FF02A930460BF0ECF96B
:1004D00002A825F0BFFF206820210AF094FE2068C2
:1004E00020210AF093FE019A206811460AF092FE3C
:1004F000002008B070BD00BF98020020500400200A
:1005000008B5084B1B780BB9FFF704FF064B1878AA
:1005100030B100221A70054B1868400040F001000D
:1005200008BD00BF38040020A002002044040020C1
:100530002DE9F043084691B00C460AF03FFC002834
:1005400038D0214604A800220AF092FC5B4804A996
:100550000DF076F9002878D021460AA80AF0FFFCB1
:100560000B9B102B6ED10A9D2868696802AB03C3F0
:10057000534BDDE90267D3E900239F4208BF96424F
:1005800060D050490B685A1E02F01F0C4E4A9C4521
:1005900049D002EBC300D0E900894F4508BF46456A
:1005A00050D00133584200F01F0003F01F0358BF22
:1005B0004342ECE7019020460AF0C6FB019A00286E
:1005C00043D0214604A80AF098FC404804A90DF045
:1005D00037F9019A002838D021460AA80AF0E4FC2D
:1005E0000B9B0D2B2ED10A9D6968286802AB03C3B3
:1005F00034490B68DDE902675A1E02F01F0C324ACB
:100600009C4550D002EBC300D0E900894F4508BF9C
:10061000464517D00133584200F01F0003F01F0376
:1006200058BF4342ECE702EBCC02C2E90067EB7B28
:10063000274AC1F800C0303B00D5FF231360254B8B
:1006400001221A700AA825F005FF234D2B683BBB39
:1006500020460AF0CCFB6428CCBF642328602046E7
:10066000C8BF2B600AF0C1FB2A6801461B4829F06D
:10067000CDFB20460AF0DBFA194B404218702146A8
:100680000AA80AF0C9FA0AA80AF08FFA154B1870DE
:100690000AA80AF089FA144B02681A6082889A80C4
:1006A00011B0BDE8F08302EBCC02C2E90067084B51
:1006B000EA79C1F800C01A60C1E700BF5004002009
:1006C0004804002068050020680400207C02002007
:1006D00044040020A00200203C040020A8020020C6
:1006E0009402002040040020A1020020024A034896
:1006F000042108F075B800BF0CAE020073AD020013
:100700007FB50C496846FFF791FE69460A480CF030
:10071000BAFF684625F09EFE08496846FFF786FE48
:10072000694607480CF0AFFF684625F093FE07B016
:100730005DF804FB77AD02007C0200209CAD020056
:1007400050040020C30711D404280FD9026802F016
:100750000F03032B0AD101F00301C1F104035B076E
:1007600003F0C04322F0C0421343036070470246C7
:1007700010F001000FD1042A0ED91368C3F30F1033
:1007800050B1431E9800031D0432115C21B10130A9
:100790008342FAD1704700207047037883B11A066C
:1007A00001D40130704703F0C003C02B08BF0130F3
:1007B000024610460132037803F0C003802BF8D0C4
:1007C000704708B5002103780BB9084608BDFFF74C
:1007D000E4FF0131F7E7014600787F2829DDDF28B3
:1007E00007DC8301487803F4F86300F03F00184306
:1007F0007047EF2808DC4A780303920102F47C6218
:100800009BB288781343F0E7F72810DC4A7883041A
:100810001203C87802F47C3203F4E01300F03F00C6
:10082000134303438878800100F47C60DFE74FF0D6
:10083000FF30704738B5002204460D46411C0920A0
:1008400006F036FA40B16300024643F0010342F875
:10085000043F0023A34200DB38BD55F8231042F8C3
:10086000041F0133F6E7002838B504DC1C20BDE87E
:10087000384002F059BE0C68E20701D40D20F6E7BB
:1008800001281ED04A68D307F8D5B2F5007F4FEA99
:10089000620301D31320EAE71A0442EA03621A430F
:1008A00042EA0322641024EAE474E11C8910032064
:1008B00006F0FEF9054610B12146FFF743FF284632
:1008C00038BD0022EEE7012838B504DC1C20BDE865
:1008D000384002F029BE0C68E20701D41120F6E787
:1008E0004868C30706D4042804D9036803F00F033B
:1008F000042B01D00E20EAE706F018F86410002C53
:10090000054603DDFFF75DFFA04205DA1220DEE7B2
:10091000FFF743FF013C0546012C2846F8D1FFF7BD
:100920005AFF400040F0010038BD01282DE9F3478F
:100930008246884605DC1C2002B0BDE8F04702F084
:10094000F3BD4C6814F0010901D10D20F4E7022831
:1009500002D08B68DA07F8D5D8F80070FB0700F1F1
:10096000B180042F40F2AE803D686410012C05F088
:100970000F02B8BF0124092A2CD17B68BAF1020FFB
:1009800018BFD8F808704FEA63030CBF1F467F10EA
:100990009F42A8BF1F463D1B0135012225EAE57590
:1009A000A918092006F084F9064648B16D000346EF
:1009B00045F00105D8F8002043F8045FBC4203DD90
:1009C000304602B0BDE8F087013452F8241043F8F5
:1009D000041FF3E7042A43D1384605F0A7FFFFF7C9
:1009E000F0FEBAF1020F16BFD8F80860064676107E
:1009F0008642A8BF0646B44205DD002002B0BDE82D
:100A0000F04706F011BA384605F090FF05464C4510
:100A10001FD1384605F08AFF0746284609F101092B
:100A2000FFF7BBFE4E45F9DA441B204606F0FCF901
:100A300006460028C4D005F079FF8146D8F80000AA
:100A400005F074FFED1B41192246484629F0DEF9F6
:100A5000B6E72846FFF7A1FE09F101090546D6E7EA
:100A6000032A2FD1BAF1020FC5F30F12C5F3417556
:100A7000C5EB820216BFD8F8085015466D10954296
:100A8000A8BF1546AC4207DD00221146032002B084
:100A9000BDE8F04706F00CB92D1B291D48BFE91D24
:100AA00000228910032006F003F90646002887D0AB
:100AB0006A1C11460192FFF745FEE11C019A394478
:100AC0000430C3E7212037E70028F8B504DC1C20F8
:100AD000BDE8F84002F028BD0D6815F0010713D0FD
:100AE000B5F5007F4FEA650601D31320F0E7002239
:100AF0000121032006F0DCF8044618B10121FFF7BC
:100B000021FE06712046F8BD042DEED92B6803F0B6
:100B10000F03042B1AD12846FFF729FEC11C48BF3A
:100B2000811D064600228910032006F0C1F8044604
:100B30000028E7D03146FFF705FE284605F0F6FE0F
:100B400032460146201D29F061F9DBE7092B1FD150
:100B50006E687610F11C48BFB11D00228910032079
:100B600006F0A6F804460028CCD03146FFF7EAFD8F
:100B70000435021DB742C5DA55F8043FD90705D53B
:100B8000B3F5007F4FEA6301AFD2D1550137F1E7EA
:100B9000032BAAD12C46B5E7486838B5C3070D46E4
:100BA00006D4042804D9026802F00F03092B04D0EC
:100BB000BDE838400B2002F0B7BC4368C2F30F1207
:100BC000511EB1EB630F4FEA630411D80B2C4FF0A9
:100BD000030304DD94FBF3F3642BA8BF642399188B
:100BE00006F0E4F80368C3F30F13013B9C4208D2FC
:100BF000A31C013464002A6840F8232044F0010457
:100C00004460002038BD01282DE9F84304DC1C2095
:100C1000BDE8F84302F088BC02284E680CD08C680E
:100C2000E20709D56410012CB8BF0124F30705D5EC
:100C30004FF0FF30BDE8F8830124F7E7042EF7D921
:100C400033680D6803F00F02042A30D1EF0706D491
:100C5000042D04D92B6803F00F03042B01D00E20C0
:100C6000D6E73046FFF783FDA042E1DB304605F0D2
:100C70005DFE0646284605F059FE03780146002B26
:100C8000D6D0601E304429F05EFA04460028CFD04A
:100C9000012133780BB1A64203D3480040F0010094
:100CA000C8E73046FFF779FD06460131F1E7092A2A
:100CB00038D17368B4EB630F4FEA6309B8DCE80717
:100CC00028D4042D26D92B6803F00F03042B21D13F
:100CD000284605F02BFE80462746013456F82400AE
:100CE000854201D17800D9E7C1070ED404280CD978
:100CF000036803F00F03042B07D105F017FE01462C
:100D0000404629F0F3F90028ECD04C45E4DD8FE7AC
:100D10004C458DDC2046013456F82430AB42F7D1E7
:100D20004000BBE7032A83D1C3F30F18C3F3417319
:100D3000C3EB880844453FF77BAFEA0706F104039D
:100D400027D4042D39D92B6803F00F02032A16D1BA
:100D5000C3F30F10C3F341732F1DC3EB8000A8EB47
:100D600000083B18013C033644453FF761AF311999
:100D70003A469A42104622D328D1601CD0E7042A72
:100D80001BD1284605F0D2FD07462846FFF7EFFCA9
:100D9000E5E7B5F5007F4FEA650201D3282037E784
:100DA000013C44453FF744AF195D914204F1010411
:100DB000F7D1640044F001003CE70F2028E711F868
:100DC000015F0078854202F10102D2D00134CBE705
:100DD00001282DE9F047884604DC1C20BDE8F047D7
:100DE00002F0A2BB0868C20706D4042804D903682D
:100DF00003F00F03042B01D00E20EFE74B6813F034
:100E00000109F9D1042BF7D91B6803F00F03042B58
:100E1000F2D105F08BFD0446D8F8040005F086FDFC
:100E2000074629F075F9064678B92046FFF7C9FC50
:100E300005460122A918092005F03AFF374B186032
:100E40009A4690B90020BDE8F0873946204629F03F
:100E50007AF9231A5D425D41204639463044013516
:100E600029F071F90028F8D1E3E76B0043F00103A2
:100E70004360D6B92046FFF790FC4D45064602DC9C
:100E8000DAF80000DFE7311B204605F0D5FF002827
:100E9000D8D0DAF8003003EB890334469860304646
:100EA000FFF77BFC09F10109E7E7012D03D1D8F831
:100EB00000308360C7E73946204629F044F94FF0F7
:100EC00001088146B9F1000F16D04545D8DBA9EBE2
:100ED0000401204605F0B0FF0028B3D0DAF8003056
:100EE00008F1010809EB060443F8280039462046BA
:100EF00029F029F98146E5E74545C1DB204629F07F
:100F000007F90146204605F097FF00289AD0DAF845
:100F1000003008F1010843F82800B1E7081C002060
:100F200008B505F0E7FC400040F0010008BD7F294E
:100F300002DC00F8011B7047B1F5006F0CDA0346C4
:100F40008A1162F03F0203F8022B01F03F0161F0C9
:100F50007F01417018467047B1F5803F0FDA0B13DF
:100F600063F01F030370C1F3851301F03F0163F0C9
:100F70007F0361F07F014370817003307047B1F5EA
:100F8000883F0DDAF0230370902343708B1101F03A
:100F90003F0163F07F0361F07F018370C170043013
:100FA0007047000010B5094C002220600221092082
:100FB00005F07EFE226820B9BDE810400A2002F04C
:100FC000B3BA0321C0E9011210BD00BF081C002004
:100FD00038B5C30709D5B0F5007F4FEA600507D3E0
:100FE0001320BDE8384002F09FBA051E18BF012546
:100FF00000220121032005F05BFE08B90A20F0E77A
:101000000121FFF79FFB057138BD07B510F0010105
:1010100004D04110084603B05DF804FB042813D93E
:10102000026802F00F02042A09D1019105F07EFC4A
:1010300001990A2203B05DF804EB29F021B9032AD3
:1010400002D10A220430F5E70D20019102F06CFA7A
:101050000199DFE70128F8B507460E4604DC1C209D
:10106000BDE8F84002F060BA0868FFF7CEFF054619
:101070007068FFF7CAFF022F044606D0B068FFF77A
:10108000C4FF061E02DC2920EAE70126A542D5BFDF
:10109000641B2C1BB4FBF6F4B4FBF6F4D4BF013490
:1010A00001344FF0000204F101014FF00900C8BF04
:1010B000764205F0FDFD80B16300024643F0010376
:1010C00042F8043F6D00730002EB840445F0010117
:1010D00042F8041F94421D44F8D1F8BD00282DE9C0
:1010E000F3410F4603DC1C2002F01EFA16E00C68E8
:1010F00014F0010506D1042C1DD9236803F00F0359
:10110000042B0DD12046FFF780FF6C460146204698
:10111000FFF70DFF011B204605F08EFE044634E06C
:10112000092B08D166684FF001087610B04504DD40
:1011300002F000FAE0B12A20D6E708F1010854F8DD
:101140002800FFF762FF7F280CDDB0F5006F0BDB96
:10115000B0F5803F0ADBB0F5883FACBF0023042325
:101160001D44E3E70123FBE70223F9E70323F7E745
:10117000284605F059FE044638B1D7F8008005F03E
:10118000D5FB01270546B74203DD204602B0BDE886
:10119000F081013758F82700FFF737FF014628464E
:1011A000FFF7C5FE0546EEE710B5044611F0010055
:1011B00011D104290ED90A6802F00F02042A09D1BC
:1011C000084605F0B3FB0146204628F08FFFB0FA31
:1011D00080F0400910BD0020FCE700000128F8B5B0
:1011E0000E4604DC1C20BDE8F84002F09DB94D68B5
:1011F000EA0706D4042D04D92B6803F00F02092A4C
:1012000001D00B20EFE76A680968C3F30F13B3EB53
:10121000620F4FEA620498BF03F1FF3411F0010737
:101220000DD0481000283CDD84423ADB2B1D84425F
:1012300019DD013053F8202045F82020F7E71A483F
:10124000FFF7B2FF40B10123BC4201DA0020F8BD34
:10125000013745F82730F7E731681448FFF7A4FF56
:1012600050B1002CF2D00122631C013C9440144385
:1012700045F823206C60E9E73068C3070FD40428E1
:101280000DD9036803F00F03042B08D1FFF7BDFE4F
:101290000028C8D131680648FFF786FF08B9112039
:1012A000A1E712209FE700BF2CAE020030AE020083
:1012B00036CA0200002310B50B70C3070C4606D5D2
:1012C0000E4942102046BDE8104024F057B928B915
:1012D0000B492046BDE8104028F0ECBE042801D19F
:1012E0000849F6E709D9036803F00F03042B04D17A
:1012F00005F01CFB04490246E4E710BD61B602009C
:1013000036CA0200C3BD020035AE02002DE9F0432B
:1013100001288FB080460E4607DC1C2002F004F93D
:10132000054628460FB0BDE8F0830B6813F00104B2
:1013300040F0AE80042B40F2E2801B6803F00F0304
:10134000092B48D1274656F8273013F0010906D15A
:10135000042B04D9186800F00F00092803D02220BC
:10136000DCE71F46EFE75B6804EB63047B1C9845F2
:10137000F7D10122A11805F09BFC054608B900250C
:10138000CFE7640044F001044460494600F10804DA
:1013900056F821301868D3F804C0C0F30F10B0EB32
:1013A0006C0F4FEA6C0203F1040398BF00F1FF32A7
:1013B0000020824209DC22EAE2728F4204EB8204BE
:1013C00001F10103ADDD1946E2E753F804CF44F81B
:1013D00020C00130EDE7032B40F09180274656F8FE
:1013E0002700C507BBD40428B9D9036803F00F024E
:1013F000032A3CD1C3F30F12C3F34173C3EB82033F
:101400001C447B1C984530D1E11C48BFA11D002223
:101410008910032005F04CFC05460028AFD021467A
:10142000FFF790F94FF0000800F1040956F8284042
:10143000E10723D4042C21D9206800F00F03032BEB
:101440001CD1C0F30F13C0F34170C0EB8300033411
:101450000023834216DB0028A8BF8144474508F1DA
:1014600001037FF75EAF9846E0E71F46B7E7042A1F
:101470007FF475AFFFF77BF90444C2E72046FFF71E
:1014800076F9E4E714F8012F09F803200133E0E7C7
:1014900000252C4656F82500C20732D4042830D93E
:1014A000036803F00F02042A32D1FFF760F9044405
:1014B0000135A845EED1204605F0B6FC05460028CA
:1014C0003FF45DAF041DB14606EB880859F8046B84
:1014D000F30728D4042E26D9336803F00F02042A18
:1014E00034D13046FFF743F90746304605F01EFA7F
:1014F0003A460146204628F089FC3C4421E0254636
:10150000C8E701A9FFF7D6FE01A828F001FECEE743
:10151000032A7FF424AFC3F30F12C3F34173C3EB69
:1015200082031C44C4E701A93046FFF7C3FE01A8AB
:1015300028F0EEFD01A906460246204628F066FC8A
:101540003444C845C2D100232370EAE6032AF8D107
:10155000C3F30F17C3F34173C3EB87073A46311D3B
:10156000C8E700002DE9F04F002893B00E4607DCD5
:101570001C2001F0D9FF0446204613B0BDE8F08FCF
:101580000C6814F0010906D1042C04D9236803F077
:101590000F03092B01D00B20EBE763684FEA6308C8
:1015A000B8F1000F03DC484605F03EFCE3E70128F4
:1015B00027D04868C20724D4042822D9036803F03E
:1015C0000F03042B1DD105F0B1F90546284628F07C
:1015D0009FFD043408F1FF330746019303FB00FB32
:1015E00004EB880A54F8040FC3076BD4042869D9A4
:1015F000026802F00F01042905D1FFF7B8F883440F
:101600000AE0354DE2E7032963D1C2F30F11C2F3BB
:101610004172C2EB81029344A245E3D1584605F0E2
:1016200003FC04460028A7D0D6F800A01FB17068BC
:1016300005F07CF90546204605F078F90AF1040A20
:1016400006465AF804BF584605F070F91BF001032E
:101650000146029302D1BBF1040F04D805A95846F4
:10166000FFF728FE05A90846039128F051FDDDE9A2
:10167000023102468BB9BBF1040F0ED9DBF8000032
:1016800000F00F0CBCF1030F01BFC0F30F12C0F349
:1016900041700BF10401C0EB82023046029228F047
:1016A000B5FB029A164447B1019B4B4505DD304618
:1016B0003A46294628F0AAFB3E4409F10109C845EB
:1016C000BFD159E705A9FFF7F5FD05A828F020FDD2
:1016D00095E705F02BF9F9E715D302002DE9F04164
:1016E000012888B003DC1C2001F01EFF5EE00C68BE
:1016F000E30730D4042C30D9266806F00F0648687A
:1017000005F014F9B349074628F0F0FCB249002867
:1017100038460CBF01254FF0FF3528F0E7FCAF49F4
:101720000028384608BF022528F0E0FCAC49002814
:10173000384608BF042528F0D9FCAA4900283846B5
:1017400008BF092528F0D2FC002800F0EA816F1CB0
:1017500005D13020C8E70226D1E70126CFE7013EB8
:10176000082E17D8DFE816F0090024007301530093
:101770001600160016001600CF00023D072D09D8EE
:10178000DFE805F004410C080808083D042C0CBFF4
:1017900003240124204608B0BDE8F0819248934B11
:1017A0000121042C18BF184605F046FB0446F1E75A
:1017B000013D082DEED801A353F825F0E1170000F4
:1017C0009517000007180000E917000095170000A2
:1017D000951700009517000095170000FF170000EF
:1017E000630835D00424D5E781496210684623F0A8
:1017F000C5FE684628F08CFC01466846D4E72046C2
:10180000FFF7D0FBD2E72046FFF7E2FBCEE7013D32
:10181000082DBFD801A353F825F000BF41180000E0
:1018200055180000C118000095170000951700001A
:101830009517000095170000951700006318000029
:10184000204605F073F8694928F050FC0028C9D1FA
:1018500000249FE72046FFF7D8FB400040F001043A
:1018600098E7204605F062F8FEF7ABFF614D411C9A
:101870000646002209202C6005F01AFA044608B931
:101880000A2031E70746730043F00103286847F850
:10189000043F05F04BF84FF00008054646457FF73A
:1018A00079AF2846FEF797FF400040F0010047F867
:1018B000040F2846FEF771FF08F101080546EDE721
:1018C000204605F033F828F023FC4A4DC11C06469B
:1018D0000022891003202C6005F0EAF90446002854
:1018E000CED02D683146FEF72DFF284605F01EF8B4
:1018F000E21C00239E427FF74DAFC15C02F8011F3E
:101900000133F7E7032566686B1E7610032B3FF65D
:1019100041AFDFE803F00212713A012E0BD1A46847
:10192000E00708D4042C7FF635AF236803F00F03DB
:10193000012B3FF42FAF2D20D6E6012E03D1A46852
:10194000E1073FF527AF2C20CEE6013754F82700FA
:10195000FFF75BFB7F2812DDB0F5006F11DBB0F500
:10196000803F10DBB0F5883FB4BF2B46002398447E
:10197000BE42EADA01F0DEFD58B12A20B4E60123C6
:10198000F5E70223F3E70323F1E701274FF000080F
:10199000EEE7184D40462C6005F046FA2F680446E5
:1019A00000283FF455AF04F0C1FF0125AE42FFF619
:1019B000F1AE013557F82530DA0701D4272093E638
:1019C000B3F5081F4FEA630101D331208CE6FFF71E
:1019D000AEFAEBE73EAE020046AE02004DAE0200AC
:1019E00054AE020059AE0200C3BD020036CA020066
:1019F00061B60200081C0020F11C48BFB11D554D06
:101A00000022891003202C6005F052F904460028BA
:101A10003FF436AF31462D68FEF794FE021D6FF09D
:101A2000030005F10803001B11188E427FF7B2AEC8
:101A300053F8041BCD07C1D5B1F5007F4FEA61050E
:101A400001D3132050E602F8015BEDE73546266826
:101A5000013DC6F30F13C6F34176C6EB8306082D8E
:101A60003FF698AE01A353F825F000BF911A00008D
:101A7000A11A000095170000AB1A0000951700008E
:101A8000951700009517000095170000DF1A000059
:101A9000012E7FF450AF2379002B7FF4A3AED7E65D
:101AA000012E7FF450AF2079D7E62A4D30462C60C6
:101AB00005F0BAF92B68044600283FF4E1AE1A1D80
:101AC000C3F1FF2303F57F03C11CFC33D018B042E0
:101AD000BFF660AE12F8010B01F8010FF6E71D4DDD
:101AE0000022711C09202C6005F0E2F82B680446E6
:101AF00000283FF4C5AE0146720042F0010241F8F1
:101B0000042F6FF00202D81CD21A13189E427FF7DE
:101B100041AE10F8013F5B0043F0010341F8043F80
:101B2000F3E7731E082B3FF635AE01A252F823F0FF
:101B300007180000071800004D1A0000C118000027
:101B400095170000951700009517000095170000E5
:101B500005190000081C0020021E10B513DD0B68DB
:101B600013F001041CBF5C1024EAE474012A00D0C5
:101B70004A68611C092005F09BF818B1640044F024
:101B80000104446010BD00240122F2E70A6812F04B
:101B9000010038B53AD1042A38D91368496803F0EE
:101BA0000F04092C1AD15568C3F30F13B3EB650F5B
:101BB0004FEA650498BF03F1FF34151D844205DC2C
:101BC00001330220984205DB002038BD45F8041F90
:101BD0000130F3E742F820100130F3E7032C15D170
:101BE000C80704D4BDE83840132001F09DBCB1F50E
:101BF000007F4FEA6100F5D20432C3F30F1302EB0A
:101C000083039A42E0D202F8010BFAE70B2001F0BD
:101C10008BFCD9E72DE9F0414E6816F001078846A4
:101C20002BD1042E29D9326802F00F03092B14D1CD
:101C30007368C2F30F12B2EB630F4FEA630500D86B
:101C4000551ED8F8008018F0010F1AD04FEA68042A
:101C5000002C1CDDA54223DA19E0042B04D1304608
:101C6000FEF785FD0546ECE7032B08D1C2F30F1301
:101C7000C2F34172C2EB8305E3E70025E1E73D468D
:101C8000DFE734484146FFF78FFAC0B10DB91220A3
:101C90002FE028F05DF990FBF5F303FB15035C1CC6
:101CA000002F54D1042E52D9336803F00F03092BAF
:101CB00025D1013456F824402046BDE8F08126485D
:101CC0004146FFF771FAC0B9B8F1040F10D9D8F83E
:101CD000003003F00F03042B0AD14046FFF795F9BB
:101CE000041EB6D11D484146FFF75EFA0028CED14A
:101CF0001120BDE8F04101F017BC2C46D0E7042BC1
:101D00001DD1304604F012FE012C05460FDCFEF713
:101D100044FD461B304605F087F804460028CBD02A
:101D200004F004FE3246294628F070F8C4E72B7808
:101D3000013C002BABD02846FEF72FFDE4E7032B38
:101D400005D13444E478640044F00104B4E70B2086
:101D5000CFE700BF64AE020030AE020036CA020018
:101D60002DE9F0414C6814F00106884632D1042C6C
:101D700030D923688F6803F00F02092A15D16268F1
:101D8000C3F30F13B3EB620F4FEA620500D85D1E79
:101D9000D8F800103748FFF707FA98B3236803F024
:101DA0000F03092B20D1012319E0032A12D1FA07CE
:101DB00004D41320BDE8F04101F0B6BBB7F5007FB5
:101DC0004FEA6706F5D2C3F30F15C3F34173C3EBB4
:101DD0008505DDE70B20EDE7013344F823709D42D4
:101DE000FADA0020BDE8F081032BFAD1E31CC4F13C
:101DF000FF2404F57F04FE34E218AA42F1DC03F864
:101E0000016FF9E7D8F8008018F0010F0ED04FEA03
:101E10006800002822DD854220DB236803F00F03E1
:101E2000092B21D1013044F82070DAE712484146ED
:101E3000FFF7BAF9B0B9B8F1040F11D9D8F80030EA
:101E400003F00F03042B0BD14046FFF7DEF8002808
:101E5000E0D10A484146FFF7A7F908B11220A9E7E7
:101E60001120A7E72846D8E7032B04BF2418E67003
:101E7000B7E700BF2CAE020030AE020036CA020047
:101E8000086808B5C3071BD4042819D9036803F0F0
:101E90000F02092A01D1406808BD032A09D1C3F302
:101EA0000F12C3F34170C0EB8200400040F001000C
:101EB000F2E7042A04D104F039FDFEF782FCF4E7CE
:101EC0000120E9E7024A03480F2106F089BC00BF60
:101ED00000AF02006BAE02001FB500210E2004F01F
:101EE000C1FA01210D2004F0BDFA01210F2004F0F8
:101EF000B9FA0A4808F0C2FD4FF08053019300235D
:101F0000039302238DF8083004AB13E90E00034855
:101F100005B05DF804EB08F0C7BD00BFCC30002071
:101F2000086810B50C46C10706D4042804D9036814
:101F300003F00F03042B04D0BDE810400E2001F085
:101F4000F3BA04F0F3FC0278A2F14103052B03D9A4
:101F5000A2F16103052B01D85A1C01D1206810BDE4
:101F6000054AD25C0E2A01BF044AD05C400040F012
:101F7000010018BF0120F2E70400002078050020CE
:101F8000086810B50C46C10706D4042804D90368B4
:101F900003F00F03042B04D0BDE810400E2001F025
:101FA000C3BA04F0C3FC0278A2F14103052B03D9A4
:101FB000A2F16103052B01D85A1C01D1206810BD84
:101FC000054AD25C142A01BF044AD05C400040F0AC
:101FD000010018BF0120F2E704000020780500206E
:101FE000086810B50C46C10706D4042804D9036854
:101FF00003F00F03042B04D0BDE810400E2001F0C5
:1020000093BA04F093FC0278A2F14103052B03D9A3
:10201000A2F16103052B01D85A1C01D1206810BD23
:10202000064AD25C112A06D1054AD35C1D2B8CBF0F
:1020300000200420F3E70020F1E700BF04000020A7
:1020400078050020086810B50C46C10706D404289E
:1020500004D9036803F00F03042B04D0BDE810403B
:102060000E2001F061BA04F061FC0278A2F1410394
:10207000052B03D9A2F16103052B01D85A1C01D10C
:10208000206810BD034A32F81300400040F0010000
:10209000F7E700BF6C0500200868C30710B50C46C1
:1020A00004D4112001F040FA206810BD4010B0F5B2
:1020B000FA6FA8BF4FF4FA601428B8BF142006F0D6
:1020C000B3FC0420F1E708B506F0B4FC400040F092
:1020D000010008BD08B506F099FC400040F0010081
:1020E00008BD08B506F098FC400040F0010008BDAE
:1020F00008B506F039FC400040F0010008BD0000C2
:1021000010B5002004F04AFA80B904F05BFA68B90F
:10211000074A0849034612F8014B112C02D15C5CB6
:102120001D2C03D90133062BF5D110BD0420FCE78B
:10213000040000207805002010B5002206210320AD
:1021400004F0B6FD20B9BDE810400A2001F0ECB95A
:10215000C30709D4042807D9036803F00F02032A30
:1021600004BF43F0C0430360054AC31C00F11801DB
:1021700012F8014B03F8014F8B42F9D110BD00BF9B
:1021800003060020024B4FF4FA4043F001031847C6
:10219000F0AF020073B51D4A8DF8001000EB80000F
:1021A0001318DC781C719C78DC705C789C70145C73
:1021B0005C7011545A788DF801209A788DF80220BD
:1021C0006846DA781B798DF803208DF804300022F8
:1021D000054613460132114602AC1C446E5C14F8ED
:1021E000084CA64238BF0B4601310529F4D102AC98
:1021F0002344017813F8084C00F8014B042A03F833
:10220000081CE6D19DF8020002B070BD190600203E
:10221000FC23094A10B5811D03700446034612F8D9
:10222000010B03F8010F8B42F9D1044B0620197DF5
:10223000FFF7B0FFE07110BD04000020030600208E
:1022400038B50121102023F0A1FD0021102023F03A
:10225000DBFDFFF741FE0C480C4DE22108F031FC9C
:102260000124295D0848013408F02BFC152CF8D115
:10227000054808F025FC0121102023F0C5FDBDE82C
:102280003840FFF77FBF00BFCC3000201000002097
:1022900000EB400303481844002343708370C3706D
:1022A000FFF7CEBF1000002038B54B68DD070C46A5
:1022B00004D40D2001F038F9606838BD086810F0CA
:1022C000010506D1042804D9036803F00F03042B89
:1022D00004D0BDE838400E2001F026B904F026FBFA
:1022E0000278A2F14103052B03D9A2F16103052B6A
:1022F00001D8581C01D12068DFE76268521002EB58
:102300008202511C06DB02EBD2725210FF2AA8BFD8
:10231000FF221546094AD25C073A012A0BD8084920
:1023200003EB43030B4400225A709A70DD70FFF7F1
:1023300087FF0420C1E70020BFE700BF04000020A2
:10234000100000204B68D80710B50C4604D40D20AF
:1023500001F0EAF8606810BD0868C10706D40428D7
:1023600004D9036803F00F03042B04D0BDE8104028
:102370000E2001F0D9B804F0D9FA0278A2F1410395
:10238000052B03D9A2F16103052B01D85A1C01D1F9
:102390002068E0E70C4AD25C013A052A12D862684C
:1023A0000A495210023203EB43030B44FF2A4FF059
:1023B0000001A8BFFF2259709970DA70FFF740FF43
:1023C0000420C8E70020C6E7040000201000002019
:1023D0004B68D80710B50C4604D40D2001F0A4F8C2
:1023E000606810BD0868C10706D4042804D90368D2
:1023F00003F00F03042B04D0BDE810400E2001F0C1
:1024000093B804F093FA0378A3F14102052A26D881
:1024100013465A1C26D0194AD25C013A052A2BD8F9
:102420006168491064290A466FF06300A8BF6422FE
:102430008242B8BF0246002916DD3B214A4364218F
:10244000B2FBF1F274320E4903EB43030B4400215B
:1024500059709970DA70FFF7F3FE0420C1E7613B11
:10246000052BD6D92068BCE7EDD03B214A43642137
:1024700092FBF1F24032E6E70020B2E704000020D0
:1024800010000020F8B54B68D8070C4605D58B68BE
:10249000D90702D5E368DA0704D40D2001F044F827
:1024A000002055E0206810F0010506D1042804D969
:1024B000036803F00F03042B04D0BDE8F8400E209E
:1024C00001F032B804F032FA0678A6F14103052B88
:1024D0003AD81E46731C3AD062685210C2EB0222F0
:1024E00012F1630F35DB642392FBF3F2FF2AA8BFDE
:1024F000FF22A0684010C0EB002010F1630F2ADB20
:10250000642190FBF1F0FF28A8BFFF20E3685B1077
:10251000C3EB032313F1630F1FDB642193FBF1F380
:10252000FF2BA8BFFF232949895DA1F10904012CD4
:1025300015D8274906EB46060E447070B270F3704A
:10254000FFF77EFE042003E0613E052EC2D920681D
:10255000F8BD0022CDE70020D8E70023E3E70B29F0
:102560009ED11C4F152171437C184FF0E30C07F8E6
:1025700001C0C1B2D2B2DBB2A17061712172E1724D
:1025800010200121E2702371A271E3716272A372C3
:1025900022736373667023F0F9FB0021102023F08F
:1025A00033FCFFF799FC0C4E14F8011B3046013543
:1025B00008F087FA152DF7D1074808F081FA0121B4
:1025C000102023F021FCFFF7DDFDBBE70400002015
:1025D000100000207E050020CC3000202DE9F041C5
:1025E00002230F4683420EDA57F82320D50707EB64
:1025F000830405D40D2000F097FF2068BDE8F0812A
:102600000133DBB2EEE7386810F0010606D104288A
:1026100004D9036803F00F03042B04D0BDE8F04194
:102620000E2000F081BF04F081F90478A4F1410389
:10263000052B79D81C46601C79D0494B1B5D0B2BB0
:1026400040F08C80474A15236343D118E320D054CF
:10265000631C4C7003EB430343490120C854FD68DD
:102660000541C5EB052515F1630F904661DB642339
:1026700095FBF3F5FF2DA8BFFF25BA685210C2EBFA
:10268000022212F1630F56DB642392FBF3F2FF2A5E
:10269000A8BFFF223B695B10C3EB032313F1630F59
:1026A0004BDB642193FBF1F3FF2BA8BFFF2378687A
:1026B000C10744D4042842D9016801F00F0104295C
:1026C0003DD1152101FB0481EDB2D2B2DBB28D7098
:1026D000CA700B714D718A71CB710D724A728B7217
:1026E000CD720A734B730121102023F04FFB0021A0
:1026F000102023F089FB1D4DFFF7EEFB152303FB94
:10270000048414F8011B2846013608F0DAF9152E66
:10271000F7D1164808F0D4F91020012123F074FBFA
:10272000FFF730FD042069E7613C052C83D9386848
:1027300064E70025A1E70022ACE70023B7E74110DA
:10274000013903293FF65AAF01EB4100152101FB86
:10275000048101448D70CA700B71C4E700204DE7FD
:10276000040000207E05002010000020CC30002056
:102770002DE9F04FB94BBA4D18689B8885B00121FF
:1027800002901020ADF80C3023F000FB0021102047
:1027900023F03AFBFFF7A0FBB148DE2108F091F9E6
:1027A000B04B019318700124FF21284608F089F9E5
:1027B000019B18550134152CF6D1A948AA4D08F0F3
:1027C0007FF90121102023F01FFBFFF7DBFC002421
:1027D000019B03EB4403E0B2D978FFF7DBFC013443
:1027E000062C05F8010BF3D10023A049A0480324CF
:1027F000142511260E274FF0090C4FF0080E4FF04C
:10280000010899460A8810F801AB0AEB420ABAF5AA
:102810003C7FBAFBF4F292B221F8022B68DD02AAE7
:1028200002F803900133062BECD19249924802AA98
:1028300004468E46002612F8015B11F8017B01F870
:10284000015CBD4203F1FF3318BF267013F0FF0394
:1028500004F10104EFD1894C894F94F800C08949F3
:102860003A461E464FF0150899464FF0010A10F8F7
:10287000015B132D71D8013500F8015C0136062E7D
:1028800001F1010102F10102F1D10BB184F800C0A4
:102890002578002D7ED17C4E3178002940F0C8800B
:1028A000237813B30121102023F070FA00211020A7
:1028B00023F0AAFAFFF710FB744FDFF8A48100257C
:1028C00017F8011B4046013508F0FBF8152DF7D12C
:1028D000634808F0F5F80121102023F095FAFFF77E
:1028E00051FC012333700023237005B0BDE8F08F45
:1028F000A2F1030ABAF1100F03D802AA02F803806A
:1029000090E7A2F1150ABAF1170F02D802AAD4541F
:1029100088E7A2F13D0ABAF11F0F03D802AA02F814
:1029200003E07FE7A2F15D0ABAF1100F03D802AA13
:1029300002F803C076E7A2F1830ABAF11C0F02D8AD
:1029400002AAD7546EE7A13A1C2A0DF1080A8CBFDF
:102950002A4632460AF8032064E7142D8ED11EF869
:10296000065092F800B000F8018CAB4586D00DB14E
:102970001F2D05D181F80090157001239C467DE73D
:1029800091F800B0BBF1000F7FF478AF157081F8BB
:1029900000A0F2E73D4B15220021184627F05EFA11
:1029A000E122027000224FF0050B114604264FF081
:1029B000030C4FF0020E4FF006084FF0010917F814
:1029C000013B03F1FF3ABAF1010F02F1010206D80F
:1029D00080F80190062A00F10100F0D15BE7A3F135
:1029E000030ABAF1030F02D880F80180F2E7A3F1DD
:1029F000090ABAF1010F02D880F801E0EAE70B2BCF
:102A000002D180F801C0E5E7A3F10C0ABAF1090F81
:102A100001D84670DEE7A3F1070ABAF1010F02D927
:102A2000163B032B02D880F801B0D3E74170D1E701
:102A30000022DFF858C013460133019813F80C70D8
:102A400010F8130087421CBF0A460D46062BF3D12F
:102A500002B125700023337022E700BF78AF020077
:102A6000CC30002003060020780500206C050020F3
:102A7000110600200A0000203C0600201806002055
:102A800004000020FC050020020600202500002094
:102A9000F0B587B01522FF21684627F0DFF9DF2364
:102AA000012110208DF8003023F070F90021102052
:102AB00023F0AAF9FFF710FA0E4E6C4615250027F1
:102AC00014F8011B0C4807F0FCFF013D06F8017BE0
:102AD000F6D1094807F0F4FF0121102023F094F902
:102AE000FFF750FB054B4FF01F321A609A8007B07A
:102AF000F0BD00BF10000020CC3000200A000020F4
:102B0000F0B587B01522FF21684627F0A7F9D62334
:102B1000012110208DF8003023F038F90021102019
:102B200023F072F9FFF7D8F90B4E6C4615250027F4
:102B300014F8011B094807F0C4FF013D06F8017BAA
:102B4000F6D1064807F0BCFF0121102023F05CF904
:102B5000FFF718FB07B0F0BD10000020CC300020BC
:102B6000024A03480B2105F03BBE00BF98AF0200AC
:102B700044C50200014A1360704700BF800E002068
:102B8000704710B5044622F08BFD204610BD0000B2
:102B900008B5084609F013FF0022114608F03AFB79
:102BA000034B4FF6FF721A80024B00221A6008BDD9
:102BB0003A0000204806002010B50846144609F0E7
:102BC000FEFE08F0C7FC034B228C1A80024B012248
:102BD0001A6010BD3A00002048060020F0B5104EE3
:102BE00085B0002201A808F037FF3468BDF80A500C
:102BF000019FC4F50062954204DD0A480368013371
:102C00000360154608482A463946204427F0FEF856
:102C10002C443846346021F072FB05B0F0BD00BF93
:102C2000780E0020880E00204C06002010B5034BC3
:102C30000360044608F050FE204610BDA0B002001C
:102C400010B50446FFF7F2FF204622F029FD20468A
:102C500010BD10B5044603F0F3FB044403F0F0FB91
:102C6000A04207D206F0DEFB04F05AFD01201FF05F
:102C7000E5FEF3E710BD00F1080373B503600446F9
:102C800008460D4627F044FA0F2805EB0006019090
:102C900007D9002201A9204623F0BAFB019B20603E
:102CA000A36020683246294623F0E5FB019B226899
:102CB000636000212046D15402B070BD4FF08052B5
:102CC000136E4371190A0171190C1B0EC1708370C8
:102CD000536E43701B0A037070470000F0B50C4B35
:102CE0000C4A0D4D0D4E197858789C78002312F837
:102CF000017BB94205D15F5D874202D19F5DA7424A
:102D000004D00133992BF2D10020F0BD0120FCE763
:102D100042060020C4B00200F6B102005DB102001C
:102D200037B5002568460095ADF80450FFF7C6FF9B
:102D3000BDF80430114C5BBA1A219BB2B3FBF1F21F
:102D400001FB12334133B2FBF1F0237001FB10227F
:102D5000B0FBF1F301FB1301413241316270A1700C
:102D6000E570FFF7BBFF08B14223637003490448D5
:102D700003B0BDE8304027F0C3B900BF42060020D1
:102D80004D0E0020F8B5134E33780BB3124D134C93
:102D900028682188124F132209F013FE4FF6FF73A3
:102DA0002380104B286800241C600F4B1C7009F016
:102DB00006FE08F0CFFB3968286822460AF05AF868
:102DC000204609F0A7FA094B2C603C601C60347067
:102DD000F8BD00BF4C0E0020840E00203A000020F9
:102DE0008C0E002048060020740E00207C0E00206F
:102DF00010B50E4C20688CB0B0B109F0E0FD08F0C1
:102E0000A9FB206809F0DBFD094904466846FFF785
:102E100032FF694606A80AF036FC204606A908F0EB
:102E2000CEF9684623F016FB0CB010BD840E0020CE
:102E3000F6AF020010B5154B1B6886B01BB309F046
:102E40004DF9044608F08FFB1149204608F0B2FC0A
:102E500010496846FFF70FFF6946204608F024FD39
:102E6000684623F0F7FA6421204608F0CCF9C8211F
:102E7000204608F0CBF9084B1B7823B100221146FD
:102E8000204608F0C7F906B010BD00BF840E002030
:102E9000F6AF02004D0E0020740E00202DE9F04127
:102EA000454D2B7886B0002B40F08380FFF738FF2C
:102EB0004249434E434FDFF804816846FFF7DBFE8B
:102EC000684609F097F9684623F0C4FA09F0EAF871
:102ED00004463060042022F0DFFB3B4B03600146D8
:102EE0000122204609F076FD38493068384E09F055
:102EF0008EFF1022374930604FF400730AF082FBD6
:102F0000354B04461860042022F0C6FB01460760DA
:102F1000204608F0E9FE4FF4007304222F49306880
:102F20000AF070FB0446042022F0B6FB014607605D
:102F3000204608F0D9FE3068294F0AF0F5F9294AF1
:102F400001232B701370FFF775FF1C4827F0E0F882
:102F5000032405462E1FB5421FD0012108EB0600B1
:102F600003F06AFF69460090012004F0D7FA694631
:102F700000900320CDE9010004F008FB4FF42F700E
:102F8000FFF767FE6946002004F0CCF86420FFF7E5
:102F900060FE3B686BB90136DDE74FF47A70FFF7EE
:102FA00058FE3B682BB9013CD4D16946204604F059
:102FB000B9F806B0BDE8F0814C0E00204D0E00209F
:102FC000840E0020A0B0020070B00200F6AF020034
:102FD0008C0E00201BB002007C0E002040B00200CE
:102FE00048060020740E0020014B1868704700BF8F
:102FF00048060020012070472DE9F043464D2B681C
:1030000087B006460C46002B49D044481FF0E2FA30
:10301000022862DD05201FF011FD40481FF0DAFA9A
:103020001428024601A9A8BF14223C481FF081FAC7
:1030300001AB0022023890424FDD13F8011BFA2940
:1030400002F10102F7D119781A29F4D15F78002F23
:10305000F1D1DFF8D890DFF8D880B9F80010D8F8AF
:103060000000132209F0ADFC4FF6FF73A9F8003001
:103070002B4BD8F8000019683A4609F0FBFE294BA3
:103080002F601F7025481FF0A5FA84422246314662
:10309000A8BF024621481FF04CFA044637E0DFF88B
:1030A000848098F80030002BECD105F07BFF0746B8
:1030B00098B9DFF87C90D9F8000070B1184B196806
:1030C00009F0BAFED9F8000009F079FC3A46394611
:1030D00008F0A0F8012388F800302B68002BD1D02D
:1030E000114F3D68AC42A8BF2C4684B1DFF8448044
:1030F0002246414630462D1B26F088FE002D05DD78
:103100002A4608EB0401404626F080FE3D6020463A
:1031100007B0BDE8F08300BF48060020E05A002059
:103120008C0E0020740E0020780E00203A00002043
:10313000840E00204C0600200B462DE9F341D41AE2
:103140001B4B1B68411833B91A48224602B0BDE830
:10315000F0411FF057B9184D019103F071F92B6838
:10316000019998423CBF00232B602B68C31A132B94
:1031700006461BD9002C19DDFA2CDFF844800F4FCE
:10318000D8F80000A8BFFA24002322463B6008F0CC
:10319000B3FDD8F8000008F0A3FD3B682E60002BBB
:1031A00018BF0024204602B0BDE8F0810024F9E7F2
:1031B00048060020E05A0020700E0020800E0020FB
:1031C0007C0E002008B505481FF0DCF9BDE808407A
:1031D00002484FF4E1311FF0BFB900BFE05A0020B0
:1031E000037883B11A0601D40130704703F0C0039D
:1031F000C02B08BF0130024610460132037803F0AD
:10320000C003802BF8D0704773B50646084611F00E
:103210000101144627D1042842D9036803F00F03A3
:10322000042B3DD1D30714D4042A39D9136803F0F1
:103230000F03042B34D103F079FB0546204603F03D
:1032400075FB0146284626F051FF002830DB21D1CE
:1032500029E0019103F06AFB01990A2227F010F896
:103260000546641013E012F0010117D1042A17D9A2
:10327000136803F00F03042B12D14510104601917F
:1032800003F054FB01990A2226F0FAFF0446A542F6
:103290000EDB08DD002E09DC00200CE04510E0E725
:1032A000064B0F221A700136022EF5D8042002E0D8
:1032B000701700F0040002B070BD00BFB80E00200F
:1032C00007B510F0010104D04110084603B05DF8C5
:1032D00004FB042813D9026802F00F02042A09D162
:1032E000019103F023FB01990A2203B05DF804EB7E
:1032F00026F0C6BF032A02D10A220430F5E7024BAA
:103300000D221A70E1E700BFB80E00202DE9F84346
:10331000054605F079FA044608B1BDE8F883284669
:1033200026F0F6FE2C4E07463379032B0AD00134E3
:10333000FF2C06F10806F7D1284B1B221A704FF01C
:10334000FF30EAE73A462946E0B205F0DBFA0346E9
:1033500000283DD132685068111D9842E7D051F8DD
:1033600004CFBCF1F00F03F10103F6D19B00083349
:10337000D00702EB0301DAD40429D8D9D35803F0DB
:103380000F02042AD3D1C3F30F130133CA0701EB91
:103390008300CCD40428CAD951F8233003F00F039A
:1033A000042BC4D103F0C2FA4FF00309804609216F
:1033B000404626F08EFE0028B9D0B9F1010900F18F
:1033C0000108F4D12946404626F0BDFE8045AED125
:1033D00064F0FF00A1E700BF60770020B80E002076
:1033E00010F0010210B516D1042802D90268C2F308
:1033F0000F1211F0010310D1042902D90B68C3F395
:103400000F13934214D1043000EB83030331834242
:1034100005D8012010BD0022EBE70023F1E710F8EA
:10342000014B11F8012F54EA020CF2D09442EED075
:103430000020EFE72DE9F04F85B0CDE90113314FC2
:10344000314E80468AB102233B70012333603368DA
:10345000DFF8C890DFF8C8A0DFF8C8B00024FC543B
:10346000444504DB05B0BDE8F08F3260EFE7019B17
:10347000316853F82400C30707EB0105C1F5487113
:1034800005D5224A4310284622F08CF804E0A8B95A
:103490001F4A284622F086F81A4826F039FE029B79
:1034A00030604BB108F1FF33A34205DD431C2022FD
:1034B0003A540022FA5433600134D1E7042801D190
:1034C000144AE6E71BD9026802F00F03042B06D169
:1034D000039103F02BFA104A03990346D3E7092B13
:1034E00003D143685A465B10CDE7032B08D1C2F3E2
:1034F0000F13C2F34172C2EB83035246C3E70123A9
:103500004A46C0E7100F00203012002061B60200CA
:103510008FB2020095B20200E5E90200B4B20200E7
:10352000A9B202009AB20200014B18700020704745
:10353000B80E0020024B1878003818BF01207047E1
:10354000B80E0020024B1860024BFF221A70704721
:1035500038120020B80E002008B500231A46FFF7E5
:1035600069FF034B0348196805F044FF002008BDBC
:1035700030120020100F002010B502F06DFF084C33
:10358000231D01461F22184626F0CAFD26F0C0FD65
:10359000031D9B081B0143F004032360204610BD5C
:1035A000900E00202DE9F04F804608F11809D8F858
:1035B0001410C74FD8F810508BB009EB8101D0E937
:1035C000023002913978AA0003EB800409EB8505EB
:1035D000002952D153F8203092101E12C8F8102042
:1035E00003F07F03BB4A52F823300434924643F081
:1035F00001031847D8F8082098F8023098F801001D
:10360000A21A921043EA022205F000FC002388F877
:1036100000303B70D8F80830E41A029BA5EB09058E
:10362000A3EB0909A410AD104FEAA903C8F80C4098
:10363000C8F81050C8F814300BB0BDE8F08F98F8F7
:10364000010005F0DDFB002388F80030E2E73B785D
:103650009BB954F8043BA5EB09021E1203F07F034B
:1036600092105AF82330C8F81020C0E7291DA1EBAA
:103670000903D82B17DD1A233B703978FF29B9D1FC
:10368000954E00233B703368002BC3DD012388F87F
:10369000003002F0CDFE33684FF47A7202FB030073
:1036A000C8F80400B6E79A103B782E600BB10D46BF
:1036B000E3E754F8043BC8F810201E1203F07F0320
:1036C0000D465AF8233092E7291DA1EB0903D82BA8
:1036D00002DD1A233B70D0E7204650F8042B2A6005
:1036E0009A103B7813B10D460446C6E76368C8F8E4
:1036F00010201E1203F07F030D465AF823300834C1
:1037000075E7291DA1EB0903D82B02DD1A233B70B5
:10371000B3E79A103B7804EB86062E600BB10D469A
:10372000ABE754F8043BC8F810201E1203F07F03E7
:103730000D465AF823305AE72A1DA2EB0903D82B6D
:1037400002DD1A233B7098E7632ECABF63496449C0
:10375000643E51F82610296015469A103B78002BDC
:103760008BD154F8043BC8F810201E1203F07F03DD
:103770005AF823303BE75A4B55F8042D43F82620DE
:103780003B78002B7FF479AF54F8043BA5EB09029A
:103790001E1203F07F0392105AF82330C8F810204D
:1037A00025E7DFF83CB15BF82600FFF789FD3A78A2
:1037B000002A7FF462AF009055F8040DFFF780FDFA
:1037C000009B184440003B7840F00100A5EB090243
:1037D0004BF826009210002B7FF44FAF54F8043BB7
:1037E000C8F810201E1203F07F035AF82330FEE6BB
:1037F0002A1DA2EB0903D82B02DD1A233B703CE7FC
:10380000029B994534BF53F80C3C01232B603B7855
:10381000A2EB090189100BB115462EE754F8043BC1
:10382000C8F810101E1203F07F0315465AF8233013
:10383000DDE62A1DA2EB0903D82B02DD1A233B701B
:103840001BE7029989450ED251F80C0C06F180460F
:10385000033EA6EB600651F82610296099103B78CC
:103860003BB1154609E718233B7000232B60154632
:1038700003E754F8043BC8F810101E1203F07F034E
:1038800015465AF82330B2E6029B99451CD2029A9B
:1038900055F8043D52F80C0C06F18046033EA6EBA9
:1038A000600642F826303B78A5EB09029210002B07
:1038B0007FF4E3AE54F8043BC8F810201E1203F066
:1038C0007F035AF8233092E618233B70D5E600BFF9
:1038D000B80E002008B3020038120020387700200C
:1038E0005C7F0020029B99452DD253F80C3C029A34
:1038F00006F18046033EA6EB630352F82300FFF770
:10390000DFFC834655F8040DFFF7DAFC029B029AB0
:1039100053F80C3C5844A6EB6306430043F0010304
:1039200042F826303B78A5EB09029210002B7FF479
:10393000A4AE54F8043BC8F810201E1203F07F0315
:103940005AF8233053E618233B7096E6291DA1EB65
:103950000903D82B02DD1A233B708EE6029A52F837
:1039600026202A609A103B780BB10D4685E654F864
:10397000043BC8F810201E1203F07F030D465AF8CE
:10398000233034E6029A55F8043D42F826303B785D
:10399000002B7FF472AE54F8043BA5EB09021E1213
:1039A00003F07F0392105AF82330C8F810201EE667
:1039B000029B53F826004FEA600B55F8040DFFF701
:1039C0007FFC5844029B400040F0010043F8260071
:1039D0003B78002B7FF451AE54F8043BA5EB090271
:1039E0001E1203F07F0392105AF82330C8F81020FB
:1039F000FDE5A5EB8605A945A5EB09060ED83A78A5
:103A0000B310002A7FF439AE54F8042BC8F81030F4
:103A1000161202F07F025AF82230E8E5CC4802F094
:103A200075FF3A78B310002A7FF427AE54F8042BC0
:103A3000C8F81030161202F07F025AF82230D6E58C
:103A4000002E04EB8604FFF6E5AD3B78A5EB0902FA
:103A50009210002B7FF411AE54F8043BC8F81020EC
:103A60001E1203F07F035AF82330C0E555F8043DD9
:103A7000042B04D1002E04EB8604FFF6CBAD3B787B
:103A8000A5EB09029210002B7FF4F7AD54F8043B2C
:103A9000C8F810201E1203F07F035AF82330A6E561
:103AA00055F8043D042B04D0002E04EB8604FFF6E9
:103AB000B1AD3B78A5EB09029210002B7FF4DDAD90
:103AC00054F8043BC8F810201E1203F07F035AF884
:103AD00023308CE555F8040CC107A5F1040B0BD578
:103AE0004010013800280ADB400040F0010004EBE0
:103AF0008604CBF800008DE5FFF7E2FBF1E73B78A9
:103B0000ABEB090292100BB15D46B6E554F8043BED
:103B1000C8F810201E1203F07F035D465AF82330C8
:103B200065E5029B05F10C0EAEEB0902A3EB090B58
:103B3000D82A4FEAAB0B02DD1A233B709DE57600D5
:103B400006F4FF7646F001062E60D8F808302946C4
:103B5000E41A98F80250A41045EA04254FEA4B0BEA
:103B60004BF001036D008B6045F00105009B4D603B
:103B700088F80230397850F83C30C8F8083075467B
:103B8000921021B103F10804CDF808E075E503F1C6
:103B90000C049B68CDF808E01E1203F07F03C8F800
:103BA00010205AF8233022E5029B55F8046C994501
:103BB0002DD1F2071ED4042E15D9336803F00F035C
:103BC000042B19D1304602F0B1FE26F0A1FAB0F56F
:103BD000487FA8BF4FF448700630643004F030FFCF
:103BE00078B9043C16E50AD0002E0CBF07204FF42C
:103BF0000070F2E70A20F0E74FF40070EDE70720CD
:103C0000EBE798F80100314605F019F91BE5029B36
:103C1000504953F80C2C504B3878A3EB6203029AAE
:103C200042F8236002EB830552F8083C5A1088F8EA
:103C30000220D2B2043551F83210029AC8F80810A6
:103C400052F8042C521009EB8202C3F3552302925E
:103C5000A5EB090201EB8304921000287FF40DAD5F
:103C600051F82330C8F810201E1203F07F030434EB
:103C70005AF82330BBE455F8040CFFF721FB1E284B
:103C8000A5EB86052DDCA5EB090B00284FEAAB0B55
:103C90000DDC3B78002B7FF4F0AC54F8043BC8F803
:103CA00010B01E1203F07F035AF823309FE40090F7
:103CB00002F0BEFB009B033B1E1802F0B9FB274B32
:103CC000801B9842F9D23B78002B7FF4D6AC54F895
:103CD000043BC8F810B01E1203F07F035AF82330DB
:103CE00085E4012288F80020009002F0A1FB009BEF
:103CF0000A380344C8F804308CE455F8040CFFF784
:103D0000DFFAA5EB8605061E10DC3B78A5EB090261
:103D10009210002B7FF4B1AC54F8043BC8F810208B
:103D20001E1203F07F035AF8233060E40C4B9E42CE
:103D300002DD1D233B70A0E4012388F8003002F06F
:103D400077FB4FF47A7303FB06000A38A8E400BF40
:103D5000C6B2020060770020FDFFFF3F809698000A
:103D600080EE360000233046A5EB8605CA4E1A4683
:103D70002946FFF75FFB3168C84803F05DF8C84B80
:103D800031681860C54805F017FA3168C34805F076
:103D900031FB3B78002B7FF470AC54F8043BA5EB6F
:103DA00009021E1203F07F0392105AF82330C8F85C
:103DB00010201CE43B78A5EB8605002B7FF45DAC5E
:103DC00054F8043BA5EB09021E1203F07F03921086
:103DD0005AF82330C8F8102009E4404604F08EFE5B
:103DE0003B78002B7FF449AC54F8043BA5EB090267
:103DF0001E1203F07F0392105AF82330C8F81020E7
:103E0000FFF7F5BB55F8043C002B47D155F80C0CD7
:103E100010F0010B20D04FEA600B4FEA4B0343F048
:103E2000010345F8083CBBF1000F40F3968055F8BC
:103E3000080C4FEA4B03CBEB600B55F80C0C43F02E
:103E4000010345F8043CC3072DD50BF1010B4FEAE4
:103E50004B0343F0010331E004281BD9036803F04E
:103E60000F02092A01D14068D5E7042A09D102F0DE
:103E70005DFD0378002BD0D0FFF7B2F90BF1010BF9
:103E8000F7E7032A06D1C3F30F1BC3F34173C3EB58
:103E90008B0BC2E719233B70FFF7EFBB4FEA630BB5
:103EA0000BF1FF3BBFE7042853D9036803F00F036E
:103EB000092B18D10BF1020B50F82B30029A42F863
:103EC00026303B78A5EB09029210002B7FF4D5AB8E
:103ED00054F8043BC8F810201E1203F07F035AF870
:103EE0002330FFF784BB042B2CD1029B03EB86030A
:103EF000009302F01BFD0BF1010B0646BBF1010F15
:103F000010DC3046FFF76CF9821B1046039202F07A
:103F10008BFF834668B102F009FD039A314625F014
:103F200075FF06E030780BF1FF3B30B912233B7090
:103F30008346009BC3F800B0C3E73046FFF750F953
:103F40000646DBE7032B04D183449BF804305B0077
:103F50007FE719233B70FFF790BB0434B1E705EB13
:103F60008603A3EB0903D82B16DC0122002E06F1F1
:103F7000FF3315DC3B78A5EB09029210002B7FF490
:103F80007CAB54F8043BC8F810201E1203F07F03EA
:103F90005AF82330FFF72BBB1A233B70FFF76DBB9A
:103FA00045F8042B1E46E1E72B1DA3EB0903D82B94
:103FB00003DD1A233B70FFF760BB029B994530D2AB
:103FC00055F8040CFFF77CF9002827DD029B53F815
:103FD0000C3CB0EB630F4FEA63021FDC801A00F168
:103FE0008040029B043853F82020A5EB86031A601A
:103FF000C6F1010605EB86053B78A5EB0902921098
:10400000002B7FF43AAB54F8043BC8F810201E1282
:1040100003F07F035AF82330FFF7E9BA20233B70FF
:10402000E6E71823FBE71E4B1A68A5EB8603C6F1EB
:1040300001061A603B7805EB8605002B7FF41DAB6B
:1040400054F8043BA5EB09021E1203F07F03921003
:104050005AF82330C8F81020FFF7C9BA55F8043CC5
:10406000042BA5F104023B7808BF2A46A2EB090104
:1040700008BF04EB8604891013B11546FFF7FDBA9B
:1040800054F8043BC8F810101E1203F07F031546C5
:104090005AF82330FFF7ABBA30120020100F00207F
:1040A0004400002055F8043D042B1CBF002345F8B4
:1040B000043B3B78A5EB090218BF04EB8604921081
:1040C000002B7FF4DAAA54F8043BC8F810201E1223
:1040D00003F07F035AF82330FFF789BA002EA5EBCF
:1040E000860119DC1C233B700022C6F1010605EB9A
:1040F00086053B780A60A5EB09029210002B7FF43D
:10410000BCAA54F8043BC8F810201E1203F07F0329
:104110005AF82330FFF76BBA0B684FF0000C5B10B6
:1041200051F82C0010F0010202D10D233B70DCE7A6
:10413000401083420CF1010CA8BF03466645EFDC3A
:104140005B0043F00102D0E7002EA5EB860119DCED
:104150001C233B700022C6F1010605EB86053B7867
:104160000A60A5EB09029210002B7FF486AA54F88E
:10417000043BC8F810201E1203F07F035AF82330C6
:10418000FFF735BA0B684FF0000C5B1051F82C00AC
:1041900010F0010202D10D233B70DCE74010834296
:1041A0000CF1010CB8BF03466645EFDC5B0043F041
:1041B0000102D0E755F8081C11F0010F4FEA860301
:1041C00023D055F8042C12F0010F1ED05210B2EB80
:1041D000610FA5EB0303CCBF042200221A60C6F1D5
:1041E000010605EB86053B78A5EB09029210002B32
:1041F0007FF443AA54F8043BC8F810201E1203F0C1
:104200007F035AF82330FFF7F2B955F8042C6FF00A
:104210000100A5EB030BFEF7F7FFCBF80000DEE78C
:1042200055F8081C11F0010F4FEA860323D055F80A
:10423000042C12F0010F1ED05210B2EB610FA5EB4F
:104240000303ACBF042200221A60C6F1010605EB8D
:1042500086053B78A5EB09029210002B7FF40DAA8E
:1042600054F8043BC8F810201E1203F07F035AF8DC
:104270002330FFF7BCB955F8042C4FF0FF30A5EB05
:10428000030BFEF7C1FFCBF80000DEE755E90201A2
:104290004FEA860B8142A5EB0B0B18D10423CBF818
:1042A0000030C6F1010605EB86053B78A5EB090257
:1042B0009210002B7FF4E1A954F8043BC8F81020B9
:1042C0001E1203F07F035AF82330FFF790B9042839
:1042D00001D80023E3E7C207FBD4036803F00F0310
:1042E000042BF6D1CB07F4D40429F2D90B6803F0E0
:1042F0000F03042BEDD1FFF773F8002814BF04233C
:104300000023CCE755E902014FEA860B8142A5EB79
:104310000B0B18D10023CBF80030C6F1010605EBDA
:1043200086053B78A5EB09029210002B7FF4A5A926
:1043300054F8043BC8F810201E1203F07F035AF80B
:104340002330FFF754B9042801D80423E3E7C20758
:10435000FBD4036803F00F03042BF6D1CB07F4D48E
:104360000429F2D90B6803F00F03042BEDD1FFF7FA
:1043700037F8002814BF00230423CCE755F8081CA5
:1043800011F0010F4FEA860323D055F8042C12F0E8
:10439000010F1ED05210B2EB610FA5EB0303D4BF87
:1043A000042200221A60C6F1010605EB86053B785F
:1043B000A5EB09029210002B7FF45FA954F8043B8F
:1043C000C8F810201E1203F07F035AF82330FFF7BD
:1043D0000EB955F8042C0120A5EB030BFEF714FFD2
:1043E000CBF80000DFE755F8081C11F0010F4FEA89
:1043F000860323D055F8042C12F0010F1ED0521062
:10440000B2EB610FA5EB0303B4BF042200221A60D4
:10441000C6F1010605EB86053B78A5EB0902921073
:10442000002B7FF42AA954F8043BC8F810201E1270
:1044300003F07F035AF82330FFF7D9B855F8042C5E
:104440000220A5EB030BFEF7DFFECBF80000DFE751
:1044500055F8043C042BA5EB86030CBF0022042274
:10446000C6F101061A6005EB86053B78A5EB09024B
:104470009210002B7FF401A954F8043BC8F81020D7
:104480001E1203F07F035AF82330FFF7B0B855F837
:10449000080CFEF715FF834655F8040CFEF710FFD5
:1044A0005844A5EB8603400040F0010018603B78BB
:1044B000C6F1010605EB8605002B7FF4DEA854F853
:1044C000043BA5EB09021E1203F07F0392105AF879
:1044D0002330C8F81020FFF78AB855F8080CFEF70B
:1044E000EFFE834655F8040CFEF7EAFEABEB000046
:1044F000A5EB8603400040F0010018603B78C6F150
:10450000010605EB8605002B7FF4B7A854F8043BA1
:10451000A5EB09021E1203F07F0392105AF8233014
:10452000C8F81020FFF763B855F8080CFEF7C8FE6E
:10453000834655F8040CFEF7C3FE00FB0BF0A5EB19
:104540008603400040F0010018603B78C6F1010688
:1045500005EB8605002B7FF490A854F8043BA5EBEF
:1045600009021E1203F07F0392105AF82330C8F894
:104570001020FFF73CB855F8040CFEF7A1FE834667
:10458000D0B91F233B70A5EB8603C6F10106186066
:1045900005EB86053B78A5EB09029210002B7FF412
:1045A0006CA854F8043BC8F810201E1203F07F03D7
:1045B0005AF82330FFF71BB855F8080CFEF780FEB9
:1045C00090FBFBF0400040F00100DCE7A5EB860B20
:1045D000DBF80000FEF774FE0090DBF80400FEF745
:1045E0006FFE009BC8B91F233B70C6F1010605EBA7
:1045F00086053B78CBF80000A5EB09029210002B52
:104600007FF43BA854F8043BC8F810201E1203F0B6
:104610007F035AF82330FEF7EABF80EAE072A2EB8C
:10462000E07293FBF2F002FB10300028B8BF801854
:10463000400040F00100D8E755F8040CFEF740FEBA
:10464000002855F8040C1DDDFEF73AFEA5EB8603A5
:10465000400040F00100C6F10106186005EB860538
:104660003B78A5EB09029210002B7FF406A854F8C2
:10467000043BC8F810201E1203F07F035AF82330C1
:10468000FEF7B5BFFEF71CFE4042DFE7012EA5EBAB
:10469000860B35D1DBF80000FEF712FE0028ACBF18
:1046A00001224FF0FF32824202DD134602461846D5
:1046B0000130831A0392009325F04AFC009B039A71
:1046C00090FBF3F101FB13031A445200C6F10106FB
:1046D00042F0010205EB86053B78CBF80020A5EB04
:1046E00009029210002B7EF4C8AF54F8043BC8F8BE
:1046F00010201E1203F07F035AF82330FEF777BF15
:10470000022E0AD1DBF80000FEF7DAFD0090DBF89C
:104710000400FEF7D5FD009AC5E764200122C7E733
:10472000A5EB860B3046594602F0A5FB3B78CBF84B
:104730000000C6F1010605EB8605002B7EF49DAF57
:1047400054F8043BA5EB09021E1203F07F039210FC
:104750005AF82330C8F81020FEF749BF55F8080C66
:10476000FEF7AEFD834655F8040CFEF7A9FD0BEAF3
:104770000000A5EB8603400040F0010018603B7884
:10478000C6F1010605EB8605002B7EF476AF54F8E2
:10479000043BA5EB09021E1203F07F0392105AF8A6
:1047A0002330C8F81020FEF722BF55F8080CFEF79A
:1047B00087FD834655F8040CFEF782FD4BEA0000A6
:1047C000A5EB8603400040F0010018603B78C6F17D
:1047D000010605EB8605002B7EF44FAF54F8043B31
:1047E000A5EB09021E1203F07F0392105AF8233042
:1047F000C8F81020FEF7FBBE55F8080CFEF760FD68
:10480000834655F8040CFEF75BFD8BEA0000A5EB30
:104810008603400040F0010018603B78C6F10106B5
:1048200005EB8605002B7EF428AF54F8043BA5EB7E
:1048300009021E1203F07F0392105AF82330C8F8C1
:104840001020FEF7D4BE55F8040CFEF739FDC04326
:10485000A5EB8603400040F0010018603B78C6F1EC
:10486000010605EB8605002B7EF407AF54F8043BE8
:10487000A5EB09021E1203F07F0392105AF82330B1
:10488000C8F81020FEF7B3BE55F8080CFEF718FD67
:10489000834655F8040CFEF713FD0BFA00F0A5EB68
:1048A0008603400040F0010018603B78C6F1010625
:1048B00005EB8605002B7EF4E0AE54F8043BA5EB37
:1048C00009021E1203F07F0392105AF82330C8F831
:1048D0001020FEF78CBE55F8080CFEF7F1FC83465D
:1048E00055F8040CFEF7ECFC4BFA00F0A5EB860340
:1048F000400040F0010018603B78C6F1010605EB6E
:104900008605002B7EF4B9AE54F8043BA5EB0902F2
:104910001E1203F07F0392105AF82330C8F81020BB
:10492000FEF765BE55F80C0CFEF7CAFC834655F839
:10493000080CFEF7C5FC8BFB002355F8040CCDE9F1
:104940000023FEF7BDFCDDE90023C0F1200CB0F12F
:10495000200103FA0CFC22FA00F040EA0C005CBFD4
:1049600043FA01F10843A5EB860E40003B7840F086
:104970000100C6F10106CEF8000005EB8605002B0C
:104980007EF47BAE54F8043BA5EB09021E1203F043
:104990007F0392105AF82330C8F81020FEF727BE84
:1049A000A5EB860B30465946FDF7D6F83B78CBF899
:1049B0000000C6F1010605EB8605002B7EF45DAE16
:1049C00054F8043BA5EB09021E1203F07F0392107A
:1049D0005AF82330C8F81020FEF709BEA5EB86056B
:1049E00029463046FDF7D2F83B78002B7EF445AEE1
:1049F00054F8043BA5EB09021E1203F07F0392104A
:104A00005AF82330C8F81020FEF7F1BDA5EB860B4D
:104A100030465946FDF7FEF83B78CBF80000C6F16A
:104A2000010605EB8605002B7EF427AE54F8043B07
:104A3000A5EB09021E1203F07F0392105AF82330EF
:104A4000C8F81020FEF7D3BDA5EB860529463046F1
:104A5000FDF786F93B78002B7EF40FAE54F8043B4B
:104A6000A5EB09021E1203F07F0392105AF82330BF
:104A7000C8F81020FEF7BBBDA5EB860B30465946A3
:104A8000FDF7FEF93B78CBF80000C6F1010605EB17
:104A90008605002B7EF4F1AD54F8043BA5EB09022A
:104AA0001E1203F07F0392105AF82330C8F810202A
:104AB000FEF79DBD55F8040C01F038FF55F8083C91
:104AC000D9072ED4042B0CD91B6803F00F03013B2C
:104AD000082B10D8DFE803F005252B270F0F0F0F49
:104AE0002900C44925F002FBA5EB860300280CBF72
:104AF000042200221A60C6F1010605EB86053B7808
:104B0000A5EB09029210002B7EF4B7AD54F8043BDC
:104B1000C8F810201E1203F07F035AF82330FEF766
:104B200066BDB549DEE7B549DCE7B549DAE7B54921
:104B3000D8E705F1040BABEB0906D82E03DD1A23E9
:104B40003B70FEF79ABD01F07BFC3B78400040F0E3
:104B500001002860B21013B15D46FEF78EBD54F817
:104B6000043BC8F810201E1203F07F035D465AF87C
:104B70002330FEF73CBD05F1040BABEB0906D82E44
:104B800003DD1A233B70FEF778BD01F051FC9E4B0C
:104B900003EA40003B7840F001002860B21013B1F6
:104BA0005D46FEF76ABD54F8043BC8F810201E129B
:104BB00003F07F035D465AF82330FEF718BD05F178
:104BC000040BABEB0903D82B03DD1A233B70FEF774
:104BD00054BD01F035FC8D4B1B6898423DBFC3F5B9
:104BE000830303F63713C018C01A40003B7840F027
:104BF0000100ABEB09022860921013B15D46FEF78D
:104C00003CBD54F8043BC8F810201E1203F07F038B
:104C10005D465AF82330FEF7EABC01F011FC7B4BED
:104C200018603B78A5EB8605002B7EF426AD54F882
:104C3000043BA5EB09021E1203F07F0392105AF801
:104C40002330C8F81020FEF7D2BC04F0ABF9B30053
:104C500090B9ED1A3B78A5EB09029210002B7EF477
:104C60000CAD54F8043BC8F810201E1203F07F036B
:104C70005AF82330FEF7BBBC3046EF1A644E0123CE
:104C80001A463946FEF7D6FB3068643003F0D8FE8A
:104C900000283EF4A6AF98F8012031685D4804F082
:104CA000D3F8012388F8003001F0C2FB5A4A336878
:104CB0001268063302FB0300C8F804003D46FEF705
:104CC000A9BC04F06FF9B10090B96D1A3B78A5EB5F
:104CD00009029210002B7EF4D0AC54F8043BC8F8C3
:104CE00010201E1203F07F035AF82330FEF77FBC1A
:104CF00030466F1A464E012300223946FEF79AFBD2
:104D00003068643003F09CFE00283EF46AAF4148EE
:104D100004F059F8C5E7FEF72FFCA5EB860B3B78AE
:104D2000CBF80000C6F1010605EB8605002B7EF4EA
:104D3000A4AC54F8043BA5EB09021E1203F07F0358
:104D400092105AF82330C8F81020FEF750BC3B7878
:104D5000A5EB8605002B7EF490AC54F8043BA5EB44
:104D600009021E1203F07F0392105AF82330C8F88C
:104D70001020FEF73CBC012E4FEA86021ADC1C23F1
:104D80003B70AA1A00231360C6F1010605EB8605E5
:104D90003B78A5EB09029210002B7EF46EAC54F820
:104DA000043BC8F810201E1203F07F035AF823308A
:104DB000FEF71DBC029B9945A5EB020202D355F8F4
:104DC000043CE0E755F8083C55F8041C5B10002B48
:104DD0000DDD029850F80C0CB3EB600F4FEA600C3D
:104DE000DFBFA3EB0C030299043B51F823101160C1
:104DF000CAE700BF3EAE020046AE02004DAE020062
:104E000054AE020059AE0200FEFFFF7F44120020A4
:104E100030120020100F002040000020A5EB860B70
:104E2000584601F045FB3B78CBF80000C6F101067F
:104E300005EB8605002B7EF420AC54F8043BA5EB73
:104E400009021E1203F07F0392105AF82330C8F8AB
:104E50001020FEF7CCBBA5EB860B584601F02AFBD1
:104E60003B78CBF80000C6F1010605EB8605002B68
:104E70007EF403AC54F8043BA5EB09021E1203F0C8
:104E80007F0392105AF82330C8F81020FEF7AFBB0A
:104E9000A5EB860B3046594601F0C2F93B78CBF8BA
:104EA0000000C6F1010605EB8605002B7EF4E5AB9C
:104EB00054F8043BA5EB09021E1203F07F03921085
:104EC0005AF82330C8F81020FEF791BBA5EB8605F1
:104ED000284601F0F1FA3B78002B7EF4CEAB54F873
:104EE000043BA5EB09021E1203F07F0392105AF84F
:104EF0002330C8F81020FEF77ABBA5EB860B3046AE
:104F0000594601F0C9F93B78CBF80000C6F101061B
:104F100005EB8605002B7EF4B0AB54F8043BA5EB03
:104F200009021E1203F07F0392105AF82330C8F8CA
:104F30001020FEF75CBBA5EB8605284601F0AEFB12
:104F40003B78002B7EF499AB54F8043BA5EB0902A7
:104F50001E1203F07F0392105AF82330C8F8102075
:104F6000FEF745BB0121304601F056FB3B78002B94
:104F70007EF483AB54F8043BA5EB09021E1203F048
:104F80007F0392105AF82330C8F81020FEF72FBB89
:104F90000021304601F040FB3B78002B7EF46DABE6
:104FA00054F8043BA5EB09021E1203F07F03921094
:104FB0005AF82330C8F81020FEF719BBA5EB860B72
:104FC000584601F0EBFA3B78CBF80000C6F1010639
:104FD00005EB8605002B7EF450AB54F8043BA5EBA3
:104FE00009021E1203F07F0392105AF82330C8F80A
:104FF0001020FEF7FCBAA5EB860B584601F0E2FA4A
:105000003B78CBF80000C6F1010605EB8605002BC6
:105010007EF433AB54F8043BA5EB09021E1203F0F7
:105020007F0392105AF82330C8F81020FEF7DFBA39
:10503000A5EB8605284601F093FA3B78002B7EF419
:105040001CAB54F8043BA5EB09021E1203F07F03CE
:1050500092105AF82330C8F81020FEF7C8BAA5EB12
:105060008605284604F018FE3B78002B7EF405AB3D
:1050700054F8043BA5EB09021E1203F07F039210C3
:105080005AF82330C8F81020FEF7B1BAA5EB860B0A
:10509000584604F011FF3B78CBF80000C6F101063A
:1050A00005EB8605002B7EF4E8AA54F8043BA5EB3B
:1050B00009021E1203F07F0392105AF82330C8F839
:1050C0001020FEF794BAA5EB8605284604F02EFDC5
:1050D0003B78002B7EF4D1AA54F8043BA5EB0902DF
:1050E0001E1203F07F0392105AF82330C8F81020E4
:1050F000FEF77DBAA5EB860B584604F035FD3B78EC
:10510000CBF80000C6F1010605EB8605002B7EF406
:10511000B4AA54F8043BA5EB09021E1203F07F0366
:1051200092105AF82330C8F81020FEF760BAA5EBA9
:1051300086052946304602F0A9F93B78002B7EF41B
:105140009CAA54F8043BA5EB09021E1203F07F034E
:1051500092105AF82330C8F81020FEF748BAA5EB91
:1051600086052946304601F0DDFF3B78002B7EF4B2
:1051700084AA54F8043BA5EB09021E1203F07F0336
:1051800092105AF82330C8F81020FEF730BAA5EB79
:1051900086052946304602F085F93B78002B7EF4DF
:1051A0006CAA54F8043BA5EB09021E1203F07F031E
:1051B00092105AF82330C8F81020FEF718BAA5EB61
:1051C00086052946304602F08BF93B78002B7EF4A9
:1051D00054AA54F8043BA5EB09021E1203F07F0306
:1051E00092105AF82330C8F81020FEF700BAA5EB49
:1051F000860B3046594604F07BFF3B78CBF8000025
:10520000C6F1010605EB8605002B7EF436AA54F89C
:10521000043BA5EB09021E1203F07F0392105AF81B
:105220002330C8F81020FEF7E2B9A5EB860B304614
:10523000594604F065FF3B78CBF80000C6F1010643
:1052400005EB8605002B7EF418AA54F8043BA5EB69
:1052500009021E1203F07F0392105AF82330C8F897
:105260001020FEF7C4B9A5EB860B3046594604F072
:105270004FFF3B78CBF80000C6F1010605EB860531
:10528000002B7EF4FAA954F8043BA5EB09021E1288
:1052900003F07F0392105AF82330C8F81020FEF76D
:1052A000A6B9A5EB860B3046594604F015FB3B78B2
:1052B000CBF80000C6F1010605EB8605002B7EF455
:1052C000DCA954F8043BA5EB09021E1203F07F038E
:1052D00092105AF82330C8F81020FEF788B9A5EBD1
:1052E00086052946304602F0A5F93B78002B7EF46E
:1052F000C4A954F8043BA5EB09021E1203F07F0376
:1053000092105AF82330C8F81020FEF770B9A5EBB8
:1053100086052946304602F039F93B78002B7EF4A9
:10532000ACA954F8043BA5EB09021E1203F07F035D
:1053300092105AF82330C8F81020FEF758B9A5EBA0
:10534000860B3046594602F0E9F83B78CBF800006E
:10535000C6F1010605EB8605002B7EF48EA954F8F4
:10536000043BA5EB09021E1203F07F0392105AF8CA
:105370002330C8F81020FEF73AB9A5EB8605294678
:10538000304602F029F83B78002B7EF476A954F8D9
:10539000043BA5EB09021E1203F07F0392105AF89A
:1053A0002330C8F81020FEF722B9A5EB860528683F
:1053B000FDF786FF1728834614DCA8B100232B6075
:1053C0003B78A5EB09029210002B7EF456A954F805
:1053D000043BC8F810201E1203F07F035AF8233054
:1053E000FEF705B97828E9DC0C229BFBF2F3591F84
:1053F00002FB13B3C04A002952F8233042DD0022D9
:10540000013291424FEA4303FADC68680093FDF7EA
:1054100057FF064603F00EFB032296FBF2F202EB67
:10542000420296424FF03C020CBF42F228314FF448
:105430007A6191FBF6F6564396FBF0F6092E009B37
:10544000BCDDBBF1000F17D04FF47A7BB3FBFBF34D
:105450005B004FF0FF3243F0010305A902200592E3
:10546000069300F093FEA54B01221A6000F0E0FFC6
:10547000A34B0BFB06001860A24B1E60FF233B7082
:1054800004239CE7C1D00022013A91424FEA530322
:10549000FADBBAE7A5EB86052868FDF711FF44F6AD
:1054A0000C62A0F11401914213D900232B603B78C8
:1054B000A5EB09029210002B7EF4DFA854F8043B00
:1054C000C8F810201E1203F07F035AF82330FEF7AD
:1054D0008EB800906868FDF7F3FE09280646E4DD03
:1054E000009B580040F001004FF0FF3B069005A9DB
:1054F0000220CDF814B000F049FE804B01221A6062
:1055000000F096FF4FF47A7303FB06007C4B87F89C
:1055100000B018607B4B1E600423C7E7A5EB86052F
:105520002868C20706D4042804D9036803F00F03CF
:10553000042B15D00E233B7000232B603B78A5EB8A
:1055400009029210002B7EF498A854F8043BC8F886
:1055500010201E1203F07F035AF82330FEF747B8DD
:1055600001F0E4F90678A6F14103052B23D81E4685
:10557000731CE1D0A868FDF7A3FE42F210739842B5
:105580008346D9DC2B68059305A96B680693022036
:10559000FCF7D8FEBBF1090F5B4A10DC002342F890
:1055A00026305A4A012342F82630564A1360FF2318
:1055B0003B700423C1E7613E052ED9D9BCE7012326
:1055C00042F8263000F034FF4FF47A7202FB0B00F1
:1055D0004F4A42F826004D4A012342F82630494BF3
:1055E000C3F800B0E3E7A5EB86052868C60706D434
:1055F000042804D9036803F00F03042B15D00E23ED
:105600003B7000232B603B78A5EB09029210002B26
:105610007EF433A854F8043BC8F810201E1203F09F
:105620007F035AF82330FDF7E2BF01F07FF90678D7
:10563000A6F14103052B24D81E46711CE1D0A868B1
:10564000FDF73EFE42F2107398428346D9DC2B6888
:10565000059305A96B6806930220FCF7B9FEBBF120
:10566000090F294B11DC002243F82620274B022288
:1056700043F82620234A01231360FF233B700423B1
:10568000C0E7613E052ED8D9BBE7012243F82620AA
:1056900000F0CEFE4FF47A7303FB0B001C4B43F873
:1056A00026001A4B022243F82620164BC3F800B0FE
:1056B000E3E7A5EB86052868C20706D4042804D9C9
:1056C000036803F00F03042B24D00E233B70002348
:1056D0002B603B78A5EB09029210002B7DF4CDAF37
:1056E00054F8043BC8F810201E1203F07F035AF848
:1056F0002330FDF77CBF00BF08B50200C00E0020BC
:10570000BC0E002038120020C80E0020F80E002029
:10571000E00E002001F00AF90678A6F14103052BFE
:1057200024D81E46731CD2D0A868FDF7C9FD42F2EA
:10573000107398428346CADC2B68059305A96B68F1
:1057400006930220FCF7B0FDBBF1090FB14B11DC51
:10575000002243F82620B04B032243F82620AF4A0C
:1057600001231360FF233B700423B1E7613E052E44
:10577000D8D9ACE7012243F8262000F059FE4FF4B7
:105780007A7303FB0B00A64B43F82600A24B0322BF
:1057900043F82620A14BC3F800B0E3E7A5EB86054C
:1057A0002868C60706D4042804D9036803F00F0349
:1057B000042B15D00E233B7000232B603B78A5EB08
:1057C00009029210002B7DF458AF54F8043BC8F83E
:1057D00010201E1203F07F035AF82330FDF707BF95
:1057E00001F0A4F80678A6F14103052B27D81E4640
:1057F000711CE1D02869FDF763FD42F210739842F5
:105800008346D9DC2B6805936B680693AB680793D6
:1058100005A9EB6808930420FCF734FEBBF1090FDF
:105820007C4B10DC002243F826207B4A7B49042372
:1058300042F8263001220A60FF223A70BDE7613E3D
:10584000052ED5D9B8E7012243F8262000F0F0FD57
:105850004FF47A7303FB0B00714B6F4A43F8260039
:10586000042342F826306D4AC2F800B0E4E7A5EB05
:105870008605286810F0010B06D1042804D90368B6
:1058800003F00F03042B03D00E233B70002325E00D
:1058900001F04CF80678A6F14103052B31D81E46DD
:1058A000721CF3D02B6805936B680693AB68079363
:1058B000EB68089305A92B6909930520FCF78EFE78
:1058C000544B002243F82620534B052243F8262050
:1058D000524A01231360FF233B7004232B603B7863
:1058E000A5EB09029210002B7DF4C7AE54F8043BDF
:1058F000C8F810201E1203F07F035AF82330FDF77A
:1059000076BE613E052ECBD9C0E7464B00221A6019
:10591000454A0523642013601EF0EBFCA5EB8605C9
:10592000424E83463060B0B9414803F04FFB3B78AC
:10593000C5F800B0A5EB09029210002B7DF49DAED6
:1059400054F8043BC8F810201E1203F07F035AF8E5
:105950002330FDF74CBE2A68D30736D5354952109F
:105960001FF00CFED6F800B0334E584624F0D0FBA2
:1059700001213060584601F05FFA05A90590012029
:1059800001F0CCFD284B05901B685B0043F0010340
:10599000032005A90693079001F0F8FD274B01228B
:1059A0001A6000F045FD264B326800F5C330A03088
:1059B00018604FF4FA735343184A03F5C873136021
:1059C000FF233B704FF0040BB1E7104600F0AEFF31
:1059D0003060C7E7002E40F3A480104A55F804BC9D
:1059E0004FF0FF33012E13603B702BD11BF0010FE2
:1059F00035D1BBF1040F32D9DBF8002002F00F02E1
:105A0000042A2CD1584600F091FFFDF77FFC034695
:105A100025E000BFC80E0020F80E0020381200203C
:105A2000E00E0020B40E002048000020587F002027
:105A3000D6B20200FBB20200401200203C1200204D
:105A4000C40E0020022E0AD155F8080CC10706D456
:105A5000042804D9026802F00F02042AD3D05A1C89
:105A6000A5EB86055DD0022E3ED11BF0010F34D18F
:105A7000BBF1040F31D9DBF8002002F00F02092A34
:105A80002BD1DBF804002E1FC0F347000121814217
:105A90001DDD05EB8005A5EB09029210C8F810206A
:105AA00023F0FF0212F5807F20D11E02B6B206431A
:105AB00041483312C6F3072C009300EBCC031B794B
:105AC000032B3EF42EA802233B70FDF7D6BD013117
:105AD0005BF8212046F8042FD9E70B233B70002305
:105AE00045F8043BFDF7C9BD0020D4E7A5EB8005D0
:105AF00029469847314B00221A6045F8040B3B7841
:105B0000A5EB09029210002B7DF4B7AD54F8043BCD
:105B1000C8F810201E1203F07F035AF82330FDF757
:105B200066BD002345F8043B3B78A5EB09029210C3
:105B3000002B7DF4A2AD54F8043BC8F810201E12CF
:105B400003F07F035AF82330FDF751BDA5EB86051E
:105B50002946304603F060FA3B78002B7DF48DAD8A
:105B600054F8043BA5EB09021E1203F07F039210C8
:105B70005AF82330C8F81020FDF739BDA5EB860B85
:105B80003046594603F048FA3B78CBF80000C6F19E
:105B9000010605EB8605002B7DF46FAD54F8043B40
:105BA000A5EB09021E1203F07F0392105AF823306E
:105BB000C8F81020FDF71BBD60770020081C0020EE
:105BC0002DE9F04F8DB000F033FC00901CF02EFF5B
:105BD000C14CC24D01904FF0FF330793322644F081
:105BE0000104FCF7C5FD2846A047013EF9D1FF2579
:105BF0006424029633465A1E002B039280F2E480FE
:105C00001CF014FF019BC01AB0F5FA7F0CD9FDF708
:105C1000EBF948B105A8FCF7FBFA082105A803F049
:105C2000E9FB1CF003FF0190FDF7DEF9002800F00E
:105C3000F080002E40F0ED801CF0F8FE04461CF0D1
:105C4000F5FEA0F5FA73019302F0E6FE02F08CFE79
:105C500001261CF0EBFE001BC82840F26B811CF0F3
:105C6000E5FE40F29323044607A90220089300F0C2
:105C70008DFA0125DFF89082D8F8003073B100F07A
:105C8000D7FB974B1B68984208D9012307A902202C
:105C9000089300F07BFA0023C8F80030914FDFF83A
:105CA0006CA2B9464FF0000B59F8041B99B100F0F3
:105CB000BFFB5AF82B1088420DD98B4B53F82B1091
:105CC000012905D00239022905D85846FCF7E0FA27
:105CD000002349F8043C0BF1010BBBF1060FE3D1A3
:105CE000DFF81492D9F80030012B18D100F0A0FB96
:105CF0007E4B1B68984212D97D4ADFF814A21068C7
:105D00007C4ADAF8003012689342C0F243811EF0F8
:105D1000F6FA002009A9C9F8000001F003FA00F022
:105D200087FB009B98422FD2029B0133032B0293E7
:105D300001DDFCF7E5FE00F07BFB00901CF076FE39
:105D40006D4B01901B681BB100F072FB674B186034
:105D5000FF2D02D01CF06AFE0446D8F800301BB1BB
:105D600000F066FB5E4B1860DFF8A0914FF0000872
:105D700057F8043B1BB100F05BFB49F8280008F121
:105D80000108B8F1060FF3D100F052FB009BC01AD6
:105D900041F28833984204D9FCF7EAFC00F048FB52
:105DA000009001F0BDFC03F03DFA00F041FB4C4BCC
:105DB0001B6803F5C333A033984201D902F0DCFD20
:105DC00003F042FB19230393002080464B4B1A68D3
:105DD00042451CDD4A494B4F0B6801339342A9BF32
:105DE000474A0B6000231360454BD3F80090F02323
:105DF00003FB09F307EB030BFB5CBA46002B00F037
:105E00003481022B40F018815846FDF7CBFB039BF1
:105E1000F1E6FDF7E9F80746F0B9EEB11CF006FE31
:105E200040F29743044607A90220089300F0AEF918
:105E30000A253E461CF0FAFD001B64287FF61AAFC7
:105E40001CF0F4FD40F2DD33044607A9022008935C
:105E50000B2500F09BF90DE7002D3FF4FAAE012D64
:105E600011D11CF0E3FD001B64287FF603AF1CF08A
:105E7000DDFD40F21743044607A9022008930225DE
:105E800000F084F9F6E6022D11D11CF0CFFD001BC5
:105E900064287FF6EFAE1CF0C9FD40F2974304463C
:105EA00007A928460893032500F070F9E2E6032DC0
:105EB00030D11CF0BBFD001B64287FF6DBAE1CF06C
:105EC000B5FD40F2C953044607A9022008930425F2
:105ED00000F05CF9CEE600BF00B3020000C4090088
:105EE000BC0E0020C80E0020F80E0020C40E0020BA
:105EF000587F0020401200203C1200203412002065
:105F00003C000020D86D0020C00E0020E00E0020D4
:105F1000B40E0020042D0FD11CF088FD001B642856
:105F20007FF6A8AE012307A902200893FF2500F001
:105F30002DF99FE600259DE60A2D3FF47BAF0B2D42
:105F400011D11CF073FD001B64287FF693AE1CF08A
:105F50006DFD40F21133044607A9022008930C2579
:105F600000F014F986E60C2D11D11CF05FFD001B2A
:105F700064287FF67FAE1CF059FD40F20D230446E5
:105F800007A9022008930D2500F000F972E60D2DF7
:105F9000C2D06FE6364ADFF8D8B0116801F1FF3C95
:105FA000043104BF0133CAF80030DAF8003012BF00
:105FB000C2F800C0002111601844012100F03CFF2C
:105FC00009A90990012001F0A9FADBF80030099035
:105FD0004FF003095B0043F0010309A948460A9307
:105FE000CDF82C9001F0D2FA224BDAF800001B68B1
:105FF000013B834218DD204B1B680130184401210E
:1060000000F01AFF09A90990012001F087FADBF8D6
:106010000030099005335B0043F0010309A94846AD
:10602000CDE90A3901F0B2FA00F002FA134B00F59B
:10603000C330A030186072E6012B0ED108B900F011
:10604000F7F9F02303FB09F39A440D49DAF8042029
:10605000821A8A423CBF0222FA54F02303FB09F958
:1060600017F80930022B3FF4CFAE08F10108ADE676
:106070004800002040120020587F0020C40E00205D
:106080008096980020B1034B800143F0010318472C
:10609000704700BF20B602000A4B4FF400721A602E
:1060A000094B01211964D3F840250532C3F848256E
:1060B000C3F84C254FF44022C3F80423034B197056
:1060C000704700BF00E100E0009000408B1200200C
:1060D00004207047F8B5D1E9003513F0010031D044
:1060E00015F001002ED0392B4FEA630444D8234F1A
:1060F0006D1041F288363B5DAE42A8BF2E46012BA3
:1061000005D0012120461FF041FE01233B551C4BC9
:106110001B780BB9FFF7C0FF002D1A4B13DC1A498F
:10612000002240F2DC50FF2513F8016BB44208BF97
:1061300021F8120002F1010208BF03F8015C082AED
:10614000F2D10420F8BD19461846002210F8015B70
:10615000AC4203D10C4B23F81260F2E70132082A5B
:10616000F4D1002211F8010BFF2801D19C54F1E772
:106170000132082AF6D1E4E70020E3E76C120020A0
:106180008B120020640000204E00002070B5D1E981
:10619000003513F0010020D015F001001DD0392B7F
:1061A0004FEA6304174E88BF1B24335D012B05D0D3
:1061B000012120461FF0EAFD01233355124B6D10DB
:1061C000A5F110029A42114B08D94FF0FF3200217D
:1061D00020461A601FF018FE042070BD1C600C4B96
:1061E0000C4890FBF5F018800B4B1B780BB9FFF7B0
:1061F00053FF0A4B01229A64D3F848251044C3F890
:106200004805E9E76C12002090860100600000203C
:106210004C00002020A107008B12002000900040BD
:106220000B68DA0773B505460C4604D40D20FDF75C
:106230007BF9012007E05B10062B06D103F0A6FCDA
:10624000400040F0010002B070BD0A2B1DD01D2B94
:10625000F4D0062BEDD80E4A0E4E52F82300335CD4
:1062600033B1002101901FF091FD019800233354B8
:10627000012D07DD6368042B04D1022101901FF07A
:1062800085FD01981FF07CFCDAE70523E3E700BFFA
:1062900004B602006C1200200B68DA0770B504D453
:1062A0000D20FDF741F9012070BD392B4FEA630441
:1062B00014D8012814DD4B68042B14BF00250225D7
:1062C000094E335DAB4204D0294620461FF05EFDE7
:1062D000355520461FF0BCFD012803D00020E3E720
:1062E0000025EDE70420DFE76C12002007B510F071
:1062F000010104D04110084603B05DF804FB0428F6
:1063000013D9026802F00F02042A09D1019100F0AA
:106310000DFB01990A2203B05DF804EB23F0B0BF36
:10632000032A02D10A220430F5E70D200191FDF77E
:10633000FBF80199DFE700000228F8B50D4604DC00
:10634000BDE8F8401C20FDF7EFB80868FFF7CEFF66
:1063500006466868FFF7CAFF0446A868FFF7C6FF4D
:106360001C2C05465BD82F4F3B5D012B05D001212E
:1063700020461FF00BFD01233B55002120461FF056
:1063800043FD294B93FBF5F5013D2846FFF77AFEC7
:1063900006F0010120461FF037FD2846FFF772FE88
:1063A000C6F3400120461FF02FFD2846FFF76AFE86
:1063B000C6F3800120461FF027FD2846FFF762FE46
:1063C000C6F3C00120461FF01FFD2846FFF75AFE06
:1063D000C6F3001120461FF017FD2846FFF752FEB6
:1063E000C6F3401120461FF00FFD2846FFF74AFE76
:1063F000C6F3801120461FF007FD2846FFF742FE36
:10640000C6F3C01120461FF0FFFC2846FFF73AFEF6
:10641000204601211FF0F8FC2846FFF733FE00203C
:10642000F8BD00BF6C12002040420F0004207047EE
:10643000024B01221A64D3F84005704700900040D7
:10644000044B01221A64D3F840054FF47A73B0FB71
:10645000F3F07047009000400048704738B50200E4
:106460001D20704770B5054E335C8B4204460D46C7
:1064700002D01FF08BFC355570BD00BF6C120020A0
:1064800070B50024094D264615F8013B012B09D1B2
:10649000002120461FF0B8FC002120461FF076FCAA
:1064A00005F8016C01341D2CEED170BD6C1200207A
:1064B0000F2070473B2070470368D90770B502D59D
:1064C0004668F20704D4BDE870400D20FDF72CB8F3
:1064D000392B4FEA630432D8194D2B5D012B18D0AC
:1064E000012120461FF052FC01231B2C2B5510D1FB
:1064F000144BDA6E144B202AB8BF4FF0A04302F0C1
:106500001F0203EB8203D3F8002742F44072C3F862
:1065100000270E4BD3F8082132B1D3F81821002AF6
:10652000FBD00022C3F81821A6F34A0189102046A7
:106530001FF0DAFB2B5D012B04BF054A135570BD1C
:106540006C120020B4AC02000003005000C00140F7
:106550004812002008B50846FFF7AEFF002008BD2E
:1065600038B50A4D6B7B012B044605D001210D2067
:106570001FF00CFC01236B7321680B1F594259411A
:106580000D20BDE838401FF03FBC00BF6C1200205A
:1065900008B50846FFF7E4FF002008BD10B5084C19
:1065A00063792BB1002105201FF0F0FB00236371FC
:1065B00005201FF04DFC00280CBF0420002010BD5A
:1065C0006C12002010B5084CE37A2BB100210B208F
:1065D0001FF0DCFB0023E3720B201FF039FC0028C6
:1065E0000CBF0420002010BD6C1200200748084991
:1065F000084A012343604B6053600023C0F8003514
:10660000C1F80035C2F80035704700BF00C0014036
:1066100000100240002002401C2870B504460D46C0
:1066200032D81A4E335C012B04D001211FF0AEFB8F
:10663000012333551C2C12D1FFF7D8FF144B1A6FCE
:10664000144B202AB8BF4FF0A04302F01F0203EB07
:106650008203D3F8002742F44072C3F800270E4BA0
:106660001B5D4BB1002D40F2FF31204608BF0021D9
:10667000BDE870401FF038BB291E204618BF01211D
:10668000BDE870401FF0C0BB70BD00BF6C120020A1
:10669000B4AC020000030050481200200368D90780
:1066A00002D40D20FCF740BF41680A1F51425141FE
:1066B0005810FFF7B1BF08B50846FFF7EFFF0020FD
:1066C00008BD0000F8B5324CD4F84831ABB1002316
:1066D000D4F84855C4F848312E4B186800280CDB14
:1066E0002D4A1178B1FA81F1490911701FF08CFB24
:1066F0002A4B1B882B44C4F84835254BD3F84C2132
:10670000002A37D0264ED3F84C45264D0021C3F839
:106710004C11337833B12B68072B03D8224AD05C55
:106720001FF072FB2B68204F01335A4202F0070220
:1067300003F0070358BF53422B600022082B194671
:1067400019D00133F81810F8010CFF2801D10122EB
:10675000F4E702B1296001211FF056FB01232A68EA
:106760003370124B33F8122004F10C031344084A1F
:10677000C2F84C35F8BD4FF0FF33054A2B6004F5E5
:106780008C4400235C343370C2F84C45F2E700BF00
:1067900000900040600000208A1200204C00002081
:1067A0008912002068120020640000204E000020A2
:1067B0000849094A10B50823FF2440F2DC50013B88
:1067C00001F8014B22F8020BF9D1044A1370044A74
:1067D000136010BD640000204E00002089120020CC
:1067E00068120020024B4FF0FF321A60704700BF62
:1067F00060000020024A03480A2101F0F1BF00BFF7
:10680000B4B5020025BC020038B54FF4E131274889
:106810001BF0A2FE264B012200211A61C3F80415C9
:106820000321C3F808150421C3F810151A604FF0AE
:1068300080430221C3F818159A604FF01023D3F853
:106840000C32DB070FD51B4BC3F80425D3F800240B
:10685000002AFBD04FF010226FF00101C2F80C1299
:106860000022C3F8042508201FF072F9124A002301
:10687000FF2101331D2B02F8011BFAD10F4B104DE4
:1068800001221A6000200F4A042301461468002CDC
:10689000FCD02C681160013B44EA0020F6D10A4B81
:1068A00001221A60BDE838401BF0BEBFE05A00204C
:1068B0000090004000E001406C12002000D0004039
:1068C00008D5004000D1004004D00040C3070CD4DC
:1068D000064B1B68984208D3054B1B68984204D8A6
:1068E00050F8043C002B18BF184670479412002043
:1068F00090120020044B1B681868C0F30F10023878
:1069000020EAE070704700BF8C12002000B59BB0F9
:106910000246054901A81EF031FE01A802F056FB0F
:1069200002F092FDFCE700BF26B60200C30713D4B5
:10693000042802D812D00B487047036803F00F03F5
:10694000042B01D104307047092B09D0064A0748AF
:10695000032B08BF1046704705487047054870472D
:10696000054870478FB2020051B6020037B60200E8
:1069700040B6020095B202004AB6020000B59BB0D4
:1069800002460B4601A804491EF0F8FD01A802F0DA
:106990001DFB1BB05DF804FB5DB60200074B002039
:1069A00003F66C111A6843F8040CC2F30F1202329A
:1069B00003EB82038B42F5D3704700BF9C1200208B
:1069C000324B334A1868334B2DE9F0411C6802F60C
:1069D0006C1513681F0730D41368C3F30F13023309
:1069E00002EB8302AA42F4D32B4900220868FFF786
:1069F0006DFF0132642A41F8040BF7D127490A22BE
:106A00000868FFF763FF013A41F8040BF8D1244A04
:106A10001068FFF75BFF1060224A106810B1FFF7A3
:106A200055FF1060204B21491E6800240F464FF08F
:106A30003C08B44214DBBDE8F081C3F30F1302EB52
:106A400083039342C8D01968CE0707D4884205D281
:106A50008C4203D351F8041C01B11960043BF0E7E8
:106A60000B7813B90134F031E3E70A69551E08FBCE
:106A70000422053207EB8202002DF3DB1068FFF7DA
:106A800025FF013D42F80409F6E700BF94120020FB
:106A90009C120020901200205C7F0020387700209C
:106AA00044000020081C002034120020D86D002073
:106AB000C307F0B53ED4204B1C68A0423AD31F4B0D
:106AC0001D68A84236D850F8043C9BBB03680246B8
:106AD000C3F30F13012673B9904242F8046C29D016
:106AE000116851F8043C51F82370176041F82320D5
:106AF000013B0A46EFE752F82310CF0702EB830C65
:106B000016D48C4214D88D4212D351F8047C7FB92C
:106B10000F6817F0080F08D0CCF8007042F8043C5A
:106B20000B680A60C3F30F13E3E741F8046CD2E784
:106B3000013BD0E7F0BD00BF94120020901200206E
:106B40000D4A30B5134602F66C14196853F8045C0C
:106B5000C1F30F11881C65B1934214BF1146002187
:106B600043F8041C02EB800203EB8003A342ECD346
:106B700030BD09011960F7E79C120020154B2DE983
:106B8000F0411D464FF0000803F66C142A68C2F36A
:106B90000F1712070FD09D4207F1010605D01846C6
:106BA000B200294623F040F9034603EB8602134660
:106BB0000433C2F80080023705EB8705A542E5D310
:106BC000E41AA410044A013C24011C601360BDE8CF
:106BD000F08100BF9C1200208C1200202DE9F041B2
:106BE0009AB002F01FFC00F09BFDFFF721FC284D3E
:106BF0000646002455F8040B0134FFF759FF642CB6
:106C0000F8D1244D002455F8040B0134FFF750FF50
:106C10000A2CF8D1204B1868FFF74AFF1F4B186861
:106C200008B1FFF745FF1E4DDFF880800027D8F838
:106C300000309F421CDBFFF783FFFFF7C1FEFFF729
:106C40009DFFFFF7F5FB174B17491B681B68C3F344
:106C50000F13821B023B01A81EF090FC01A802F05A
:106C6000B5F902F0DFFB00F05BFD1AB0BDE8F08182
:106C700015F8183C13B90137F035D8E755F8084C2A
:106C8000013C002CF7DB55F82400FFF711FFF7E774
:106C90005C7F00203877002044000020081C002082
:106CA000F06D00208C12002064B602003412002027
:106CB0002DE9F8431C4C23681B6801F10109C3F35B
:106CC0000F13994505460F461646A0460CDBFFF705
:106CD00085FF23681B68C3F30F13994504DBBDE8E8
:106CE000F8430A20FCF720BCBC1CD8F800001B1B92
:106CF0001B0140F82430002340F8043C05F00F034A
:106D000043EA0717034600EB840243F8047B03EBD6
:106D10008404C8F80020083CA34201D3BDE8F883EE
:106D200043F8046BF8E700BF8C120020124938B515
:106D3000012200230133642B41F8042BFAD10F4BBD
:106D40000F4D1A600F4B4FF417621846002123F0C5
:106D500085F842F2A05340F8043F0B4B0024186022
:106D6000002202210920FFF7A3FF01340A2C45F875
:106D7000040BF5D138BD00BF5C7F0020440000202B
:106D800038770020981200208C120020044A054B0E
:106D90001360054A03F517631360FFF7C7BF00BF11
:106DA000941200209812002090120020F8B510F0E4
:106DB000010704460E462CD1174B1B68834228D886
:106DC000164B1B68834224D9154D286000680122A8
:106DD00000F00F00FFF76CFF2C682F600546C0B174
:106DE0002146043051F8042BC2F30F12B242A8BF5F
:106DF0003246920023F00AF8FFF7D0FD44F8045C15
:106E0000FFF7DEFD2268074B44F8047C1340236043
:106E10002C462046F8BD00BF94120020901200209E
:106E2000081C0020F0FF0F00011D48BFC11D0022FB
:106E300089100420FFF73CBF38B5054608460C46CC
:106E4000FFF7F2FF48B1C21C0023A34206DB002C6F
:106E5000ACBF0419041C0023237138BDE95C02F89F
:106E6000011F0133F1E708B502F09CF8002814BFB8
:106E70000420002008BD086808B5C30706D404280C
:106E800004D9036803F00F03042B04D00E20BDE8DF
:106E90000840FCF749BBFFF749FD0378232B08BFE7
:106EA00001301022002123F0EBF900F10053B3F17F
:106EB000804F01D31420EAE7400040F0010008BDF4
:106EC00007B510F0010104D04110084603B05DF889
:106ED00004FB042813D9026802F00F02042A09D126
:106EE0000191FFF723FD01990A2203B05DF804EB3D
:106EF00023F0C6B9032A02D10A220430F5E70D2097
:106F00000191FCF711FB0199DFE7000008B5086863
:106F1000FFF7D6FF22F038F941EC100B1FF0BEFC52
:106F2000084B002251EC100B22F098F941EC100BA9
:106F30001FF038FB51EC100B22F040FC400040F0F9
:106F4000010008BD00408F4008B50868FFF7B8FF92
:106F500007EE900A9FED0F7AF8EEE77A67EE877AF0
:106F600017EE900A22F022F941EC100B1FF068FB9B
:106F7000094B002251EC100B22F070F941EC100B80
:106F80001FF010FB51EC100B22F018FC400040F0F9
:106F9000010008BDD30237390000D04004282DE994
:106FA000F0410C4604DC1C20BDE8F041FCF7BCBA03
:106FB0000868FFF785FF07466068FFF781FF064610
:106FC000A068FFF77DFF0546E068FFF779FF804680
:106FD0002069FFF775FFAE4201D11F20E4E7BB1B1C
:106FE000A0EB08025A43AB1B92FBF3F303EB080040
:106FF000400040F00100BDE8F0810000000000000A
:1070000010B501282DED028B06DC1C20BDEC028B97
:10701000BDE81040FCF788BA0868C20702D54C6882
:10702000E30701D40D20F1E7401022F0ADF841EC68
:10703000180B601022F0A8F8B0EE481AF0EE681AAB
:1070400041EC100B1FF054FB0DA3D3E9002351ECCE
:10705000100B22F003F90CA3D3E9002322F028FA45
:1070600041EC100B1FF09EFA51EC100B22F0A6FB26
:10707000BDEC028B400040F0010010BDAFF300807A
:10708000000000000094D140182D4454FB21094019
:107090000128D0B50C4604DCBDE8D0401C20FCF72C
:1070A00043BA4868401022F06FF806462068401046
:1070B0000F4622F069F802460B463046394622F068
:1070C000F7F99FED0D1B41EC100B1FF015FB0E495E
:1070D00053EC102B002021F009FF09A3D3E9002372
:1070E00022F0BCF8094B002222F0B8F822F066FB2F
:1070F000400040F00100D0BD6C45D9CC955BC83F45
:107100000000000040A5E5400000F03F00408F4037
:10711000024A0348082101F063BB00BFDCB602004D
:1071200084B60200014B0020186070472C1C002020
:10713000034B01221A60034B1868904010437047BC
:10714000301C00200C1C00202DE9F043EFF31084CC
:10715000012304F0010483F31088164A16491268CB
:107160000E68013A9340154A1568154A12684FF0A7
:1071700002094FF00E0C4FF00D0E4FF00608A3B1B0
:1071800018422A600AD0774639000139FDDC3260A6
:10719000474639000139FDDC5B08F0E74F4639000E
:1071A0000139FDDC32606746F3E784F31088BDE8FF
:1071B000F08300BF6C000020141C0020181C00206D
:1071C000201C002070B5084E084D002456F8040B12
:1071D0000021FFF747F9013455F8040B0021FFF7B0
:1071E00041F9052CF2D170BDA4B70200F8BA020033
:1071F0002DE9F843154E164D164FDFF85C8000243C
:1072000056F8040B0021FFF72DF955F8049B0121D6
:107210004846FFF727F9B9F1220F11D857F829206E
:10722000202AB8BF4FF0A04302F01F02A8BF434678
:1072300003EB8203D3F8002742F44072C3F800271F
:107240000134052CDCD1BDE8F88300BFA4B70200EF
:10725000F8BA0200B4AC020000030050F0B53D4D96
:107260003D4B2C681A889B7885B0ADF80C208DF8C2
:107270000E30002C37D1FFF7A5FF384F264657F8C0
:10728000040B01900121FFF7EDF801360198002170
:107290001EF0BAFD052EF2D103AE002716F8010B41
:1072A00001900121FFF7DEF80137019801211EF05E
:1072B000ABFD032FF2D19DF80C000021FFF7D2F8AF
:1072C0009DF80D000021FFF7CDF89DF80E0000217C
:1072D000FFF7C8F801232B60FFF7AAF8204B1860CE
:1072E000204605B0F0BD1E4B1C68FFF7A1F8844294
:1072F00098BF001BB0F57A6F29DB02201EF02EFC30
:1073000004201EF03DFC044603201EF039FC074615
:107310000A201EF035FC064601201EF01FFC3C44EE
:1073200001201EF02DFCA019C0F532600230831C34
:107330000C4BB5BF002203221A6090FBF2F00A4A00
:10734000A8BF186000232B6013600124C8E7002445
:10735000C6E700BF281C00201CB70200F8BA0200D4
:10736000341C00200C1C0020301C002010B5041E12
:107370001DDA00241049114B114A0B6004331360CD
:10738000104B53F824301F2B81BF0F4808600F4962
:10739000116003F01F024FF0010303FA02F398BFDC
:1073A0000B490C4A88BF0C3113600B6010BDFFF70E
:1073B00057F8A042DDDDDDE7181C0020080500506D
:1073C000141C0020B4AC0200080800500C08005047
:1073D00018050050201C00200246086808B5C307A5
:1073E0004CBF40104FF0FF30012A0ADD4B68042BE0
:1073F00014BF18232023044A1360FFF7B7FF0020AF
:1074000008BD1823F7E700BF6C000020002808B56E
:107410000CDD0B68042B084B14BF012200221A60FC
:1074200006D0FFF7CFFE054B00221A60002008BDF2
:10743000FFF7DEFEFAE700BF241C00200C1C002032
:1074400007B510F0010104D04110084603B05DF803
:1074500004FB042813D9026802F00F02042A09D1A0
:107460000191FFF763FA01990A2203B05DF804EB7A
:1074700022F006BF032A02D10A220430F5E70D20CC
:107480000191FCF751F80199DFE70000086808B5A1
:10749000C30703D5FFF7D4FF014B1860002008BDD8
:1074A0002C1C002038B508680D46FFF7C9FF0446BC
:1074B0006868FFF7C5FF621E042A0CD8013804284B
:1074C00009D8064900EB80039818012303FA00F05D
:1074D0000B6818430860002038BD00BF2C1C00203A
:1074E00038B508680D46FFF7ABFF04466868FFF73C
:1074F000A7FF621E042A0DD8013804280AD80649BD
:1075000000EB80039818012303FA00F00B6823EACC
:1075100000030B60002038BD2C1C00200B6813F00A
:10752000010070B51CD01846FFF78AFF20385E288E
:1075300027D8154B00EB80001844062101220023B8
:1075400001391AD010F8016B052410252E4218BFFE
:107550009B18013C4FEA42024FEA6505F6D1EFE77E
:10756000042BE3D91A6802F00F010429DED1C2F31B
:107570000F100028DAD01879D8E7580040F0010041
:1075800070BD0120FCE700BFB8B702002DE9F0474D
:10759000044608680D46FFF753FF022C80462DDD98
:1075A0006868FFF74DFF0446A868FFF749FF0346E8
:1075B0001F494FF0010C0E685D1E181D4FF0000EA4
:1075C000221DE14685421ED005EB850A671E9742C3
:1075D00017D0042D0ED8042F0CD807EB0A0E09FA89
:1075E0000EFE1CEA080F14BF46EA0E0626EA0E0637
:1075F0004FF0010E4FEA4C0C0137E8E701231C461F
:10760000D6E70135DEE7BEF1000F00D00E60042A98
:107610000BD8012B09D108681D3403FA02F5053295
:10762000A24220EA0500F8D108600020BDE8F087FA
:107630002C1C00202DE9F843364B1B680C461BB967
:107640004FF0FF30FFF792FE206810F001083AD1AA
:10765000042838D9036803F00F03092B33D10746F8
:107660002D4D57F8044F2D4E641040F25969A04536
:107670004DDA57F8040FFFF7E3FEC0F30742C0F3FB
:1076800007235B435243B3FBF9FCB2FBF9F32A68CF
:10769000202AC1B208BFC0F305604FEA032308BF28
:1076A00056F8202043EA0C4301FB01F1B1FBF9F14C
:1076B00043EA010308BF42EA03231846FFF744FDEB
:1076C00008F10108D3E7FFF7BBFEC0F3074302460A
:1076D00040F25964C0F307205B43B3FBF4F31B0291
:1076E000D1B24043B0FBF4F043EA00434943B1FB5D
:1076F000F4F01843084B1B68202B01BF074BC2F363
:10770000056253F8223043EA0020FFF71DFD0020F8
:10771000BDE8F883201C00206C00002094B9020012
:107720002DE9F843314B1B68002B55D1304E314DBC
:1077300031682A6851EA020307D12F4B1B68002BDE
:107740004AD0BDE8F843FFF789BD2C4C236853B9F4
:10775000294B1B68002B3BD12A683368002A3DD196
:107760002B60FFF745FD2368254EDFF89C80002B3A
:10777000CCBF03F1FF330423002156F82300FEF7AA
:1077800071FE22681F4B53F8227007F1190929680E
:1077900058F8040B394101F0010105371EF034FBA4
:1077A000B945F4D12368012156F82300FEF75AFEAB
:1077B0002368002156F823001EF026FB23680522CB
:1077C000013393FBF2F202EB82029B1A236003E087
:1077D000FFF744FD0028BFD1BDE8F883002BBFD1DF
:1077E0002B60BDE8F843FFF7EDBC00BF241C002070
:1077F0002C1C00201C1C0020301C0020101C002011
:10780000A4B7020094BA0200F8BA0200024A034880
:107810000A2100F0E5BF00BFA8BA020020B70200AD
:1078200000280CBF4FF49E234FF4BC231868030EAE
:10783000532B0CBF20F07F4000207047F8B54FF06D
:1078400080530E4C1F69022305460E46C4F80435CA
:1078500027F00307B54203D30023C4F80435F8BD6D
:10786000D4F80034002BFBD0C4F8085501F0DAFD41
:107870001E203D441BF0E2F8ECE700BF00E00140B1
:1078800000280BBF4FF4BC214FF4DA214FF49E20A7
:107890004FF4BC20FFF7D2BF064B0122C3F80425EA
:1078A000D3F80024002AFBD000220160C3F804258D
:1078B000704700BF00E00140002821F07F4141F007
:1078C000A6410CBF4FF49E204FF4BC20FFF7E4BF4D
:1078D0000A4B30B50124C3F80445002903DC00221B
:1078E000C3F8042530BD52F8044BD3F80054002DE2
:1078F000FBD040F8044B0139EFE700BF00E0014046
:10790000114B1B68002B0BBF4FF4BC224FF4DA2243
:107910004FF49E234FF4BC2320B9DA79522A12D1B6
:10792000181D704782420DD9C378522B0AD1436883
:10793000023300EB8300824204D9C378522B18BF74
:107940000020704700207047381D00202DE9F041CD
:107950000020B4B0FFF7D4FF0025DFF8A480044670
:107960002F462E464CBB224C2068FFF759FF3B4662
:107970003246CDE900501F4902A81DF0FFFD02A8C4
:1079800001F024FB1C4B1A682368002B0CBF4FF43A
:107990009E234FF4BC23D21A4FF470416423534307
:1079A000009193FBF1F302A814491DF0E7FD02A832
:1079B00001F00CFB34B0BDE8F081606822680190F2
:1079C000831CD1B21F44C2F307239D42C2F3074276
:1079D000009102A84146B8BF1D461DF0CFFD02A888
:1079E00001F0F4FA2046FFF78BFF01360446B9E7B1
:1079F000381D002020BB02003C1D0020BFBB020040
:107A00000CBB020038B50020FFF70AFF0446012036
:107A1000FFF706FF0B4D2B688442B8BF0446B3FA4C
:107A200083F040092860FFF72BFF2868064A074BC0
:107A3000002818BF1346064A611C1360BDE8384091
:107A4000FFF73ABF381D002004E0050004F00400F1
:107A50003C1D002070B50020FFF7E2FE0246012029
:107A6000FFF7DEFE52EA00061E4D1F4C0DD14FF40B
:107A7000DA214FF49E20FFF7E1FE01213046FFF7A7
:107A80001BFF1A4B2E60236029E0824208DD002391
:107A90002B60164B23604FF4BC212368002017E0B5
:107AA00001232B60124B23604FF4DA21F5E7120E0D
:107AB000522A08D000B123600E4801F087FABDE8D1
:107AC0007040FFF79FBF5A68023203EB8203012028
:107AD0008B4205D21A68551CE9D10028D3D170BD5C
:107AE0002160FCE7381D00203C1D002004F004004C
:107AF00004E0050055BB020010B50020FFF700FFB1
:107B0000014608B9084610BD8478FFF7F9FEDA2C63
:107B100008BF0146F5E7000038B500214FF4FF62C9
:107B2000194822F09BF9FFF7E7FF1749002468B9CD
:107B3000164B154A197819B1597852F831109960D5
:107B400001300A2803F1F003F4D138BD0368C3F310
:107B500007420A2A0BD1C3F30722FF2A04D001EB04
:107B6000C20541F832002B71FFF7CAFEDFE7132A86
:107B7000FAD1C3F30723FF2B1EBF01EBC30241F869
:107B800033401471F0E700BF60770020D86D00200B
:107B900000B59BB0FFF75EFFFFF7BEFF00230B4968
:107BA0001A4651F8330000B101320133FF2BF8D1EE
:107BB000074901A81DF0E2FC01A801F007FA0548F9
:107BC00001F004FA1BB05DF804FB00BF60770020F1
:107BD0007CBB020090BB02002DE9F04F9FB0FEF786
:107BE0002FFC5D4C5D4DDFF87CA1DFF874B14FF4E4
:107BF0008072002181465A4822F030F94FF4807299
:107C00000021584822F02AF92068B0FA80F0400993
:107C1000FFF736FE2268544B0020002A08BF1D469D
:107C2000FFF76AFFA04604469CBBD8F80000B0FAF4
:107C300080F4FFF7F5FD6409411C2046FFF73CFE88
:107C4000C8F80040494C2560FFF766FFFBF7BAFA19
:107C5000D8F800302468002B0CBF4FF49E234FF45B
:107C6000BC23E41AFEF7ECFB4FF470436421A0EB55
:107C700009020193614305A891FBF3F123460091AA
:107C80003B491DF07BFC05A801F0A0F91FB0BDE841
:107C9000F08F01F0C7FB2668C6F30743A3F10A0281
:107CA000092AC6F3072628D81BF80670F7B920461C
:107CB0000368C3F30722964206D1C3F307430A2B96
:107CC00019D0132B08BF0027FFF71AFE0028EFD1A9
:107CD0004FB17968284602313A460391FFF7F8FD23
:107CE000039905EB810501230BF806302046FFF7C9
:107CF00007FE044698E70746E6E7A3F11502082ABF
:107D0000F4D81AF80620002AF0D1152B0CBF27460C
:107D1000002720460368C3F30742152A15D01D2A01
:107D200008BF0027FFF7ECFD0028F3D14FB17968B9
:107D3000284602313A460391FFF7CAFD039905EB45
:107D4000810501230AF80630D0E7C3F307239E42DA
:107D500008BF0746E6E700BF381D002004F0040016
:107D6000381C0020401D002004E005003C1D0020C0
:107D700098BB0200FFF730BF2DE9F84FDFF8ACB039
:107D8000DFF8AC80DD1C48BF9D1DDBF80030AD1076
:107D9000002BD8F80030924605F10202894603EB29
:107DA00082030CBF4FF4BC214FF4DA219942044600
:107DB0004FEA8206474616D2FFF70EFFDBF8003087
:107DC000002BD8F800300CBF4FF4BC224FF4DA225D
:107DD00033449A4207D2144801F0F8F84FF00008F3
:107DE0004046BDE8F88F24045FFA8AF104F47F046A
:107DF0000C434FEA0921D7F8008089B2214341F0B2
:107E0000A4414046FFF748FD294608F1040008F167
:107E10000804FFF741FD1DB10A9A2046FFF758FDFF
:107E2000083E34443C60DBE7DABB0200381D00202A
:107E30003C1D0020704770470A4B0022C3F8002108
:107E400001225A60D3F80021002AFBD00022C3F897
:107E50000C2101229A60044B0222C3F880211A608F
:107E6000704700BF0010004000E100E0074B022215
:107E7000C3F88020064B0022C3F8102101221A61AA
:107E8000D3F81021002AFBD0704700BF00E100E0CA
:107E9000001000401FB54FF0805306491A6E01A82C
:107EA0001DF06CFB082101A8FEF7C6FF05B05DF8C8
:107EB00004FB00BF00BC020070B5044616460D4628
:107EC000FEF7BEFA4FF0805301221B6E62704FF432
:107ED00080726280020AA271020CE2711A0A607159
:107EE0006372000EA2721A0C1B0E2670257120728E
:107EF000E272237370BD0000174BD3F8002122B14A
:107F00000022C3F8002101229A60D3F80C2102B3A9
:107F10000021C3F80C11D3F80024012A0F4A19D10B
:107F2000D3F848355B4213600D4A1378032B9CBF8E
:107F3000013313700B4A1378013303F003031370FA
:107F4000094A02EB4313044AC2F80435024B0122EA
:107F50009A6070471160F9E700100040700000203F
:107F6000DD1E0020401E0020411E002038B5244C9C
:107F70002578002D43D1FAF705FF2249012011F0A1
:107F8000BFFA4FF080430122C3F800511A60D3F8C2
:107F90000021002AFBD01C4B1C4800220721C3F8FB
:107FA0000C25C3F808151A49C3F81025C3F81C1589
:107FB000C3F824250121C3F82C250822C3F8301565
:107FC000C3F81425C3F818050220C3F834054FF68A
:107FD000FF70C3F83C050F48C3F838051820C3F8F4
:107FE0005405C3F80423D3F8002242F01002C3F86A
:107FF0000022094AC3F80425FFF71EFF217038BD8F
:10800000DC1E0020F97E0000001000402000040269
:108010007469627521100100411E002013B50B4ADE
:108020000446516810686B46072C03C30BD8084BF5
:108030001B780BB9FFF79AFF02AB1C44054B14F9F0
:10804000082CC3F80C2502B010BD00BFE7BC02002D
:10805000DC1E002000100040F8B5104B1B780446D1
:108060000BB9FFF783FF0E4E3378ABB10D4A127890
:10807000D21A02F003010C4A02EB411202F120076E
:1080800010685168254603C50832BA422C46F7D11C
:10809000013B33700120F8BD1846FCE7DC1E0020D0
:1080A000DD1E0020401E0020411E002010B5154B93
:1080B0001B7804460BB9FFF759FFFFF7D7FE124BA9
:1080C0000022C3F80445C3F8002101221A60D3F846
:1080D0000021002AFBD00022C3F80C2101229A6063
:1080E000094AD2F80C31002BFBD0084B1978084B09
:1080F00003EB4113C2F80435FFF7B8FEBDE81040AA
:10810000FFF79ABEDC1E002000100040401E002039
:10811000411E00203220FBF707BA0000054B1B6808
:108120000BB1FFF7F7BF044B1868400040F00100A7
:10813000704700BF480600207000002008B5084BBB
:108140001B681BB1BDE80840FFF7E4BF002805DD50
:108150000868C30702D54010FFF760FF002008BD84
:10816000480600200D4B1B6810B51BB1BDE8104040
:10817000FFF7D0BF00280FDD0B68DA070CD5B3F589
:10818000007F4FEA630407D2054B1B780BB9FFF75A
:10819000EDFE044BC3F82445002010BD4806002026
:1081A000DC1E0020001000400F4B1B6810B51BB1F7
:1081B000BDE81040FFF7AEBF002812DD0B68DA07FC
:1081C0000FD5A72B4FEA63040BD8084B1B780BB9CC
:1081D000FFF7CCFEFFF74AFE054BC3F80845FFF753
:1081E0002BFE002010BD00BF48060020DC1E002032
:1081F00000100040054B1B680BB1FFF78BBF044B11
:108200001868400040F00100704700BF4806002099
:10821000D81E002030B5164B1A6889B01AB1FFF786
:1082200079FF09B030BD00281EDD0B6813F0010096
:108230001CD1042BF5D91A6802F00F02092AF0D1DB
:108240005A683F2AEDDD6C46191D2046843351F8EB
:10825000045F15F0010218BFC5F34702994204F804
:10826000012BF4D1FFF722FF0020DAE71046D8E710
:108270004806002008B507490B784BB1064B186833
:1082800018B1BDE80840FFF745BFFFF7EFFD0870E4
:10829000002008BDDC1E0020480600201FB50A4B48
:1082A0001B682BB13220FBF73FF905B05DF804FBEA
:1082B000064B07491A6801A81DF060F9082101A8BA
:1082C000FEF7BAFDF1E700BF48060020E01E0020DF
:1082D00000BC020008B5084B1B6823B1BDE808408C
:1082E0003220FBF721B9054821F012FFBDE8084014
:1082F00001460248FEF7A0BD48060020C11E00202E
:10830000144B1B6810B51BB1BDE81040FFF702BF4E
:10831000114B1B685A1C14D0CBB1012B13D0022B6C
:1083200013D0042B13D00D4C0D4A052B08BF144657
:10833000204621F0EDFE01462046BDE81040FEF744
:108340007BBD084CF4E7064CF2E7074CF0E7074C1E
:10835000EEE700BF48060020740000200ABC0200BF
:1083600010BC020005BC02004DAE020046AE020089
:1083700030B51D4B1A6889B022B13220FBF7D4F812
:1083800009B030BD00282ADD0B6813F0010028D1A8
:10839000042BF5D91A6802F00F02042AF0D118460E
:1083A000FEF7C4FA044621F0B3FE1228A8BF12203B
:1083B000054600F10D0202216846FFF77DFD8DF8AC
:1083C0000D5023460DF10E022544AB4204D013F8A4
:1083D000011B02F8011BF8E76846FFF767FE002063
:1083E000CEE71046CCE700BF48060020F0B5264B8C
:1083F0001B6889B00D4623B13220FBF795F809B010
:10840000F0BD01283BDD0A6812F0010039D1042AD1
:10841000F5D9136803F00F03042BF0D14B6813F068
:1084200001032ED01046FEF781FA044621F070FEBB
:108430006E680E28A8BF0E207710054600F11102C5
:1084400001216846FFF738FD73128DF80D70761420
:108450003F0E8DF80E308DF811508DF80F608DF8AD
:10846000107023460DF112022544AB4204D013F8DC
:10847000011B02F8011BF8E76846FFF717FE002012
:10848000BDE71846BBE700BF4806002070B5124B99
:108490001D6888B01DB1FFF73DFE08B070BD002813
:1084A00017DD0C6814F00100F7D066106846102242
:1084B0002946FFF701FD63128DF80D606414360E36
:1084C00068468DF80E308DF80F408DF81060FFF77C
:1084D000EDFD2846E1E700BF4806002030B51C4A04
:1084E0000346106889B020B13220FBF71DF809B0AF
:1084F00030BD002BFBDD0D6815F00104F7D1042D14
:1085000024D92B6803F00F03092B1FD16B683F2B75
:108510001CDD6846FFF7A0FD0028E8D09DF800208C
:108520000435A242A8BF1DF8043004F10104A6BF1F
:108530005B0043F001030123202C45F8043FF0D1F8
:10854000044BDDF809201A600420D0E72046CEE76E
:1085500048060020E01E0020F0B5404B1D688BB09F
:1085600025B13220FAF7E0FF0BB0F0BD3C4B1B7891
:108570000BB9FFF7FBFC02A8FFF76EFD08B900205E
:10858000F2E79DF808300B2BF9D99DF80930012B43
:10859000F5D19DF80B30012BF1D1324A9DF80C300A
:1085A0001360314E314F324ADDF811101160002452
:1085B00034603C7083B9DDF8152032601D4613220B
:1085C000AA42A8BF2A4629499C189C4242D013F8C7
:1085D000010B01F8010BF8E7012B08D1DDF815308C
:1085E00033609DF819500E220DF11A03E8E7022BB3
:1085F00005D19DF8155012220DF11603E0E7042B6A
:1086000011D1DDF81500DDF819106B4603C39DED9F
:10861000000B1DF035FF51EC100B21F0CFF830604E
:1086200013222346CCE7052BFAD1DDF81500DDF83F
:1086300019106B4603C39DED000B1DF021FF51EC9B
:10864000100B21F0BBF89DF81D5030600A220DF18F
:108650001E03B5E70023BB54042085E7480600202D
:10866000DC1E002074000020D81E0020C11E002047
:10867000E01E002008B50A4B1B787BB1FFF7F6FB24
:1086800008490723C1F80835FFF7D6FB0023C1F8D6
:1086900024350620BDE80840FFF7C0BC08BD00BF78
:1086A000DC1E002000100040024A0348102100F0A8
:1086B00097B800BFF0BC020015BC0200044A05498F
:1086C0001368C8540133C3F30A031360704700BF33
:1086D00038270020381F002030B5124A124913688D
:1086E0000144834202DC0023136019E011F8014BBE
:1086F000FA3C012C00F1010506D8AB4206DD0C78EE
:1087000014B1283C9F2C01D82846EAE7064C0146C4
:108710000131255C04F8015B8B42F9DC181A10600A
:1087200030BD00BF442F00204427002008B5FDF7CE
:108730007FFE074B1A68824284BF00221A601B68C2
:10874000C01A44F62063984294BF0020012008BD5F
:10875000081F002038B50E4C0E4D21682A68914242
:1087600009DD0D484FF40062FAF7E6FC236818446F
:10877000C0F30A00206021682A68914207DA06489F
:10878000FAF7DAFC23681844C0F30A00206038BD09
:108790003C27002038270020381F002070B5074EE6
:1087A000074D044633682A689B1ADB43C3F30A0368
:1087B000A34200DB70BDFFF7CDFFF3E738270020B1
:1087C0003C27002010B5FFF797F9044608B920466A
:1087D00010BD83781D2B08BF0446FFF791F8F5E71D
:1087E000F0B5074D2B68092B08DC064F0C245C43C1
:1087F0003E19C6E90112013338512B60F0BD00BFAC
:1088000040270020EC8000202DE9F047B2B004465C
:1088100021F07EFC012803D8002032B0BDE8F087AB
:1088200023785B2BF8D101382618235C5D2BF3D11C
:1088300001343A21204621F04CFC05460028EBD0BB
:10884000071B002FE8DD21463A46684621F068FC08
:1088500032AB691C00241F44751AA54207F8C84CA6
:10886000DADD2A4619A821F05BFC32AB1D44114B1E
:10887000114ED3F8008005F8644C2546A845CBDDA1
:108880003068694621F032FC044618B9D6E90197F0
:108890004C4502DB01350C36F0E757F8340019A9D6
:1088A00007EBC40A21F022FC10B9DAF80400B4E79F
:1088B0000134EDE740270020EC80002008B5F9F7EF
:1088C00001FBFEF7A3FFFDF795FFFEF721FCFFF785
:1088D000EBFE01F0B5F9F7F709FFBDE80840FAF73C
:1088E0003FB9000008B54FF416620448002121F09A
:1088F000B5FA034B00221A6008BD00BFD86D0020F6
:1089000034120020174B53F83000836803F07F03C4
:108910001C2B70B50E46144601D0002070BDC368F4
:1089200003F07F02042AF8D1026902F07F02192ABB
:10893000F3D11B0A00EB83001030FDF7F7FF03783B
:10894000054633B121F0E4FBA042E6D10023A34267
:1089500001DB0120E2E7E95CF25C9142DDD1013309
:10896000F5E700BF60770020024B002218681A600C
:10897000704700BFF41E002038B5FDF759FD1D4BB0
:108980001A68824284BF00221A601A6840F6C31136
:10899000821A8A422DD9184C18602246092325468E
:1089A000013B516842F8041B13F0FF03F8D101F0BA
:1089B000EDF8124A68620A2342F2107154F8040B6F
:1089C0008142A8BF0146013B8242B8BF024613F074
:1089D000FF03F3D1521A0A49B2F5FA7F0A60094A35
:1089E00006DD13782BB908490B6801330B600123AE
:1089F000137038BD041F0020101F0020F0D8FFFFA7
:108A00000C1F0020F81E0020FC1E0020014B1868DF
:108A1000704700BF0C1F0020024B002218681A602C
:108A2000704700BFFC1E0020014B1860704700BF5C
:108A300078000020014B1868704700BF78000020C4
:108A4000064B074A1B6812689B1ADB43C3F30A03F1
:108A50008342D4BF00200120704700BF3827002088
:108A60003C270020F8B507460D4614461E4673B94C
:108A70000320FFF7E5FF08B3FA20FFF71FFEF8B267
:108A8000FFF71CFEE8B2BDE8F840FFF717BE501D27
:108A9000FFF7D6FF90B1FB20FFF710FEF8B2FFF70B
:108AA0000DFEE8B2FFF70AFEE0B2FFF707FEC4F3DF
:108AB0000720FFF703FE0025A54200DBF8BD705D2F
:108AC000FFF7FCFD0135F7E770B50A4C0A4E0025AB
:108AD0003368AB4203DCBDE87040FFF703BF237887
:108AE0002BB1002361781A461120FFF7BBFF013537
:108AF000F034EDE7D86D002034120020F8B50E4CAC
:108B00000E4F06460025B44205F1010511D0237829
:108B100053B1002361781A461120FFF7A3FFF0221A
:108B20000021204621F09AF90A2D04F1F004EAD13F
:108B3000F8BD3D60F8E700BFD86D0020341200207A
:108B40002DE9F04F12F00106ADF54D7D81468A46C4
:108B500017D001238DF80C3042FA03F354128DF82C
:108B60000D3052141B0E8DF80F208DF810308DF83B
:108B70000E4003AB0522FFF775FF0DF54D7DBDE8F7
:108B8000F08F042A2CD9116801F00F03042B36D181
:108B900003AD022310462B70FDF7C8FE044621F0FA
:108BA000B7FAB0F5487F034604F1FF31A8BF4FF490
:108BB0004873B34206F101020DD1B0F5487F06D9E2
:108BC000674B19889B78ADF82A138DF82C332B4608
:108BD00051464846CFE7164611F8012FAA55E8E757
:108BE00001D0002AC9D1111F4A424FF003034A4164
:108BF0008DF80C308DF80D2003AB0222E8E7092B2D
:108C000040F09080154604238DF80C3055F8043F51
:108C10004FEA630BBBF1200F8DF80DB04FEA6323D1
:108C2000A8BF4FF0200B8DF80E308DF80FB004ACBC
:108C30000321B34502DC03ABE21AC9E755F8040F80
:108C400010F0010706D1042845D9036803F00F038B
:108C5000022B0DD14FF001032370431063704212B9
:108C60001B0E4014A270E070237105340136E0E75A
:108C7000042B2ED12346022203F8022B0193FDF789
:108C800055FE804621F044FA142804F101024FF009
:108C900003010BD8019B6070B84201D11C18E5E7B5
:108CA00018F8074002F8014F0137F5E71423637005
:108CB00008F1FF30134608F1100810F8012F03F8EF
:108CC000012F4045F9D12E23E374237563751634C3
:108CD000CCE7012B08D12346021F03F8021B5042A8
:108CE000504160701C46C1E7092B09D10423237051
:108CF00043685A1062705B12A370E7700434B5E7E2
:108D0000032B0CD14FF0050323700368C3F30F123C
:108D1000C3F34173C3EB820363701B12ECE704F8E7
:108D2000017BA3E7032B7FF428AF03AB052018706A
:108D3000C1F30F10C1F34171C1EB800164294FEA07
:108D400021205970A8BF64219870D9700420041F95
:108D5000A14201DC0A1D3BE7145C1C540130F6E71C
:108D60003AAE0200104B70B50546002418465A78FA
:108D7000AA4205D001340A2C03F1F003F7D170BDEB
:108D8000F02202FB0400002121F068F8074A136872
:108D9000013BA34200D11460002329461A46BDE8D6
:108DA00070401120FFF75EBED86D00203412002005
:108DB00008B5002301461A461A20FFF753FEBDE806
:108DC0000840FFF7C7BC10B5B2B0022304468DF8C7
:108DD000003021F09DF9C728A8BFC720631E0022DC
:108DE000824202F1010206D16B46FE211420FFF7F8
:108DF00039FE32B010BD13F8011F0DF80210EFE775
:108E0000002301461A461120FFF72CBE0D2907B595
:108E100012D013128DF801208DF802301314120EA7
:108E20008DF800108DF803308DF8042001466B4654
:108E300005221320FFF716FE03B05DF804FB0A4677
:108E400001461220FFF77CBE10B40C4603461146C3
:108E5000142022465DF8044BFFF704BE30B5084CE1
:108E600001444FF0FF33884201D3D84330BD10F89E
:108E7000015BDAB26A4054F8222082EA1323F2E757
:108E8000CCBD0200FF2813B5044614D00B4B53F899
:108E9000300080B1416808308900FFF7DFFF0190A2
:108EA0000920FFF77BFC01AB042221461720FFF7C6
:108EB000D9FDFFF74FFC02B010BD00BF6077002066
:108EC000254AF8B500231846174652F8331001B169
:108ED00001300133FF2BF8D100EB80040A20FFF7AB
:108EE0005DFCFB20FFF7EAFB2720FFF7E7FB0020F4
:108EF000FFF7E4FBE0B2FFF7E1FBC4F30720FFF765
:108F0000DDFB164B00251E68FA2396FBF3F657F897
:108F10003500E0B1416808308900FFF79FFF044643
:108F20000520FFF73BFCE8B2FFF7C8FBE0B2FFF714
:108F3000C5FBC4F30720FFF7C1FBC4F30740FFF7ED
:108F4000BDFB200EFFF7BAFB304619F077FD013567
:108F5000FF2DDCD1F8BD00BF60770020400000206D
:108F6000F8B50646FFF72EFC4FF0FF3504460CB966
:108F70002846F8BD2768C7F30743152B0CD104F129
:108F80000801304621F0B2F808B9C7F3072520469A
:108F9000FEF7B6FC0446EAE71D2B08BF4FF0FF358D
:108FA000F5E7000010B5074C206850B1FDF740FA16
:108FB0002368984228BFC01A034B98428CBF0020F8
:108FC000012010BD081F0020BFC62D0030B5B3B072
:108FD0000446FFF7E7FFB8B1022320468DF80030C2
:108FE00021F096F8C728A8BFC7200546013C0023FA
:108FF0009D420BD105F13200FFF7D0FB6B466A1C96
:10900000FF211420FFF72EFD33B030BD013314F8DB
:10901000012F0DF80320EBE72DE9F04F0128B9B03F
:109020008146884603DC1B20FAF77EFA58E0086880
:10903000C2072BD4042829D9036803F00F03042B9B
:1090400024D1FDF773FC0546D8F80400C3071FD4EC
:1090500004281DD9036803F00F03042B18D1FDF772
:1090600065FC0646214B224F1B6802934FF0000B14
:10907000029B5B450EDC1F4A00962B46C82106A8C2
:109080001CF090FA06A8FFF7A1FFCCE71A4DDBE72A
:10909000194EE7E73868294621F028F8044628B930
:1090A000D7E901230392039A944203DB0BF1010BEE
:1090B0000C37DDE703EBC40253F834000592314668
:1090C000049321F013F8DDE90432824658B953685D
:1090D00008F10801A9F102009847084BC3F800A065
:1090E00039B0BDE8F08F0134DDE700BF4027002034
:1090F000EC80002070BD020015D30200081C002087
:109100002DE9F0411E4F1F4BD7F800800546002285
:10911000194690450EDC0024F02000FB04F28B1869
:109120008E5C7EB101340A2CF7D1BDE8F0411648BF
:10913000FFF74CBF5878A84201D11878F0B9013236
:10914000F033E6E7F0223146184620F087FE0F495B
:10915000457051F8351085700222A045C0E9021211
:10916000C0E90466027001DC01343C60002329463A
:109170001A46BDE8F0411020FFF774BCBDE8F0814D
:1091800034120020D86D00208ABD020060770020D4
:1091900038B5FFF799FC074D002415F83430043B2F
:1091A000012B02D8E0B2FFF7ABFF0134FF2CF4D162
:1091B00038BD00BF647700202DE9F04105460E461A
:1091C000FDF73AFE0C4BDFF834801860002418F8E5
:1091D0003430062B01D0032B09D1E7B232462946A1
:1091E0003846FFF78FFB10B13846FFF789FF01348F
:1091F000FF2CECD1BDE8F081440000206477002012
:1092000070B5074E0546002416F83430AB4202D143
:10921000E0B2FFF775FF0134FF2CF5D170BD00BF40
:10922000647700202DE9F84FFDF702F9574B1A68D3
:10923000824284BF00221A601A6842F20F71821AB9
:109240008A4278D91860FDF7FBF8012838BF012061
:1092500004460020FDF7A2F980460020FDF7B2F990
:109260004B4D4C4E0746B8F1000F1BD02B68CBB9C5
:1092700033682C60002B00F08680DFF824B1DFF823
:109280001CA19BF800304FF00109002B55D109209B
:10929000FFF7B6FF8AF800908BF800903E4A1368FB
:1092A00001331360CFB13368BBB92B683460A3B10D
:1092B000DFF8E8B0DFF8E8A09BF800304FF00109D4
:1092C000002B40D10920FFF79BFF8BF80090324A1A
:1092D0008AF800901368013313602B683BB1DFF804
:1092E000BC9099F8002012B9A34230D92C603368A1
:1092F0003BB1DFF8AC9099F8002012B9A34234D901
:1093000034602B685BB1B8F1000F08D1234C227890
:1093100012B90720FFF774FF00232B602370336816
:109320004BB147B91E4C227812B90820FFF768FFED
:10933000002333602370BDE8F88F0720FFF760FF3C
:109340008AF80090AAE70820FFF75AFFBFE7E31A60
:10935000312BCCD90720FFF753FF0F4A1368013395
:109360001360012389F80030C1E7E41A312CC8D911
:109370000820FFF745FF084A1368013313600123F3
:1093800089F80030BDE700288FD1A6E7001F002034
:10939000E41E0020EC1E0020F41E0020E81E002029
:1093A000F01E002013B50446FFF78EFBFEF743FDC9
:1093B00004230DEB030101200193FEF727F80021A0
:1093C0000846FDF7AFFEFEF7ABF9FFF753F9FDF7DF
:1093D0000DF9FDF7EDF9FDF705FAFDF751F824B1A8
:1093E000FDF7A4FC0248FFF7F1FD02B010BD00BF7D
:1093F0009FBD020070B501F13206054630460C46AD
:10940000FFF71EFB28B9FFF7CDFD50B13046FFF73F
:10941000C5F92B4622460021BDE870401B20FFF70E
:1094200021BB70BD10B5064C06482368C3F500612A
:109430001844F9F7E1FD23681844206010BD00BF0F
:10944000442F0020442700202DE9F04FAF4CDFF8D7
:10945000E0829FB0FFF77EF92068C0F500614044CC
:10946000F9F7CAFD23681844206088B1FCF7E0FFD3
:10947000A74B186098F80030FA2B40F05B81236806
:10948000022B08DCFFF752F910B10120FFF724F995
:109490001FB0BDE8F08F98F8013098F80200023B49
:1094A000242B39D8DFE813F025003A0041004500AD
:1094B00048005700380069009E00A800B000C600B0
:1094C00007011D0138003800380038003800380026
:1094D00038003800380038003E00380038003800C6
:1094E00038003800380038003800380038003800BC
:1094F000AB00FF2810D00390FFF734FC0398854A97
:10950000002342F8303002EBC002014613711320F1
:1095100000931A46FEF730FC0320B7E70390FFF7ED
:10952000EFFD0398FFF744FCF6E70390FFF71AFC02
:10953000F7E7FFF72DFEEFE7FFF7C6FA0020FFF78A
:1095400031FFF9F7A5FAFFF767FAFFF70DFA72484E
:10955000FFF73CFDE0E7632807D8704B53F8202065
:1095600001461520FFF7ECFAD6E7A0F16403092BBA
:10957000D2D86B4A52F82320F2E7FFF723F96FF0B5
:1095800007080446002CC7D02768C7F30743152BEC
:1095900004D02046FEF7B4F90446F3E704F10806C8
:1095A000304620F0B5FD05460530FFF7F7F8FB2003
:1095B000FFF784F81D20FFF781F8C7F30720FFF7B6
:1095C0007DF8E8B2FFF77AF8C5F30720FFF776F8E1
:1095D000A8EB0407F3199D42DBDD16F8010BFFF73A
:1095E0006DF8F7E7002300931A4619461D20FEF791
:1095F000C3FBFDF79BFB8FE7FFF744FC8CE7FFF70E
:10960000D7FBFFF75DFC87E7FCF726FF454A009094
:109610006421454B05A81BF0C5FF022305A88DF862
:10962000143020F075FD05AB024600211620FFF72F
:1096300019FA71E7FFF7BCFB364F3C4B00261A685E
:10964000FA2392FBF3F83C6854B3D4F8049097F8EB
:1096500004B04FEA8905A81DFFF7A0F8FB20FFF72B
:109660002DF8012005F1010AFFF728F8F0B2FFF705
:1096700025F85FFA8AF0FFF721F8CAF30720FFF711
:109680001DF85846FFF71AF808342544A5420DD8AE
:10969000FFF760F809FB08F019F0D0F9FFF75AF866
:1096A0000136FF2E07F10807CDD135E714F8010B7D
:1096B000FFF704F8EAE7FFF707FA00210B460091ED
:1096C0000A46DA20FEF758FB4FF4FF6200211148EA
:1096D00020F0C4FBFDF72AFB00210846FDF722FD20
:1096E0001AE7012802D1FEF731F915E7022802D165
:1096F000FEF740FB10E7032803D100210846FDF7E1
:1097000011FD0120FFF74EFE06E700BF442F0020A9
:10971000081F002060770020AEBD02005C7F0020A3
:1097200038770020C5BD0200C0BD02004000002007
:1097300044270020FB2B7FF4A8AE2268042A7FF781
:10974000A1AEB8F8037040F2F6739F423FF79DAEAA
:109750003B1D9A427FF796AE18F80330FE2B7FF43C
:1097600094AE98F8013098F802401B2B07F1FF35B2
:109770007ED007D8072B62D0082B39D0012B1BD005
:10978000781D83E61D2B79D01E2BF9D1022C00F019
:109790009380032C00F09380012CF1D1002DEFDD9C
:1097A00098F805301BB1322BA8BF32231C46642326
:1097B0005C43444B1C60E3E72046FFF7F9FAFF2CBB
:1097C00012D02046FFF7CEFA98F805503E4B009392
:1097D0002A46BB1E21460A20FEF7CEFA3B4B43F831
:1097E000340003EBC4031D712046FFF74BFBC7E7B2
:1097F000632CC5D898F80530022B0CD0032B14D05D
:10980000012BBDD1D8F80630314A5B0043F001038B
:1098100042F82430B4E7002DB2DD2B48B91EFDF725
:109820000BFB2B4B43F82400AAE798F80630002BDB
:10983000274B14BF0422002243F82420A0E7632D05
:109840009EDC2A46234905A820F0E0FA1EAB1D4401
:1098500005A8002305F8643CFFF782FB00288FDB96
:109860001B4B214653F820201520FFF769F987E7A5
:10987000294608F10500FFF79FFC81E7632D154A93
:10988000A8BF6325002305A99D4210DC1EAA25EA76
:10989000E5731344002203F8642C152000916B1C1F
:1098A0002146FEF769FA2046FFF782FA68E712F8C8
:1098B000010BC8540133E7E7FEF7BCFA60E7FEF797
:1098C000BAFA5DE7400000204A27002060770020B8
:1098D0005C7F002049270020084B01221A60084ABB
:1098E0001368002BFCD0074B18680028B8BF033062
:1098F00080100638400040F00100704700C0004072
:1099000000C1004008C5004008B5054800F054FEFD
:109910000449034800F0B0FE034B01221A6008BD61
:10992000542F0020801A0600482F002008B5054853
:1099300000F042FE0449034800F09EFE034B012262
:109940001A6008BD10300020801A06004C2F00203D
:10995000002813B50CDD0B68DA0709D5032B4FEA95
:10996000630105DD084C23682BB1084800F084FE34
:10997000002002B010BD0191FFF7C6FF23680199D6
:10998000002BF5D0F1E700BF482F0020542F002016
:109990001FB500210E20FCF765FD01210D20FCF70D
:1099A00061FD01210F20FCF75DFD1F4801F066F805
:1099B0001E4B1F481B681F4A1F49127809788342B3
:1099C00011D84FF00073013A18BF0122019303929E
:1099D0008DF8081004AB13E90E00134805B05DF8CC
:1099E00004EB01F061B81548834202D84FF0806360
:1099F000E9E71348834202D84FF00063E3E71148D8
:109A0000834202D84FF08053DDE70F48834202D8EB
:109A10004FF00053D7E70D48834294BF4FF0804387
:109A20004FF00043CFE700BFCC300020840000207F
:109A300048E801007C0000208000002090D0030056
:109A400020A1070040420F0080841E0000093D0055
:109A50000028F8B525DD0D68EB0722D4042D20D9A8
:109A60002B6803F00F02032A1BD1C3F30F14C3F3B7
:109A70004173C3EB8404EE1CFFF78AFFC5F1FF2599
:109A800005F57F05084FFD35AB199C4206DD16F83C
:109A9000011F384601F015F83070F5E7024801F073
:109AA0000FF80020F8BD00BFCC300020002838B5EA
:109AB0002CDD0B68DD0729D5184A5B1001281360DF
:109AC000174A09D04B68DC0706D55B10022B21D062
:109AD000032B21D0012B1BD00223124C136003282F
:109AE0004FF00103237011DDC86810EA03050DD1A2
:109AF00004280BD9036803F00F03042B06D1FCF7ED
:109B000015FF094920F0F2FA00B12570002038BD98
:109B10000023E2E70323E0E70123DEE784000020DF
:109B2000800000207C000020CCC102000368DA071E
:109B300010B504D40D20BDE81040F9F7F5BCB3F51D
:109B4000007F4FEA630401D31720F4E7FFF720FFFB
:109B5000E1B2044800F0B5FF024800F0B1FF002078
:109B600010BD00BFCC30002038B5074DFFF710FF07
:109B70000021284600F0A5FF0446284600F0A0FF7B
:109B8000600040F0010038BDCC300020274A82B090
:109B900001210023ADF80630C2F8F015C2F8001517
:109BA00019461A0102F1804202F5E0420133082B06
:109BB000C2F81415C2F81015F3D11C4B4FF4E06233
:109BC000C3F818250422C3F81425C3F810250DF195
:109BD0000602C3F82C260122C3F830261A60D3F8F7
:109BE0000021002AFBD00022C3F8002101225A6084
:109BF0000E4B1A46D3F804110029FBD00021C3F8FC
:109C0000041101219960D2F81431002BFBD00020FF
:109C1000C2F81401C2F80005BDF806301BB2834239
:109C2000C8BFA3F50B70400002B070470070004041
:109C300008B5FFF7ABFF400040F0010008BD000091
:109C4000024A03481321FEF7CBBD00BF9CC20200AD
:109C5000D0C10200F8B50E4F3B6804460D461646CB
:109C600083B1E1B20B4800F09DFDE9B2094800F074
:109C70005DFCF1B2074800F059FCBDE8F84005482A
:109C800000F017BEFFF740FE3B68002BE9D1F8BD9E
:109C9000482F0020542F00200168CA0708B505D5B9
:109CA0004268D30702D58368D80704D40D20BDE8E5
:109CB0000840F9F739BCB1F5817F4FEA610001D363
:109CC0001520F4E7B2F5007F4FEA620101D31620B8
:109CD000EDE7B3F5007F4FEA630201D31720E6E713
:109CE000FFF7B8FF002008BD0C4B1B6870B5064697
:109CF0000D4614460BB9FFF719FEF1B2084800F003
:109D000051FDE9B2064800F011FCE1B2044800F050
:109D10000DFCBDE87040024800F0CBBD4C2F002088
:109D20001030002001282DE9F84340F38C800F68A3
:109D3000FC0740F1888002284C6833D08E68311FC0
:109D40004E424E41414D2B6873B34FF0FF30F9F74F
:109D5000F9FB3F48C7F3470100F024FD14F001056B
:109D60002AD1042C34D9236803F00F02092A3ED1EA
:109D700054F8047FDFF8D8807F10BD4228DA54F809
:109D8000043FDA072FD5B3F5007F4FEA630902D30A
:109D90001720F9F7C9FB5FFA89F1404600F0C6FBCE
:109DA0000135EAE70126CDE7FFF7AEFD2B68002B72
:109DB000CBD10020BDE8F883B4F5007F4FEA6405FD
:109DC00002D31720F9F7B0FB2148E9B200F0AEFB4F
:109DD00031461F4800F0F0FC01460028E9D01D483C
:109DE000FCF7CCFDE5E71720F9F79EFBD8E7032A3F
:109DF00015D16FF00308C3F30F15271DC3F341738B
:109E0000A8EB0408124CC3EB850507EB08039D4241
:109E1000DEDD17F8011B204600F088FBF5E7042A79
:109E2000D6D12046FCF782FD0746204620F070F987
:109E3000DFF81C800446A542CADA795D404600F08E
:109E400075FB0135F7E70120B4E700BF482F00207C
:109E5000542F0020D8C1020070B5154E3368044657
:109E60000D46DBB1E4B21348214600F09BFCE9B299
:109E7000104800F05BFB0F48002100F09DFCA8B9E2
:109E80000C480122214600F08AFC0A4800F04BFBF6
:109E900068B1BDE87040074800F05CBBFFF734FDD7
:109EA0003368002BDED16FF0630000E0404270BDEC
:109EB000482F0020542F0020026808B5D30702D590
:109EC0004368D90704D40D20BDE80840F9F72CBB3E
:109ED000B2F5817F4FEA620001D31520F4E7B3F5B4
:109EE000007F4FEA630101D31620EDE7FFF7B4FFCF
:109EF000400040F0010008BD38B5134B1B68044614
:109F00000D460BB9FFF712FDE4B21048214600F0F0
:109F100049FCE9B20D4800F009FB0C48002100F0B3
:109F20004BFC08B1404238BD08480122214600F0F0
:109F300036FC064800F0F7FA0028F4D0BDE83840B7
:109F4000024800F007BB00BF4C2F0020103000205B
:109F500038B50D211D20FFF7CFFF5A28194C0CD121
:109F6000012222702A211D20FFF7BEFE022018F0D8
:109F700065FD154B01221A6038BD0F211920FFF72E
:109F8000BBFF33280AD102238F22202119202370FE
:109F9000FFF7AAFE002223211920E5E70D211E204C
:109FA000FFF7AAFFC7280AD1032500222A211E2075
:109FB0002570FFF799FE2A462A211E20D4E70023A8
:109FC0002370D3E788000020502F0020002838B5E8
:109FD00004DC1C20BDE83840F9F7A6BA0B6813F082
:109FE000010401D10D20F5E7032B4FEA63022BDDBD
:109FF000022A03D0052AB4BF02240324194B1B688C
:10A000000BB9FFF7A5FF184B93F90050022D1DD097
:10A01000032D1FD0012D12D100222A211D20FFF770
:10A0200063FE022C22464FF00E01A8BF02221D2023
:10A03000FFF75AFE2A462A211D20FFF755FE02206F
:10A04000F9F780FA002038BD0024D7E72201232148
:10A050001920F2E7022C22464FF00E01A8BF02227F
:10A060001E20EAE7502F0020880000201E4B1B68AE
:10A0700010B504460BB9FFF76BFF1C4B93F900308A
:10A08000022B0AD0032B25D0012B28D121461D20DD
:10A09000FFF732FF4FF0FF3405E0012C13D12921E7
:10A0A0001920FFF729FF7F2801DDA0F580706FF0F0
:10A0B0007E039842B8BF1846C82358437F2390FBBD
:10A0C000F3F0604310BD032C07D12B211920DFE7EB
:10A0D0002D21FBE721461E20DAE7052CF8D04FF0B2
:10A0E000FF340020E3E700BF502F0020880000204D
:10A0F00008B50120FFF7BAFF400040F0010008BD9D
:10A1000008B50520FFF7B2FF400040F0010008BD90
:10A1100008B50320FFF7AAFF400040F0010008BD8A
:10A1200038B50120FFF7A2FF05460520FFF79EFF87
:10A13000273504460320FFF799FF4E2D07D8273413
:10A140004E2C04D83D28B4BF0020042038BD002088
:10A15000FCE738B50120FFF789FF05460520FFF72A
:10A1600085FF273504460320FFF780FF4E2D08D8D2
:10A1700027344E2C05D810F13D0FCCBF0020042011
:10A1800038BD0020FCE738B50120FFF76FFF05461A
:10A190000520FFF76BFF04460320FFF767FF27301A
:10A1A0004E2807D827344E2C04D83D2DB4BF0020AC
:10A1B000042038BD0020FCE738B50120FFF756FF2A
:10A1C00005460520FFF752FF04460320FFF74EFF28
:10A1D00027304E2807D827344E2C04D83D35CCBF25
:10A1E0000020042038BD0020FCE738B50120FFF72F
:10A1F0003DFF04460520FFF739FF05460320FFF722
:10A2000035FF27304E2807D827344E2C04D83D2D53
:10A21000B4BF0020042038BD0020FCE738B5012081
:10A22000FFF724FF04460520FFF720FF0546032023
:10A23000FFF71CFF27304E2807D827344E2C04D8B0
:10A240003D35CCBF0020042038BD0020FCE70000D5
:10A2500038B5154B1B6813B90120FFF707FF134BE7
:10A2600093F90030013301D1FFF772FE0120FFF7AF
:10A27000FDFE04460320FFF7F9FE05460520FFF723
:10A28000F5FE6D4304FB045400FB00401EF07CFF10
:10A2900041EC100B1CF002FB51EC100B1FF08EFA7E
:10A2A000400040F0010038BD502F00208800002001
:10A2B000244B1B6870B504460BB9FFF737FB224DE2
:10A2C00095F90030002B17DA0F211920FFF714FE43
:10A2D000332811D11D4B68221A701D4B1E260022F7
:10A2E0001A7060210C2230462E70FFF7FDFC02220E
:10A2F00061213046FFF7F8FC95F9001000291FDBBB
:10A300001448144EC9B200F04DFA104B1148197898
:10A3100000F00CF90F4800F0CCFA29780D4806221D
:10A3200000F03DFA651E0534304600F0FCF818B127
:10A33000304600F00FF9C0B205F8010FA542F3D185
:10A3400070BD00BF4C2F0020890000208B00002032
:10A350008A0000201030002073B500236846009367
:10A36000ADF80430FFF7A4FFFFF76EF81C4B9DF823
:10A37000015093F900609DF802009DF800309DF8AF
:10A3800003409DF804209DF8051006B345EA032319
:10A3900044EA00201BB200B241EA0222114991F9BD
:10A3A0000010102912B202BFDB105210C010002B97
:10A3B000B8BF5B420028B8BF4042002A1844B8BF6B
:10A3C00052421044400040F0010002B070BD43EA28
:10A3D000052340EA04201BB200B242EA0122DDE775
:10A3E0008A000020890000200128F8B501DC012046
:10A3F000F8BD0E68F207FAD54D68EB07F7D4042DC7
:10A40000F5D92B6803F00F03092BF0D16C686410A9
:10A41000002CECDD164F3B6813B3202CA8BF202482
:10A420004FF0FF30F9F78EF8C6F347011148114E8F
:10A43000224600F0B4F9043505EB8407304600F0FD
:10A4400072F898B1304600F085F8400040F0010005
:10A4500045F8040FAF42F1D1600040F00100C7E7BA
:10A46000FFF752FA3B68002BC1D0D6E7FF20ECE79C
:10A47000482F0020542F0020024B034843F00103D3
:10A48000184700BF60C3020000D4300008B5FCF7D5
:10A49000BBF9FCF77BFCFEF711FA012102201BF04F
:10A4A00075FC012102201BF0AFFCFFF7E5FFFFF771
:10A4B000E3FFFFF7E1FFFFF7DFFF002102201BF0C2
:10A4C000A3FC0C48FEF782FDFDF762FBF8F792FD56
:10A4D00008B1F8F7E3FCF8F787FD08B9FEF758FE76
:10A4E00001211C201BF052FCBDE8084001211C206A
:10A4F0001BF08ABC34C30200FBF762BB002070472C
:10A50000F8B505460E4617460024BC4207D02B6816
:10A51000315D9B682846984708B10134F5E720462D
:10A52000F8BD70477047203017F0D7BF437F13B591
:10A5300013B9002002B010BD00F16804204601915B
:10A5400017F0D9FF0028F4D12046019917F0A8FF91
:10A550000120EFE7203017F0B2BF203017F0C3BF63
:10A5600010B504461BF09CF8204610BD2DE9F041C3
:10A570001D464FF000084FF47A73C0E901830D4B7C
:10A58000044640F8203B0F46164617F07EFF04F1C4
:10A59000680017F07AFF9DF8183063769DF81C303C
:10A5A0002576C4E90476A37684F81D802046BDE8AC
:10A5B000F08100BF70C30200F0B5837E2B4C2C4DA0
:10A5C00054F82320437E54F8233012F0200F14BF98
:10A5D0002F464FF0A04702F01F0213F0200F03F0A8
:10A5E0001F0308BF4FF0A04502F5E07203F5E073CA
:10A5F000012140F20C66C17647F8226045F82360DD
:10A6000003694FF0CC72C3F824250622C3F8002555
:10A61000827E54F82220C3F80825427E54F8222076
:10A62000C3F80C2590F9183003F01F025C09914023
:10A630006034104A002B42F82410BDBF03F00F0312
:10A6400002F6FC32D2189B18B5BF40234022137685
:10A6500083F8002390F918300122590903F01F03F1
:10A6600002FA03F3034A42F82130F0BDB4AC020011
:10A670000003005000E100E0C37E93B103690022B3
:10A68000C3F80025094A91420CD9094A914294BF66
:10A690004FF080614FF0C8610622C3F82415C3F85B
:10A6A000002570474FF0CC71F6E700BFA08601008F
:10A6B00090D003002DE9F843044688461F4616460D
:10A6C00012B90020BDE8F88300F12009484617F0D0
:10A6D000F2FE25690123C5F888852B62C5F83495FB
:10A6E000C5F838652B6018F0A1F905462369D3F841
:10A6F0004C2142B9D3F824212AB918F097F9431B09
:10A70000022BF3D9DDE70022C3F84C2118F08EF9B3
:10A7100005462269D2F85C3193B10023C2F85C315E
:10A720000123BFB1536118F081F905462369D3F8BD
:10A7300004210ABB18F07AF9431B022BF6D9C0E7B3
:10A74000D2F82431002BE8D118F070F9421B022A0C
:10A75000DFD9B6E7D2F824110029E3D1D36118F08C
:10A7600065F905462369D3F84821A2B918F05EF9C6
:10A77000431B022BF6D9A4E70022C3F80421236966
:10A78000D3F8242112B10022C3F82421D3F83C05C8
:10A790002066C0B296E70022C3F84821EFE7012304
:10A7A000FFF788BF10B5044680F8B010683017F086
:10A7B00082FE0123637710BDF8B500234377036958
:10A7C00090F8B020C3F88825012600F168071E62C2
:10A7D0000446C3F8447538460D4617F07EFE2369DB
:10A7E000C3F848059E6018F021F906462369D3F89E
:10A7F00050214AB9D3F8242132B918F017F9831B34
:10A80000022BF3D90420F8BD0022C3F8502118F020
:10A810000DF90646384617F060FE60B12369D3F89B
:10A82000602142B9D3F824312BB918F0FFF8831B0B
:10A83000022BF3D9E6E723690022C3F86021012245
:10A8400085B9D3F8241169B9DA6118F0EFF8054633
:10A850002369D3F8482142BB18F0E8F8431B022BC8
:10A86000F6D9CFE75A6118F0E1F805462369D3F825
:10A8700004212AB918F0DAF8431B022BF6D9C1E7F4
:10A880000022C3F804212369D3F824010028BAD098
:10A890000022C3F82421D3F8C404C3F8C404022856
:10A8A000B1D00428AED10320ADE70022C3F848217F
:10A8B000E9E70121FFF780BF4369D3F8642173B54D
:10A8C000044682B10022012500F12006C3F864216C
:10A8D0000577304617F0EFFD63694022C3F8346511
:10A8E000C3F838251D636369D3F86821DAB1002500
:10A8F000C3F868514FF4807304F16800A38301909A
:10A9000017F0D9FDD4F8B43001980BB198470198ED
:10A9100063696577C3F8440517F0DFFD63690122B9
:10A92000C3F848055A636369D3F804215AB1002279
:10A93000C3F80421227F32B1D3F83C05D4F8B830F3
:10A94000206603B198476369D3F8242142B10022FD
:10A95000C3F82421D3F8D024C3F8D02401225A61AB
:10A9600002B070BD0148FFF7A7BF00BF542F002001
:10A970000148FFF7A1BF00BF1030002073B51423BA
:10A98000124C134E134D1322CDE900324FF04022EA
:10A99000042311462046FFF7E9FD324629462046AA
:10A9A0001BF01FFD0C4C0D4A1E231F21CDE9003169
:10A9B000204611460323FFF7D9FD3246294620469B
:10A9C00002B0BDE870401BF00CBD00BF542F00204A
:10A9D0000000002025A500001030002000300040BD
:10A9E00038B50025057329B90B4B0C4A0C482521B5
:10A9F0001BF00AF801600B49856051F82330837120
:10AA00009DF8103051F8222051F823304371022371
:10AA10000271C37138BD00BF94C30200A2C302001B
:10AA2000DFC30200B4AC0200037B1BB90122036147
:10AA300082818373704784B00DF1100C0CE90E0015
:10AA40009DF80810026800230129C2F80035039B15
:10AA500011D003290CD009B943F00203C2F85435D0
:10AA6000019BC2F824350123C2F8003504B07047B9
:10AA700043F00403F2E743F00603EFE710B5FFF7F6
:10AA8000D3FF03688279C3F808254279C3F80C25FF
:10AA90000279C3F81025034BBDE810400ECBFFF739
:10AAA000CABF00BFE030002010B485B001AC84E81C
:10AAB0000E0094E80E0005B05DF8044BFFF7BBBF35
:10AAC00070470368C3F81C15D3F80821002AFBD08F
:10AAD000D3F818050022C3F80821C0B2704700005F
:10AAE00007B5094B09490A484FF080421A60002215
:10AAF0009A6002221A710F2300930E220D23FFF792
:10AB00006FFF03B05DF804FBE0300020003002402E
:10AB1000CC30002082B00DF1080C0CE90600DDF805
:10AB200001200260BDF8052082809DF8002082711E
:10AB300002B0704730B54B6804468BB00846A2712E
:10AB40002BB900232360A38020460BB030BD062B19
:10AB500009D1096822468B1D9942F5D013F8010DE1
:10AB600002F8010BF8E7112BEBD105AB029306AB12
:10AB7000019304AD07AB0093039508AB09AA0949FB
:10AB800000681FF069FA06281EBF00232360A38017
:10AB9000621D631E55F8041B03F8011F9A42F9D188
:10ABA000D2E700BF37C4020070478079704708B50C
:10ABB0000B460622014618461FF01AF9B0FA80F03B
:10ABC000400908BDFFF7F3BF73B5044616460D46AE
:10ABD00019B912B10D481BF011FC731B0F2B019317
:10ABE00007D9002201A920461BF012FC019B20601E
:10ABF000A3603246294620681BF03DFC019B226879
:10AC000063600021D15402B070BD00BF49AD0200A5
:10AC10000368194401607047034608688A79186020
:10AC2000888898809A7118467047C0797047806804
:10AC300070472DE9F041D0E907C6A6EB0C06022EBD
:10AC40004FF000002DD90746A1F1020E4FF0060883
:10AC50001CF80740B4420CEB070522D26D788D42F8
:10AC600017D1BEF1160F28D8DFE80EF00C0C1D1D11
:10AC70002020272727272727272727272727272772
:10AC80002723230000EB5400C0B213B142B190421D
:10AC900006D2E5432E440134022E2744D8D803B10E
:10ACA0001F60BDE8F08100EB9400EDE700EB1410AD
:10ACB000EAE7B4FBF8F52844E6E70130E4E7D3B56A
:10ACC0000023013113700193164601ABCAB216215D
:10ACD0000746FFF7AEFF824204D10223019833708A
:10ACE00002B0D0BD101AC2B201AB20213846FFF726
:10ACF000A0FF824201D10423F0E7141AE2B201ABB3
:10AD000021213846FFF795FF824201D11023E5E764
:10AD10004FF0FF30E4E738B500231A461621054608
:10AD2000FFF787FF00231A46044620212846FFF735
:10AD300080FF002304441A4621212846FFF779FFAB
:10AD4000E4B22044C0B238BD08B5FFF7E4FF0038D4
:10AD500018BF012008BD2DE9B84100231A46022181
:10AD60008046FFF766FF002307461A460321404648
:10AD7000FFF75FFF00233844C7B21A46042140465C
:10AD8000FFF757FF002338441A46C5B20521404655
:10AD9000FFF74FFF00231A46054406214046FFF700
:10ADA00048FFEDB200232C181A4607214046FFF752
:10ADB00040FFE4B22044C0B2BDE8B88108B5FFF757
:10ADC000CAFF003818BF012008BD82B0034668469C
:10ADD00080E8060003C89980090C1860997102B0D8
:10ADE0007047C171704781607047C0697047D0E992
:10ADF0000702101A7047000010B5064A00F1080358
:10AE00000446036011464FF00003FFF7DDFE2046C5
:10AE100010BD00BF15D3020070B586B00446684669
:10AE2000FFF7EAFF694600222046FFF783FE00266F
:10AE300068461BF00FFBC4E9076666623E201AF005
:10AE40002BFC05463E35E06165623E2231461FF02F
:10AE500005F8064BA360002200232046C4E9042322
:10AE60002562E671268306B070BD00BFF1D8FFFFF2
:10AE7000F0B589B0002301320F4605460193D4B2E4
:10AE8000022101AB22463846FFF7D3FE844221D887
:10AE9000032930D9062934BF04221022FE69019B00
:10AEA000F118F35C14FB02F6B342BFBF241AB3FBE4
:10AEB000F2F050FA84F4E4B212FB04F4A3420FDD82
:10AEC0000231A41A00232144284602F0B4FB28468C
:10AED00009B0F0BD4E1CF1B2241A0829E4B2D0D159
:10AEE00002A8FFF789FF02A9284602F0CCFB02A8BE
:10AEF0001BF0B0FAEBE70222D0E730B50D4689B07F
:10AF0000114604460DF107022846FFF7D8FE431C00
:10AF10000ED0EB699DF8072019181B5C934207D3EC
:10AF200000230231204602F086FB204609B030BDE6
:10AF300002A8FFF761FF02A9204602F0A4FB02A8C5
:10AF40001BF088FAF1E710B500F10803044603602E
:10AF50000A444FF00003FFF737FE204610BD37B517
:10AF60000D460022044601AB092128460192FFF755
:10AF700060FE024668B1EA69019BD118D25C012AE1
:10AF80000ED9013A02312046FFF7DDFF204603B01B
:10AF900030BD01AB08212846FFF74BFE0028EAD15F
:10AFA0002046FFF729FFF1E737B50D460446114665
:10AFB00028460DF10702FFF782FE431C10D0EB6913
:10AFC0001A5C19189DF807309A4209D9D21A023131
:10AFD000013A19442046FFF7B6FF204603B030BDC2
:10AFE0002046FFF709FFF8E710B50C1A134605D005
:10AFF0000146224618461EF017FF0346181910BDD9
:10B000009A422DE9F34705460E461746984620D04A
:10B01000A3EB0209D0E901431B1B4B4535D3A4EB3D
:10B02000010AD14518D2A4EB090A2246214650460E
:10B03000FFF7DAFF6B68BAEB06024B446B6003D094
:10B040003146A01A1EF0F0FE324641463846FFF760
:10B05000CBFF02B0BDE8F087514601A80192FFF78F
:10B06000D7FD6A6801984146FFF7BEFF6A68A9EB01
:10B070000A094A446A6021463046FFF7B5FF6B680B
:10B08000019953446B603246E0E70368E41A6FF0BD
:10B0900000431A1B914502D91A481BF0B2F9A14589
:10B0A00038BFA14614EB090427D2002C25DB26D09B
:10B0B00020461AF0F1FA81462968B6EB010A03D05E
:10B0C000524648461EF0B0FE09EB0A024146384699
:10B0D000FFF78AFF6A68B2EB0608074603D04246CC
:10B0E00031461EF0A1FE2868474408B11AF0D8FA8C
:10B0F0004C44C5E90097AC60ABE71C46D8E7A146D5
:10B10000DAE700BF49C402002DE9FF4104460D46BD
:10B11000164601EB0208002B35D1436A4276C2691C
:10B120009B1A9E4213D930461AF0B6FA414602469F
:10B1300007462846FFF758FFE06908B11AF0B0FA51
:10B140003E44C4E90866E76104B0BDE8F081016AE5
:10B15000891A8E4208D841462846FFF745FF236AE0
:10B160009842F1D02062EFE703A80395FFF750FD66
:10B17000E26903992846FFF737FF226A03984146A0
:10B18000FFF732FFEEE74FF000038DF800300A467C
:10B190004346016A1C30FFF733FFD5E708B11AF0C8
:10B1A0007FBA7047002808B501DA1BF024F9BDE822
:10B1B00008401AF071BA036819440160704770B50D
:10B1C000D0F8CC5004460E46D4F8D0309D4214D06E
:10B1D0003146284602F0E8FA05F1180388B1D4F8A0
:10B1E000D020934204D0D21A194628461EF01CFEE5
:10B1F000D4F8D030183BC4F8D030002384F8DB30CA
:10B2000070BD1D46E0E7A0F8C2107047A0F8C4105A
:10B2100070470000A04B2DE9F74F1E7804460D46FD
:10B22000914626B90026304603B0BDE8F08F00F005
:10B230004FFF074620B10378002B72D101F0F0FCDC
:10B2400005F0EEFB0028EED1C4F8E450002D6DD0DF
:10B250004FF47A7808FB05F8022384F8C1300623FE
:10B26000237094F8C030C4F8DC902BB994F8DA302D
:10B2700013B984F8C130237094F8D830002B40F013
:10B28000488194F8DB30002B40F04381257894F816
:10B290005C30002D18BF032513B102331D44EDB2FD
:10B2A00094F82C3013B102331D44EDB294F84430BD
:10B2B00013B102331D44EDB294F84C3013B1023394
:10B2C0001D44EDB294F8543013B102331D44EDB275
:10B2D00094F83830DB0794F8233044BF0435EDB2DE
:10B2E000DE07636A44BF0335EDB20BB10635EDB23C
:10B2F000D4E93369B14500F09C80304602F04FFA42
:10B300000378102B2FD1217A002914BF02230423A4
:10B310002B441F2B0DDD637A6FF300036372183625
:10B32000E8E701F052FB02288AD97BE76FF000487A
:10B3300092E7013160688900DDB218F0DEFF8246D5
:10B34000606008B91EF098FC304694F808B002F02E
:10B3500026FA03684AF82B30637A43F001036372DC
:10B36000237A01332372304602F019FA0378202B36
:10B3700027D1217C002914BF042306232B441F2B33
:10B3800004DD637C6FF300036374C8E70131E06898
:10B39000C900DDB218F0B1FFE0600028D2D0237CF4
:10B3A00000EBC30A304602F0FAF902460068516821
:10B3B000534603C3637C43F001036374237C01336E
:10B3C0002374304602F0EBF90378802BA7D1217E5D
:10B3D000002914BF102312232B441F2B04DD637E8E
:10B3E0006FF3000363769AE70131606901EB0111A5
:10B3F000DDB218F082FF60610028A3D094F818A095
:10B400000AEB0A1A8244304602F0C9F9534600F1A9
:10B41000100250F8041B43F8041B9042F9D1027843
:10B420001A70637E43F001036376237E0133237633
:10B4300075E794F8202094F8DA10931C2B441F2B06
:10B4400043DD59B394F8D93043BBE36984F88020D5
:10B450001D2AE36789BFB4F8803094F8813023F463
:10B46000FF7323F001038BBF43F01D0343F001037F
:10B47000A4F8803084F881300023E361238C23F426
:10B48000FF7323F00103238404F1600005F0B7FA91
:10B490000546E0B11FE000BF2431002094F82330BE
:10B4A000D80742BF033DEDB26FF30003C5F11D05A0
:10B4B00048BF84F82330AA42C1BF94F8213084F8F1
:10B4C00020506FF3000384F82130002937D1204643
:10B4D00005F07EFA0546237E2BB1606918F00FFF58
:10B4E000002363612376237C2BB1E06818F007FF0B
:10B4F0000023E3602374237A2BB1606818F0FFFE09
:10B50000002363602372002D7FF48CAE012384F846
:10B51000DB300D480D4B002F14BF07461F46CDE909
:10B5200000740B4804F1C00300784246002105F086
:10B530003DF930F002030CBF0126002673E694F8B3
:10B54000D930002BC3D19FE7F1CE000029B600000F
:10B550000831002008B505F019F930F002030CBFDE
:10B560000120002008BD38B5044600F08FFE28B148
:10B5700005F056FA10B12046FFF7ECFF60220021DB
:10B5800020461EF06BFC602200250021A0181EF052
:10B5900065FCC4F8C050C4F8C450A4F8C850C4F83E
:10B5A000E05002F06DFFE0611EF0B2FD94F8213032
:10B5B00084F8200043F0010384F8213000F018FEE5
:10B5C0000623237040F20223A4F8C0306FF000433A
:10B5D000C4F8E4304FF48033C4E9363584F82200EF
:10B5E00038BD10B50023C0E93333C0E93A33C0E9B0
:10B5F0003C33C0E93E33C0E94033C0E94233C0E9DF
:10B600004433C0E94633C0E94833C0E94A3304460D
:10B61000C0F8D430FFF7A7FF204610BDD0F8DC30CB
:10B6200003B118477047000008B5034608461A786A
:10B63000092A0AD15B68162B09D8064901229A40CB
:10B640000A4204D0184600F0D1FC002008BDFFF7E4
:10B65000E5FFFAE700184800D0F8E410002280F86F
:10B66000DB2019B9D0F8DC20FFF7D4BDFFF7D6BF37
:10B670002DE9F74FD0E9009AAAEB0903DC103B4B08
:10B680008B463B4963438B42804602D139481AF0CE
:10B69000B8FE012B1C4638BF0124E418ABEB0907A8
:10B6A00061D254B18C4228BF0C46182060430192ED
:10B6B00019F0F2FF019A064600E026469446BCE8DF
:10B6C0000F00F5190FC59CE8030085E803004FF053
:10B6D000000E0EEB0905AB451DD1274A0192FB0870
:10B6E000534323F06043182707FB039E03FB0777B0
:10B6F00037444FF0000B0EEB0B05AA4517D00FCDCA
:10B7000007EB0B0CACE80F0095E803000BF1180BEE
:10B710008CE80300EFE70FCD06EB0E0CACE80F0052
:10B7200095E803000EF1180E8CE80300D1E7019BA9
:10B73000AAEB0E0E4FEADE0E03FB0EFE2EF0604E5D
:10B74000182303FB0E77B9F1000F02D0484619F019
:10B75000A7FF182000FB0464C8E90067C8F8084088
:10B7600003B0BDE8F08F0C469FE700BFABAAAAAAC2
:10B770005555550592C40200ABAAAA0A0A46D0E95B
:10B780003413994270B5064610D014460D460FCCBE
:10B790000FC594E8030085E80300D6F8D0301833CD
:10B7A000C6F8D030002386F8DB3070BDCC30FFF710
:10B7B0005FFFF7E730B58DB002AB054600930C464E
:10B7C000C9B108461EF0A4FC22184FF00003214620
:10B7D0006846FFF7F9F9694606A801F054FF06A983
:10B7E0002846FFF7CBFF68461AF034FE002385F8A1
:10B7F000DB300DB030BD4FF0FF32E6E7091A30B54F
:10B80000431E551810462C1A002C04DD13F8014F66
:10B8100000F8014BF7E70029ACBF5018101C30BDF1
:10B820002DE9F3418368A2EB0108174602689B1AD1
:10B83000984504460E4618D9B8F1000F02DA1948A7
:10B840001AF0DFFD4046FFF7ADFC394605460246DB
:10B850003046FFF7D3FF2068FFF7A0FC2560454482
:10B86000C4E9015502B0BDE8F0814168891A8845F4
:10B8700008D839463046FFF7C1FF63688342F1D0EC
:10B880006060EFE701A80196FFF795FC2268019937
:10B890003046FFF7B3FF626801983946FFF7AEFF05
:10B8A000EEE700BF61C4020010B50446D1E9000212
:10B8B0004FF000030244014604F58670FFF7B0FF25
:10B8C000D4F80C21D4F81031E2619B1A84F82030AE
:10B8D000002384F8DB3010BD704770477047704715
:10B8E000704710B5044619F0DBFE204610BD00007D
:10B8F000F8B58388934204460F46154621D3038941
:10B900000668934205D23046511C18F0F6FC25819A
:10B91000064636B90C4B0D4A0D484FF4C4711AF067
:10B9200073F817F0CBF82A463946266030461EF0E9
:10B930006DFA236800225A55E58017F0C7F80120F8
:10B94000F8BD0020FCE700BFACC40200CEC402007A
:10B9500006C502002DE9F8431F4604460E469046F0
:10B9600001F01AFF142F38464FF00005A8BF14202D
:10B9700001211FFA80F9A562A585084418F0BBFCD7
:10B98000606230B9174B184A18484FF49D711AF08D
:10B990003BF8B7F5007FC4E90C55C4E91055A8BFC2
:10B9A0004FF400772785A4F82C90A563A564314651
:10B9B000234606F1140251F8040B43F8040B91429C
:10B9C000F9D10A781A704FF6FF732383084BE361AD
:10B9D000089B23620023A4F81A8084F83C30204698
:10B9E000BDE8F88346C502005FC5020006C5020037
:10B9F0008C000020F8B5D0E90C670446B7420AD0A5
:10BA000056F8045B002DF9D0284600F041FA28468C
:10BA100019F046FEF2E7206C08B119F041FE206BE8
:10BA200008B119F03DFE606A08B118F068FC2046C4
:10BA3000F8BD008B7047408B70470162704770B54E
:10BA40000C46064605460FCC0FC594E8030085E872
:10BA50000300304670BD000070B504460D461AB1B3
:10BA600000200021C2E900010023C4E90033238142
:10BA7000A88D013018F03DFC064630B90C4B0D4A3C
:10BA80000D4840F2651119F0BFFF17F017F82B8D24
:10BA90006A8D2660A380AB8D696AE28023810132C2
:10BAA00030461EF0B3F917F011F8204670BD00BF04
:10BAB00092C50200B4C5020006C502002DE9F04F90
:10BAC0008DB01C4693682646D3F800A08146904668
:10BAD0000FCE00AF3D1D0FC596E8030085E80300BB
:10BAE000381D01F05CFE014650460CF01FFA20B9EB
:10BAF00098F800301BB1012B38D00E2529E0391DF4
:10BB0000484604F04DFC30B1394B3A4A40F2151129
:10BB1000394819F079FFD8F804305B79082B1DD922
:10BB2000E069036821469B689847E06903683A1D0D
:10BB3000DB682146984716F0C1FF628D616AD8F82C
:10BB400004000DF07DF8054616F0C0FF002D18BF6B
:10BB5000112528463437BD46BDE8F08FB88C02F079
:10BB6000A3FD638D02389842DADCE4E7D8F804508C
:10BB7000B4F828B0EE885E45EA4602D90D25D546D0
:10BB8000E7E70BF10703DB08AAEBC3039D4629682F
:10BB900032466846E8461EF039F9ED685DB1EA883C
:10BBA000B3185B45EAD808EB060029681EF02EF9A9
:10BBB000EB881E44F1E7391D484604F0F1FB0546C9
:10BBC00020B10B4B0B4A40F23B11A1E7B2B2414608
:10BBD00004F12400FFF78CFEE069036821461B692D
:10BBE0009847E06903683A1D5B6921469847C6E7B4
:10BBF000E9C50200F1C5020053C602002DE9F04775
:10BC000017461E46D0E910239A428EB00546894653
:10BC100047D0C069036829469B699847D5E9104A0F
:10BC2000B5F81A80043408F46068BFB2231F9A453F
:10BC300037D0286A01F065FB34F8041C00F0DDFE03
:10BC400003283DD034F8023C002B39D0B8F1000F66
:10BC500009D034F8040C03A904F0A2FB80BB9DF8C2
:10BC60000C30D9072CD534F8023C0EB1DA0703D4D6
:10BC700083F00203C3F340063946484609F062FBED
:10BC80000246FEB96B8B9B061CD5019000F020FA92
:10BC900034F8041C00F0B4FE019A28B910460CF0E8
:10BCA000C5FF0EB0BDE8F087298B34F8040C06F010
:10BCB0004EFC28B100F00CFA34F8041C00F0ADFE84
:10BCC0000434B3E7298B34F8040C06F011FCF7E7D1
:10BCD00010B40B46428D416A5DF8044BFFF78EBFEE
:10BCE0000021FFF7F5BF0000024B002908BF1946ED
:10BCF000C16170478C00002008B592B22430FFF774
:10BD0000F7FD08BD2DE9F84FD0E9009A8846934623
:10BD1000AAEB09016FF06042B2EBA10F07464FEAB0
:10BD2000A10302D11E481AF06CFB012B1C4638BF40
:10BD30000124E418A8EB090630D23CB1944228BF94
:10BD40001446A00019F0A8FC054600E02546DBF8E3
:10BD50000030AB51002309EB030290450AD10436B1
:10BD60002E44002303EB0802924507D01268F250DC
:10BD70000433F7E71268EA500433ECE7AAEB08084B
:10BD80004644B9F1000F02D0484619F089FC05EB92
:10BD90008404C7E90056BC60BDE8F88F1446D0E7BC
:10BDA00092C40200F0B50E468DB0054601A9B088D8
:10BDB00004F0F6FA002854D1727A12F002041CBF83
:10BDC0006C8BC4F30014110704D56B8B9B0648BF22
:10BDD00044F0020402F00C02042A04D100F078F9C5
:10BDE000B18800F01AFED5E9101399420A4624D012
:10BDF0001788B088874201F10401F6D1C4B9043232
:10BE0000934217D0991A8910002902F1040211DD1A
:10BE100032F8040C22F8080C32F8020C22F8060C56
:10BE20000139F1E76A4605F14000FFF76BFF11E0C9
:10BE300054800FE0043B6B640CE05CB1B388ADF858
:10BE40000030AB6CADF802409942EBD0009841F85D
:10BE5000040B6964E869036801AA1E6A294623463F
:10BE6000B0470DB0F0BD0000024A034903481AF084
:10BE7000B8BA00BF00000020D9B800008C00002034
:10BE80007047704710B5044619F00AFC204610BDF3
:10BE900010B50446806A08B118F031FA204610BD8A
:10BEA0002DE9F04F8DB01D4693682E46D3F800A0C3
:10BEB000814690460FCE00AF3C1D0FC496E80300AC
:10BEC00084E80300381D01F06AFC014650460CF07E
:10BED0002DF8044628B998F80030022B03D0032B24
:10BEE00031D00E2422E0391D484604F059FA28B119
:10BEF000314B324A3248A92119F086FDD8F8043076
:10BF00005B79082B17D9E869036829469B6898472D
:10BF100016F0D4FDEA8DA96AD8F804000CF090FE62
:10BF2000044616F0D3FD002C18BF112420463437E8
:10BF3000BD46BDE8F08FB88C02F0B6FBEB8D023841
:10BF40009842E0DCE4E7D8F80480B5F82C90B8F823
:10BF500006604E45EA4602D90D24D546E6E709F1CA
:10BF60000703DB08AAEBC3039D46D8F8001032464E
:10BF70006846EB461DF04AFFD8F80C80B8F1000F78
:10BF80000ED0B8F80620B3184B45E5D80BEB0600E9
:10BF9000D8F800101DF03AFFB8F806301E44EBE761
:10BFA0005946B2B205F12800FFF7A2FCE869036820
:10BFB0002946DB689847D0E7E9C50200C8C60200F9
:10BFC00026C70200024A034903481AF00ABA00BF12
:10BFD0000000002081BE00009000002008B50CF099
:10BFE0000FFDBDE808400DF067BA0000064B1A7857
:10BFF0004AB100221A70054B1B7823B1044B186814
:10C0000008B100F08DBA704724310020EC300020D8
:10C010002031002010B5164C207840BB0CF0B6FA49
:10C0200030B1144B144A154840F21B3119F0ECFCA6
:10C030001349087809F026F9C8B9124B4FF080521D
:10C040005A6040BFBFF34F8FBFF36F8F0123237040
:10C050000D4B1B785BB10D4B186808B100F0B2FABC
:10C060000B4B186818B1BDE81040FFF7F5BA10BDCA
:10C0700024310020E9C5020084C70200A7C70200DE
:10C080000831002000ED00E0EC30002020310020DD
:10C090000C31002010B50446006808B119F000FB0F
:10C0A000204610BD38B5094C236863B9342019F017
:10C0B000F3FA054600F01AFC256007F013FC02F0C5
:10C0C000F9F902F055FA206838BD00BF2831002088
:10C0D000014B1868704700BF2831002038B5064C66
:10C0E00023683BB94FF4987019F0D6FA0546FFF76C
:10C0F00078FA2560206838BD0C31002008B5FFF7BC
:10C10000EDFF0022BDE808401146FFF783B808B5EF
:10C11000FFF7E4FFBDE80840FFF71CBA38B5064C4E
:10C12000236833B9282019F0B7FA054600F0A0F9C2
:10C130002560206838BD00BF20310020F8B50446D6
:10C1400008B90020F8BD002383730DF032FD70B3F1
:10C15000132120460DF0FAFC30F0020301D007282D
:10C16000EFD1214D4FF0805620460DF022FD30B129
:10C170006E6040BFBFF34F8FBFF36F8FF4E760690E
:10C1800003682146DB689847184E3568B54223D0CE
:10C19000AB682F689C4208D1B368013B2846B36066
:10C1A0001AF024F9284619F07BFA3D46EEE7A36918
:10C1B000002BE9D004F080FE30F00203C1D10A4B1D
:10C1C0004FF08052A1690029DED05A6040BFBFF312
:10C1D0004F8FBFF36F8FF5E720460DF09DFC204693
:10C1E00019F05EFA0120ADE700ED00E01431002007
:10C1F00001F0ECBD38B5194D2A780446F2B90CF0BF
:10C20000A7FB174B174ADA60174A1A619A6802F4BB
:10C210007141164A0A439A602068154A1A6202F070
:10C2200033F930B1134B144A144840F2853119F0F8
:10C23000EBFB0CF0C3F812480DF00AF91149124B50
:10C240004FF08052087830B95A6040BFBFF34F8F2B
:10C25000BFF36F8FF6E701232B7038BDEC30002061
:10C260005C010020EDBF000015C0000003080103C1
:10C27000B97E0100E9C50200E7C70200A7C70200B6
:10C28000DDBF00002431002000ED00E0014B1878F4
:10C29000704700BFEC300020014B1868704700BFAA
:10C2A0009400002004F050BF70B5074D2C6806467E
:10C2B000AC4207D0314604F10800FEF783FC10B908
:10C2C0002468F5E7002070BDFC30002010B504465E
:10C2D000006808B119F0E4F9204610BD38B50446ED
:10C2E0000068844204D0056819F0DAF92846F8E7B6
:10C2F00038BD10B50446FFF7F1FF204610BD38B534
:10C3000004460068844204D0056819F0C9F928463B
:10C31000F8E738BD2DE9F04105460CF041FB044635
:10C32000002862D10CF030FB314B1C70314B1C707B
:10C33000002D5AD0304E356835B1284600F0F0FA5D
:10C34000284619F0ADF934602C4D2C680CB304F577
:10C350009270FFF7BBFF04F58C70FFF7B7FF04F591
:10C360008670FFF7B3FF04F58070FFF7AFFF04F1AD
:10C37000F400FFF7ABFF04F1E800FFF7A7FFD4F8E4
:10C38000CC0008B119F08CF9204619F089F9002386
:10C390002B601B4D2C683CB1204600F0DCF8204699
:10C3A00019F07EF900232B60164C256827460026DD
:10C3B000A5420AD0A868FFF7C1FE3846FFF78EFFF6
:10C3C000C4E90044A6602D68F2E70F4C2046FFF751
:10C3D00096FF0023A3600D4B1868C4E9004420B108
:10C3E0000368BDE8F0415B681847BDE8F08100BF15
:10C3F000EC30002024310020283100200C310020B6
:10C400002031002014310020FC30002010310020A9
:10C4100010B50446FFF773FF204610BD0D480E4AC5
:10C420000E4910B500248460C0E9000019F0D9FF5E
:10C430000B48094A0B498460C0E9000019F0D1FF9C
:10C440000948054A8460C0E900440849BDE8104035
:10C4500019F0C7BF1431002000000020F3C2000013
:10C46000FC30002011C40000F030002095C0000016
:10C470008189002221F4FF61C0E904220260826107
:10C4800082608273026221F007016FF0004241F482
:10C49000C061C261FF22818180F824207047437B04
:10C4A00081F0010161F3410343737047437B61F302
:10C4B00082034373704780F824107047437B016008
:10C4C00082F0010262F3820343737047F7B5066995
:10C4D00004460F4663699E421ED03546684655F8AD
:10C4E000041BFEF799FB39466846FEF760FBA8B1CE
:10C4F000376837B1F86908B119F0D2F8384619F041
:10C50000CFF86269AA4204D0521B294630461DF07A
:10C510008BFC6369043B636103B0F0BD2E46D9E731
:10C52000012383737047F8B5D0E904670446B74226
:10C530000BD056F8045B002DF9D0E86908B119F06A
:10C54000AFF8284619F0ACF8F1E7D4E90432934289
:10C5500018BF6361F8BD10B50446FFF7E4FF20691A
:10C5600008B119F09DF8204610BD000073B50446CF
:10C570001E464260C161E9B14FF47A7359430EB966
:10C580000123A37300230D48009300780C4B04F1A2
:10C59000080204F04DFA054618B916B92046FFF70F
:10C5A000C2FF0023A37335F002030CBF012000205B
:10C5B00002B070BD6FF00041E1E700BF083100201C
:10C5C000C9C6000000238373C3692BB9016819B180
:10C5D00042681946FFF7CABF704770B5D1E9003508
:10C5E000ED1A0023C0E900338360AB1004460E4609
:10C5F00008D0B3F1005F01D319F0FDFE284619F011
:10C600004BF80346D6E900121D449142A560C4E9E7
:10C610000033A2EB010504D018462A461DF004FCA5
:10C6200003462B446360204670BD00002DE9F84F9F
:10C63000D0E9009893466FF06043A8EB0902B3EB92
:10C64000A20F07468A464FEAA20402D11D4819F0FC
:10C65000D8FE012C224638BF0122A418A1EB0905FF
:10C660002DD23CB19C4228BF1C46A00019F014F802
:10C67000064600E02646DBF800307351002D04DD4D
:10C680002A46494630461DF0CFFBA8EB0A08043580
:10C69000B8F1000F354404DD4246514628461DF0EE
:10C6A000B5FB4544B9F1000F02D0484618F0F8FF39
:10C6B00006EB8404C7E90065BC60BDE8F88F1C4642
:10C6C000D3E700BF92C402002DE9F047054688B0C9
:10C6D000FFF724FD2B78082B044600F09D80132BD8
:10C6E00002D0072B40F09480A37B002B40F0908079
:10C6F0006B892A7BD5F806102F7903AE43EA0242F4
:10C700003046FEF707FA3046FFF7CEFD00287FD10E
:10C71000D4E9048A0290C245C1460FD0D9F800106E
:10C7200005A8FEF779FA314605A808F10408FEF7D6
:10C730003EFA0028EFD0D9F800300293029B3BBBB1
:10C74000042F65D094F82420531EDBB2FD2B05D8AE
:10C75000D4E904135B1AB2EBA30F59D9282018F0BF
:10C760009BFF8046FEF758FBCDF8088096E8060050
:10C770004046FEF72AFB394602980122FEF731FBBC
:10C78000D4E90513994229D0029B41F8043B616129
:10C790000020DDF808801DF0A9FEC8E90401029818
:10C7A00095F90D10FEF71FFB391F4B424B416A797B
:10C7B00029690298FEF7A8FC23684BB3637B0298B3
:10C7C0005A0701D5027E1ABB9B070DD50299206836
:10C7D00001230B7603689B6898470FE002AA04F1D7
:10C7E0001000FFF723FFD3E7FEF71FFA20B10298EE
:10C7F000FEF71BFA0228E9D1042FE7D094F8243081
:10C8000033B9029B1B7E1BB131462046FFF75EFE0B
:10C81000002008B0BDE8F08703686BB1D0E9046779
:10C82000B74209D056F8041B0B7E002BF8D12068C4
:10C8300003689B689847F3E794F8243013B92046BF
:10C84000FFF771FE666856B104F1100105A8FFF705
:10C85000C4FE05A8B047059808B118F021FF206A6A
:10C860000028D5D06B688360002200920223114615
:10C87000406817F0EBFACBE7704770477047704796
:10C880000048704740E201000120704710B504469F
:10C8900018F006FF204610BD00F1080373B50446EA
:10C8A00003600D46E1B108461DF032FC0F2805EB90
:10C8B0000006019007D9002201A9204619F0A8FD21
:10C8C000019B2060A36020683246294619F0D3FD01
:10C8D000019B2268636000212046D15402B070BDE4
:10C8E000014819F08BFD00BF49AD02004FF0FF3148
:10C8F0000022C0F80A10C18108490263C0E904227D
:10C90000C0E90622C0E90822C0E90A22416082701B
:10C910004FF480710122018002727047980000205C
:10C92000F8B5D0E907670446B7420AD056F8045B69
:10C93000002DF9D0284600F085FC284618F0B0FEFE
:10C94000F2E7237A3BB160680A4B984203D010B1FA
:10C9500003685B689847A06A08B118F0A1FEE06917
:10C9600008B118F09DFE206908B118F099FE204624
:10C97000F8BD00BF980000202DE9F043D0E9075929
:10C9800087B00E4617460024A945A84615D0D8F80A
:10C990000010684600F084FC31466846043500F01B
:10C9A00003FF0028F0D0BC4204D1D8F8000007B043
:10C9B000BDE8F0830134A4B2E6E70020F7E7FFF713
:10C9C0008DBB0846114604F035B9D0E90403181AA6
:10C9D0004010704711B1416002727047014B4360D3
:10C9E000704700BF9800002008B5FFF777FB0022D2
:10C9F000BDE808401146FEF70DBC084601F054BEE4
:10CA000043898B4207D083898B4204D0C389581A4B
:10CA100018BF012070470020704743898B420CD01B
:10CA200083898B420BD0C3898B4205D1022300EB53
:10CA300043004FF6FF73438170470023F7E701235C
:10CA4000F5E7F0B504460D1B0846ED10002D234612
:10CA500022DD16882488B44203D05C88B4420DD10C
:10CA600002338B4223D0981C81422CD030F8024BE9
:10CA70001588A542F8D023F8024BF5E79C88B4420C
:10CA800001D10433EDE7DF88B74203F1080401D197
:10CA90000633E6E7013DD9E70C1B042C0DD0062C2C
:10CAA00006D0022C03D11D881488A542D9D0F0BD30
:10CAB0001D881488A542D4D002331D881488A5424D
:10CAC000CFD00233EFE71846F1E700002DE9F84F29
:10CAD000D0E9009893466FF06043A8EB0902B3EBEE
:10CAE000A20F07468A464FEAA20402D11D4819F058
:10CAF00088FC012C224638BF0122A418A1EB0905AD
:10CB00002DD23CB19C4228BF1C46A00018F0C4FDA9
:10CB1000064600E02646DBF800307351002D04DDA8
:10CB20002A46494630461DF07FF9A8EB0A0804352D
:10CB3000B8F1000F354404DD4246514628461DF049
:10CB400065F94544B9F1000F02D0484618F0A8FD38
:10CB500006EB8404C7E90065BC60BDE8F88F1C469D
:10CB6000D3E700BF92C4020010B50A46D0E9011411
:10CB7000A14204D0126841F8042B416010BDFFF7B8
:10CB8000A5FFFBE72DE9F84FD0E9009893466FF039
:10CB90006043A8EB0902B3EBA20F07468A464FEAAF
:10CBA000A20402D11D4819F02CFC012C224638BFEA
:10CBB0000122A418A1EB09052DD23CB19C4228BF4B
:10CBC0001C46A00018F068FD064600E02646DBF88B
:10CBD00000307351002D04DD2A46494630461DF0D1
:10CBE00023F9A8EB0A080435B8F1000F354404DD39
:10CBF0004246514628461DF009F94544B9F1000F57
:10CC000002D0484618F04CFD06EB8404C7E90065E5
:10CC1000BC60BDE8F88F1C46D3E700BF92C4020099
:10CC20002DE9F043037887B00446ABBB06F0FAFA6F
:10CC300008B11DF021F8D4E9075804F12807A845E8
:10CC400028D0296891F8203053B9684600F028FBB5
:10CC5000684600F0A4FD296806F09CFD0028E8D194
:10CC600055F8043BD3E909694E453246E7D056F8FA
:10CC7000040B438B03F03003002BF5D0D4E90B13E6
:10CC8000994203D041F8040BE162EDE73846FFF723
:10CC900079FFE9E70123237007B0BDE8F0830000C6
:10CCA0002DE9F84FD0E9009893466FF04043A8EB88
:10CCB0000902B3EB620F07468A464FEA620402D1CB
:10CCC0001D4819F09EFB012C224638BF0122A418F2
:10CCD000A1EB09052DD23CB19C4228BF1C46600047
:10CCE00018F0DAFC064600E02646BBF80030735325
:10CCF000002D04DD2A46494630461DF095F8A8EB84
:10CD00000A080235B8F1000F354404DD42465146A9
:10CD100028461DF07BF84544B9F1000F02D0484683
:10CD200018F0BEFC06EB4404C7E90065BC60BDE832
:10CD3000F88F1C46D3E700BF92C4020042680B463E
:10CD400004318A4210B5044604D01846521A1DF028
:10CD50006BF803466268043A6260184610BDF8B585
:10CD6000D0E904329A42054627D12F46FFF7CFF982
:10CD700006F0B8FD01F09EFB01F0FAFB57F81C4FDE
:10CD80002B6AA34216D0266896F820306BB1022B8E
:10CD90000ED1304600F056FA304618F081FC21469C
:10CDA0003846FFF7CBFF0446EAE7304600F0BCFA0E
:10CDB0000434E5E70023AB702B70F8BD037810B5A1
:10CDC000044653B10120A0704FF6FF7101F0C2FB81
:10CDD0002046BDE81040FFF7C2BF10BD73B500226A
:10CDE00004460E46FFF7C8FD302018F055FC3146CA
:10CDF000054600F007FA01A904F11C000195FFF7B0
:10CE0000B3FE2046FFF7DAFF019802B070BD10B5FF
:10CE10008CB004466846FFF73FFD694606A800F05F
:10CE200032FC06A92046FFF7D9FF0446684619F0F0
:10CE300011FB20460CB010BD10B588B0044602A806
:10CE4000019100F02DFA002202A92046FFF794FD7F
:10CE5000019B93F8202032B901A904F11C00FFF7CF
:10CE600083FE08B010BD002283F820202046FFF783
:10CE7000A5FFF6E7F0B591F8207087B005460C469F
:10CE80001646BFB1A2B1D0E907318B421E460FD082
:10CE90003268A24203F10403F7D1204600F0D2F930
:10CEA000204618F0FDFB314605F11C00FFF746FF58
:10CEB00007B0F0BD084600F0FFF9394606F0A0FCC7
:10CEC0000028F5D1002E14BF0223012384F820305E
:10CED0002846FFF773FFFFF701F92146054668462C
:10CEE00000F0DEF969462846FEF769F9E0E7000040
:10CEF0002DE9F0418EB005460191FFF7E9F82B7856
:10CF000001990446112B17D8DFE813F012003C00FA
:10CF10001600160016001600160016001600D100A6
:10CF2000E200F5001600A500680096001600D60085
:10CF30006B681BB1FFF7E2F8002619E0D0E9051392
:10CF4000994219D02B8921F8023B4161288903A914
:10CF500003F026FA06460028EED1606803682146F1
:10CF60009B6898476068036803AADB682146984776
:10CF700030460EB0BDE8F08105F108021030FFF731
:10CF80008FFEE3E76868162806D87F4A01238340AE
:10CF9000134201D0FFF72AF8D4E9040105F1280271
:10CFA000FFF74FFD63699842A37818BF606113B122
:10CFB0002046FFF7D4FE6068036821461B69984746
:10CFC0006068036805F108025B6921469847637849
:10CFD000002BB1D02046FFF707FDADE7D0E90A6787
:10CFE000BE423446A8D056F8040BFEF722FDEB886B
:10CFF0008342F5D12068FEF71EFD43050DD5A888B4
:10D0000003A903F0CDF9002896D19DF80C30D8077C
:10D010000DD4A888FFF746F909E02068FEF70BFD5C
:10D020000705ECD42068FEF706FD8605E7D42068E6
:10D030002946FEF7B7FE7FE7A88803A903F0B0F9F9
:10D04000064600287FF478AF60682989036803AA40
:10D050009B6998478CE7D0E90A680027B04508D05B
:10D060003068FEF7E6FC6B89834208BF37680436F8
:10D07000F4E7002F3FF460AF2A7B6B68D10711D52E
:10D08000002B3FF459AF0E2B298920460CBF0022FC
:10D090000722FFF7C2FCF86903683946DC696B6850
:10D0A000A04749E7002B0CBF01220422F3E72846E2
:10D0B000FEF7BAFA06465BE7A88803A903F070F901
:10D0C00000285ED10DF117000AF0C1FE01264FE7DE
:10D0D000288903A903F064F906460028F6D12B4BF2
:10D0E000186820B103685B6903A9984740E7606846
:10D0F00003681B6AF8E71422002103A81CF0AEFEA7
:10D100002B79032B0BD18DF80C30FFF7C5F8204B92
:10D110000490984210D160680368DB692EE0042B0C
:10D1200013D18DF80C30194BA968186848B1036801
:10D130009B6998478DF81000A88903A90AF0FCFAAA
:10D14000FAE6606803685B6AF3E7012B0BD11149CB
:10D150008DF80C3004AA102311F8010B02F8010B12
:10D16000013BF9D1E8E7022B7FF4E6AE8DF80C30F5
:10D17000064B18680028CED003689B689847049037
:10D18000DAE70226F4E600BF00184800103100205C
:10D1900040E2010048C80200024A0349034819F06E
:10D1A00020B900BF0000002079C8000098000020CE
:10D1B00000F1080373B5044603600D46E1B108466B
:10D1C0001CF0A6FF0F2805EB0006019007D90022EE
:10D1D00001A9204619F01CF9019B2060A36020687A
:10D1E0003246294619F047F9019B22686360002105
:10D1F0002046D15402B070BD014819F0FFF800BFBD
:10D2000049AD020070B5061D044630460D4600F0DB
:10D21000C3FA0023C4E90933E3622946304605F125
:10D22000140351F8042B40F8042B9942F9D10B78E0
:10D2300003704FF6FF7323800023E36184F82030EE
:10D24000204670BDF8B5C3690446A3B1DB6873B16D
:10D250000025E369D868425943192AB1D86808B152
:10D2600018F01EFA1835F4E708B118F019FAE06959
:10D2700008B118F015FAD4E90967B7420AD056F890
:10D28000045B002DF9D02846FEF7B4FB284618F0C1
:10D2900007FAF2E7606A08B118F002FA2046F8BD12
:10D2A00070B50C1D064605460FCC0FC594E803006B
:10D2B00085E80300304670BD008870472DE9F043D3
:10D2C000D0E9095987B00E4617460024A945A8465B
:10D2D00015D0D8F800106846FEF7B1FB3146684615
:10D2E000043500F061FA0028F0D0BC4204D1D8F82F
:10D2F000000007B0BDE8F0830134A4B2E6E70020E7
:10D30000F7E7FEF7E5BE42680B4604318A4210B5E6
:10D31000044604D01846521A1CF086FD0346626883
:10D32000043A6260184610BD2DE9F04F87B00446FC
:10D33000FEF7CEFE8278E3690AB383B1DB6843B1BE
:10D34000D86808B118F0ACF9E369D86808B118F0EA
:10D35000A7F9E06908B118F0A3F90023E3612020E0
:10D3600018F09CF9012307460370201D00F017FAFE
:10D37000A046002658F8245F7860BE6012E0002BBB
:10D38000EDD0E06906F05EFA002840F0E180E06947
:10D3900006F00EFAB0FA80F0400907B0BDE8F08F51
:10D3A00001360435A36A9D4213D0D5F8009099F850
:10D3B0003C30002BF5D0022BF2D14846FEF71AFB89
:10D3C000484618F06DF929464046FFF79CFF054690
:10D3D000E8E7616A6D1AD6EBA503019304D1FB60FF
:10D3E00000233B74E761CCE7019B5A4A0133934227
:10D3F0009ABF182058434FF0FF3018F04FF9666A73
:10D4000081464FF0000AA36AB34200F09880336867
:10D4100093F83C80B8F1000F54D11D6B434632683D
:10D42000516B8D4227D0294651F804BB9BF834201C
:10D43000EAB1022A1DD15846CDE90213FEF728FDB4
:10D44000584618F02DF9D6F800B00299DBF83420D0
:10D45000039B8A4205D0521A284602931CF0E4FC32
:10D46000029BDBF83420043ACBF8342029460D46E1
:10D47000D5E70133FBE7126BAD1AD3EBA5050AEB39
:10D480004A02029209EBC20B1ED1CBF80C50306855
:10D4900000F085F9029B49F833002F4BCBF804309C
:10D4A0003368CBF8083033685B8BABF8103000235F
:10D4B0008BF8123033680AF1010A1833CBF81430B4
:10D4C0005FFA8AFA04369EE7681CB0F1006F34BF39
:10D4D00000014FF0FF3018F0E1F83268126B03469C
:10D4E0003168496B914224D0106890F8341005914E
:10D4F000E9B9CDE9033200F052F9039B049A05998A
:10D500004FEA081E03EB081C43F80E00106890F861
:10D5100024008CF804008CF805101049CCF8081091
:10D5200008F101081168CCF80C105FFA88F8043291
:10D53000D6E72D0100225A51CBF80C30A7E7019B0A
:10D54000C7F80C9018215943002349F8013047E7E8
:10D55000002022E755555505BDBA0000A1BE0000C8
:10D5600010B50A46D0E90114A14204D0126841F86E
:10D57000042B416010BDFFF705FBFBE773B591F885
:10D580003C300191044673B901A904F12400FFF76E
:10D59000E7FF21460198FEF750FAFEF799FDFFF7E5
:10D5A0000DFC02B070BD0022D0E9093510469D4245
:10D5B0001E4608D03668B14203F10403F7D181F862
:10D5C0003C000122F3E7002ADED0E2E77FB5044603
:10D5D0004C2003911646029318F05EF8029B0399C3
:10D5E0000094B2B205460291FEF7B4F90299002206
:10D5F0002046FFF763FE20462946FFF7BFFF284677
:10D6000004B070BD10B58EB0044602A8CDE900325A
:10D61000FFF7CEFD02A908A800F035F8DDE90032D9
:10D6200008A92046FFF7D2FF044602A818F012FF0F
:10D6300020460EB010BD38B50446042A4FF0000055
:10D64000207510D0102A13D0022A1AD12046102596
:10D6500000F8025B8BB10A44914210D012F8013DF0
:10D6600000F8013BF8E72046202500F8045BF1E7CD
:10D670002046802500F8015BECE71CF0C7FB012386
:10D680002375204638BD2DE9F0474A680446012637
:10D69000042A8AB0084626750AD110220068227032
:10D6A00000211CF019FF608020460AB0BDE8F08719
:10D6B000082A08D1202300682370102200211CF0C2
:10D6C0000BFF6060F0E7102A15D13346096804A803
:10D6D000FFF7B1FF08AE04AB22461D4603CDB542AD
:10D6E000106051602B4602F10802F6D128681060E4
:10D6F0002B791371D8E7242A4BD1086801901022A6
:10D7000001A91CF0E9FE81460198102201A901300F
:10D710001CF0E2FE80460198102201A901301CF0A5
:10D72000DBFE07460198102201A901301CF0D4FE4F
:10D73000824601981022002101301CF045FE002293
:10D7400012184FEA0A4545EB0101CDE9022102AA70
:10D7500003CA80238DF810308DF82460CDF81D9019
:10D76000ADF81B80ADF81970CDF81100CDF815108B
:10D7700004AA234608AE154603CDB5421860596089
:10D780002A4603F10803F6D1286818602A791A712D
:10D790008AE70023237587E7002202757047037D1F
:10D7A000002B08BF00207047F0B5037D0A7D85B0CF
:10D7B00005460C46002B3DD0002A3BD002780E785F
:10D7C000B24234D01D4F386879686B4603C338893C
:10D7D000B97A1880802A4FF000009970CDF80B00BC
:10D7E0008DF80F0013D1102E0CD16388ADF80C30DA
:10D7F00010226946681C1CF0FBFAB0FA80F0400960
:10D8000005B0F0BD202E04BF63680393F0E7802EBF
:10D81000F6D1102A06D16B88ADF80C30102269467B
:10D82000601CE8E7202A04BF6B680393F6E70AF060
:10D830007DFBE2E79B1A58425841E1E764C80200C9
:10D84000FFF7B2BF064BD3F850253AB122F00801DA
:10D85000042903D1D3F850159142FAE7704700BF6D
:10D860000010004070B5002A3ED0224B224A9B7A1D
:10D87000D35CC3F115031944C9B2204C1E2994BFCF
:10D88000821E00F1FF32D4F84005D4F80435A0EB35
:10D89000030020F07F4088BF1E3900F1FF3088BFB1
:10D8A000C9B2022822F07F4520D9EB1A13F40000F8
:10D8B00023F07F461AD1022E18D9114B0126DE60C3
:10D8C000C3F84015C3F840014FF48033C4F8400159
:10D8D000C4F84055C4F844330A4B4FF00041C3F834
:10D8E0000415044B1A6370BD1531C5E74FF0FF30C6
:10D8F000F9E700BF6481002024CA020000B00040A4
:10D900000080004000F0014010B52F492F48CA792F
:10D910002F4BF2B12F4CC3F8044503F56043C3F815
:10D920000C45C3F810052C48C3F814052B48C3F860
:10D9300004052B48C3F808050020C3F80002C3F80B
:10D940000801C3F804010120186003F580334FF08B
:10D950000070C3F804050B7A83B3224B0322C3F88B
:10D960000025214AC3F80825204AC3F814250022BF
:10D97000C3F80021C3F80421C3F808211C4B4FF45D
:10D980001002C3F808250123CB700022104B8A71C6
:10D990004A730821C3F86015C3F80421C3F81421A1
:10D9A000C3F82821C3F81C21C3F8302140F25312D8
:10D9B000C3F800220222C3F8042310BD002ADDD1DF
:10D9C000084BC3F80025D9E76481002033320020DA
:10D9D000001000402C31002098810020010000013F
:10D9E000A482002000F00040AC8C00207481002054
:10D9F00000F001400A4B43F2FF42C3F80823012123
:10DA00000022C3F80022196103F5F0330549C3F879
:10DA10000815054B0221C3F88011044BDA707047DA
:10DA2000001000403000B08200E100E0648100207E
:10DA300010B515F043F8104B01220024DA60C3F84A
:10DA40004025C3F840410BF019F80C4B03304FF45C
:10DA50008032C3F84041C3F84005C3F8442303F5BE
:10DA6000A0334FF00042C3F80425054B186315F0AE
:10DA70002DF8204610BD00BF0080004000B00040DF
:10DA80006481002083072DE9F04106D0234B244A0E
:10DA900024484FF4E07117F0B7FF8B684D79B3F865
:10DAA00000E00A8AAEEB0505043D0F46AA42944603
:10DAB00028BFAC462CF0030C3E68A7F806C0A2EBCA
:10DAC0000C02E046444603E050F8083046F80830BF
:10DAD000B8F10408F8D500193619032A03D8A5EBC4
:10DAE0000C05AA4202D9FF687546DFE7FB8813449C
:10DAF000FB8001E0835CB354013AFBD50A4C01F191
:10DB0000180304F11005224603CAAA42186059609E
:10DB1000144603F10803F6D1BDE8F08174C8020091
:10DB200094C902008EC802007C81002030B5164BDB
:10DB300001289C7A154B05BF154AD3F84835D3F810
:10DB40004035525C13480CBF993328331A44124BAA
:10DB50001B5D28331A440D4BC3F84C250022C3F833
:10DB60004C210E4A30241021C0F80445C2F8041399
:10DB700001215964D3F84455D3F84C359D4284BFF4
:10DB8000C0F80845116130BD64810020008000406C
:10DB900028CA020000F001401CCA02000010004028
:10DBA0002DE9F0473F4F404DDFF820813F4840F2DC
:10DBB00001137B812823BB703D4B0024012643F2D7
:10DBC000FF423E73BC734FF00309C3F8FC4FC3F828
:10DBD000FC6FC3F80823374AC3F81095C3F814251F
:10DBE000354AC3F81825D3F850263243C3F85026D7
:10DBF00040F20312C3F82C45C3F83065C3F834254E
:10DC000040F25B62C3F838259622C3F844254FF0F2
:10DC1000FF3A4FF04063C8F804354FF48672C5F8F8
:10DC200008A32146C5F80062C5F808411CF016F9A2
:10DC3000224B3C61C5F80835214BC5F808A30422E6
:10DC4000C5F80041C5F80441C5F80841C5F80445C8
:10DC50005E601E61C3F80895C3F80445C3F810253B
:10DC6000A3F5DD437C3BC8F8303503F5DE4348338C
:10DC7000C8F8343503F58073C8F83835114D1249AA
:10DC8000A3F5E2433C3BC8F83C35304685F80143F8
:10DC90000BF036FC02232B603B7803B93E7000206A
:10DCA000BDE8F0876481002000F0004098810020EA
:10DCB0000010004008011000FF000302AC8C00209F
:10DCC0000080004000E100E075DE000000F001404F
:10DCD000F0B5104D03F110062C4653F8047B45F8BF
:10DCE000047BB342F9D1206161611368C4F8193033
:10DCF0005368094A53609DF814302376074B01227C
:10DD0000DA71074B0022C3F800250222C3F8002570
:10DD1000F0BD00BFA4820020BD82002064810020ED
:10DD200000F00040024B186159611A76704700BF3D
:10DD3000A4820020074B4FF00072C3F80825064A62
:10DD4000012393600023C2F80831C2F80035034A6A
:10DD5000D371704700F0014000F000406481002062
:10DD6000014BC3E90A10704764810020032812DCCC
:10DD70001DD0002811DA031D11DA10F1080F11DA95
:10DD800010F10C0F11DA10F1140FB4BF6FF027006F
:10DD90006FF01300704704207047002070476FF049
:10DDA000030070476FF0070070476FF00B0070477B
:10DDB00008B5FFF7DBFF034BC3F80C05024B5870A7
:10DDC000002008BD0010004064810020014B93F941
:10DDD0000100704764810020014B9873704700BFB9
:10DDE00064810020272838B506D9144B144A1548F9
:10DDF00040F28D7117F008FE134C144D0B02C4F85D
:10DE00001C35D4F8243523F0FF0343EA1163C4F82A
:10DE1000243569610E490B6823F0807323F00103F8
:10DE200043F080730B600B4BC4F83C251B5CA8705F
:10DE3000C4F80835C4F85405002038BDE7C802000E
:10DE4000E4C902008EC80200001000406481002076
:10DE500074170040F4C90200054B01225A601A6190
:10DE600003F540534FF48032C3F84823FFF7C2BD97
:10DE700000800040F8B5AD4BAD4CD3F8086316F008
:10DE8000020F47D0D3F80421002A43D000251222E4
:10DE9000C3F80451C3F8082303F5F0333022C3F864
:10DEA00008250CF049F9226BA378A2492262A376D7
:10DEB0000123E5766377D1F84455A37A9E49A37789
:10DEC000CB5C208328339D4238BF1E35A5EB03056C
:10DED00038BF02F1FF32284638BF22630AF0D2FD74
:10DEE00007460AF0D7FD2D1A1F2D206A8F4B04BF5D
:10DEF000013700253844C4E90805D3F85025D3F884
:10DF0000281199BB002AF8D143F2FF41C3F8081346
:10DF1000C3F80022F2060BD5844BD3F810213AB196
:10DF2000E278012A56D10020C3F810010BF0CCFF93
:10DF3000330740F1F5807D4BD3F80C21002A00F027
:10DF4000EF800022C3F80C210822C3F808237B4A83
:10DF50004FF40011C2F80815D3F81C21002A40F034
:10DF60008A80774B774A40F2EF3138E0237AF3B179
:10DF7000754AD37859061AD503F00F03072B0CBF47
:10DF800002230023D91C0A447049C1F81025A1F5C9
:10DF900060410022C1F82821684A4FF40000C2F80D
:10DFA0000405627B083302EBC303C1F86035684A9D
:10DFB000A17868480BF0D8FF002808DB0123A37183
:10DFC0005A4B0822C3F8042326F01006A2E7FFF7F5
:10DFD00043FFF9E732B9604B604A40F2FE416048C6
:10DFE00017F012FD022AA77AE17904D05D4B5E4A50
:10DFF0004FF46171F3E700221020C3F81021C3F839
:10E000000803C3F80C21D3F8003229B14F4BD3F8E1
:10E01000081109B1C3F80821E36A0BB1A06A984757
:10E020002379444D022B17D1FFF76EFC00223946AD
:10E030000120FFF77BFD4D4BD5F84825DB5D6C32A9
:10E040001344C5F840350023C5F840313B4B4FF42D
:10E050000012C3F804256BE701226A602A61374A7F
:10E060004349C2F80815002B3FF462AF414B3E4ACA
:10E070004FF47071B3E7D3F84815A27BD3F8303171
:10E08000521A2277304A13F0FF0F10791CD0238BDD
:10E0900043F080012183E179B1B12C4928B1D1F855
:10E0A000005415B943F0A0032383D1F808311BB104
:10E0B000238B23F080032383244BD3F804311BB933
:10E0C000238B23F0800323831A49A57F2A4ED1F89E
:10E0D0004835755D294E6E335B1BA57A755D5B1BFC
:10E0E000C1F84035154D0023C1F840314FF480167A
:10E0F0000123C5F80465CB64D1F84C75D1F84015FF
:10E100008F4284BFC5F808656371D3785071104998
:10E110001B4813710BF052FF002801DAFFF79CFE39
:10E1200000236371014BD3F80032F8BD00100040AA
:10E1300064810020008000401CCA020000F0014001
:10E1400053C90200BAC902003032002000F000407A
:10E150007C8100203332002036CA0200CDC9020083
:10E160008EC8020000C90200A7C9020028CA020026
:10E17000300010802DC9020020CA020024CA02000B
:10E180003432002010B5FFF75DFB144AD2F8501569
:10E19000134649B1D2F8502502F00702022A03D0F3
:10E1A000FFF75AFE012010BD43F2FF420024C3F8DE
:10E1B0000823C3F80C41C3F81041FFF7A5FB084B37
:10E1C000D3F800359B0206D4064B074A074840F2B5
:10E1D000076117F019FC2046E5E700BF001000407A
:10E1E00000F0014072C90200D9C902008EC80200C5
:10E1F00038B50C4D4FF48013C5F808350022FFF7F1
:10E2000031FB68B1FFF714FC01244FF40013C5F88B
:10E210000435FFF7B7FF10B9002C18BF062038BD32
:10E220000446F2E700F0014008B50B4B01225A60AA
:10E230001A6103F540534FF48032C3F84823FFF7C7
:10E24000D9FBFFF7F5FB054B4FF40012C3F804258B
:10E25000BDE80840FFF796BF0080004000F0014095
:10E2600010B5094C4FF40013C4F808350122FFF72C
:10E27000F9FA18B1FFF7F0FD052010BD4FF4801337
:10E28000C4F80435F9E700BF00F001402DE9FF4173
:10E290002F4C80466079164628B1FFF7DDFD05203A
:10E2A00004B0BDE8F0810191FFF7CCFA294B2A4A6E
:10E2B000C3F80825E279294F0199A3F58033002A94
:10E2C0003CD00122C3F80022254D264AC3F80C5544
:10E2D000C3F81075C3F814254FF08072C3F8080115
:10E2E000C3F80425204AC3F808250DF10F02E81CE5
:10E2F000C0479DF80F302B700023AB70E379687036
:10E3000013B11A4B01221A60194900230322C1F8E4
:10E310000475C1F80031C1F80C31C1F81031C1F8F1
:10E3200000221022C1F8042326716072D1F8502512
:10E330000B2A08D00222E2701846B1E70D4AC3F852
:10E3400008253D46D1E7FFF787FD0120A8E700BF7C
:10E350006481002000F0014030008002343300204E
:10E360002C31002098810020A482002000F0004081
:10E3700000100040AC8C0020014B5869704700BF72
:10E3800064810020014B9879704700BF64810020B0
:10E39000024BD3F85005C0B2704700BF00100040D8
:10E3A000FB207047044B1A78044BC3F80425044B38
:10E3B00001221A72704700BFA88C002000F00040B4
:10E3C00064810020014B00221A7270476481002092
:10E3D00017F034BB17F09ABB936813B5186814464E
:10E3E00009F0BFFD28B91E4B1E4AC7211E4817F071
:10E3F0000BFBB0F5285F07D042F6012398421BD0F3
:10E400001A4B184AEF21F1E7237863B918481BF03B
:10E410007FFE174982B260680AF012FC002818BF1C
:10E42000112002B010BD012B104B02D1114A7121F5
:10E43000DCE70C4AD021D9E723783BB90E4B1B8887
:10E44000ADF8063002220DF10601E4E7012B08BF0A
:10E450000A4A064B16BF034A9A21DB21C6E700BFD2
:10E460002CCA0200E2CA020038CA020036CA020000
:10E47000F000002099CA020038340020BECA020011
:10E4800000487047F000002037B501901BF040FEB7
:10E490001F2804460AD8064D0199024628461BF05B
:10E4A000B5FC00232B55184603B030BD0320FBE715
:10E4B000F000002008B50A4805F0C4F930B1094B56
:10E4C000094A40F22B11094817F09EFA044805F05A
:10E4D0006FF920B1034B044A4FF49771F3E708BD7D
:10E4E00008CB0200E9C50200F5CA020038CA0200E2
:10E4F00038B514782CB1104B104A4221104817F04F
:10E5000083FA91680F4B994203D00F4B0B4A43217A
:10E51000F4E7506804210AF0B2FD054650B10B4BF8
:10E5200019880AF089F90A4BA81C19880AF084F99D
:10E53000204638BD0620FCE728CB0200E9CB0200CC
:10E5400050CB020018010020B3CB02003E34002063
:10E550003C340020034B1880034B1980034B188870
:10E5600004F0BCBF3E3400203C3400203A3400208C
:10E5700008B5094805F066F928B1084B084A682132
:10E58000084817F041FA044805F012F918B1034B96
:10E59000034A6B21F4E708BD10CC0200E9C5020074
:10E5A000FDCB020050CB0200F7B510F04007054646
:10E5B0000E4614460CD11068018A0AF0ECFB0623C3
:10E5C000009321683B462A46304600F0CFFD276085
:10E5D00003B0F0BDF7B5044607F026FA4FF6FF7317
:10E5E000984205461CD00DF1070320690122002145
:10E5F0000AF0ABFB04F11007034698B99DF8070039
:10E60000144E327890420FD006F1080602D301333F
:10E610001B2BF6D13A462946FFF7C6FF082415E022
:10E62000072413E0042411E0206901210AF0B3FB60
:10E630007368394628469847044638B1082C05D1F6
:10E640009DF807003A462946FFF7AEFF204603B083
:10E65000F0BD00BF30CC020013460A46042106F08C
:10E66000A4BE7047172938BF17218181704710B5A4
:10E67000044607F0A9F930B1A38923B16089984213
:10E6800028BF184610BD1720FCE710B50C46FFF751
:10E69000EEFF218A0B1A002B05DD411A2046BDE84A
:10E6A00010400AF078BB10BD1FB5019005F060FA6C
:10E6B000019802AA03A9FFF7CFFF40B90298FFF71C
:10E6C000D6FF044605F056FA204604B010BD0024DB
:10E6D000F8E7000008B507F057F938B104230381C3
:10E6E000C380034B1B884381024B836108BD00BF7D
:10E6F00040340020D5E50000024B4FF480721A80B0
:10E70000002070474034002070B50D4606460421B5
:10E71000284606F02BFE044638B92B681B683046A5
:10E72000DA78B3F8011003F059FF204670BD73B5D5
:10E730000D4606460221284606F018FE044620BB78
:10E740002B681D6805F014FA214601AA3046FFF730
:10E7500083FF0446B8B929880198FFF783FF019821
:10E76000FFF785FF054605F005FA24B92A4604217E
:10E77000304602F099FE30462A46214603F048FF13
:10E78000204602B070BD0025EDE70025F3E773B524
:10E79000064615460C4679B191420DD8042101AACE
:10E7A000084600F06CFA48B1048045800199304673
:10E7B00000F077FA02B070BD0320FBE70620F9E70E
:10E7C0002DE9F0430C4687B007460121204606F0AC
:10E7D000CDFD054640B920680121D0F800900AF02F
:10E7E000DAFA23681B8A3BB93846294603F04EFF04
:10E7F000284607B0BDE8F08399F80060012E1BD0D1
:10E80000022E24D14FF012084146204606F0AEFDFC
:10E8100010BB236818680AF02AF8012EADF8000032
:10E820000DD0022E15D0206841460AF0B4FA694690
:10E83000384603F002FFD4E74FF00408E4E7022370
:10E840001A46216801A809F0AEFB0028EBD00A2582
:10E85000CAE710233246F4E70546C5E72DE9F34140
:10E86000DDF82480064615461F460C46B9B1914294
:10E8700015D801AA08F10601062000F000FA80B1BF
:10E880000899048045808780424606301BF0BEFA16
:10E890000199304600F005FA02B0BDE8F08103208E
:10E8A000FAE70620F8E737B505460C462368198ACB
:10E8B00029B9284603F037FF002003B030BD0421FA
:10E8C000204606F053FDA8B92068036859781A78E5
:10E8D00042EA0122ADF804209A78DB78042142EA6A
:10E8E0000323ADF806300AF056FA01A9284603F0D2
:10E8F000EFFEDBE70A21DCE7F7B5074616461D46C3
:10E900000C46B1B1914214D8184609F099FB01AAFE
:10E91000011D082000F0B3F968B1011D0480468094
:10E92000284609F053FB0199384600F0BAF903B0C4
:10E93000F0BD0320FBE70620F9E72DE9FF410C4677
:10E9400006460121204606F011FD054660B9206803
:10E9500003681F7801210AF01EFA012F26D9A7F1BA
:10E96000020823681B8A3BB93046294603F014FF8E
:10E97000284604B0BDE8F0813946204606F0F6FC92
:10E98000B0B923681B6859781A78CDF8088042EA34
:10E990000122023301A93046ADF80420039303F0AD
:10E9A000E5FE206839460AF0F6F9DAE70A25DBE7E2
:10E9B0000546D9E737B505460C4661B101AA0221E3
:10E9C0000A2000F05CF940B104800199284600F06B
:10E9D00068F903B030BD0320FBE70620F9E708B56E
:10E9E0000A46002103F040FF002008BD73B505462C
:10E9F00016460C4669B101AA04210C2000F03FF92B
:10EA000048B1048046800199284600F04AF902B0D6
:10EA100070BD0320FBE70620F9E708B50A46002190
:10EA200003F03AFF002008BD08B50A46002103F0B4
:10EA300048FF002008BDF7B5074616461D460C46A0
:10EA4000B1B1914214D8184609F0FAFA01AA011D91
:10EA5000102000F014F968B1011D0480468028469A
:10EA600009F0B4FA0199384600F01BF903B0F0BD83
:10EA70000320FBE70620F9E72DE9FF410C46064697
:10EA80000121204606F072FC054650B92068036853
:10EA900001211F780AF07FF9A7F1040823681B8A77
:10EAA0003BB93046294603F0BBFE284604B0BDE81A
:10EAB000F081042F20DD3946204606F057FCE8B9E6
:10EAC0002368186809F0D3FE2368ADF804001868BD
:10EAD000023009F0CCFE2368ADF806001B68CDF8C3
:10EAE0000880043301A93046039303F06BFE2068CD
:10EAF00039460AF050F9D1E70425D2E70546D0E7B8
:10EB000008B503F0F3FE002008BDF7B5074615462B
:10EB10001C460E46F1B11B8A1344B3F5007F19DC85
:10EB2000FFF7C2FD238A0438984213DD01AA0421AD
:10EB3000162000F0A4F890B1458006802146019887
:10EB40000AF081FA0199384600F0ABF805462846EC
:10EB500003B0F0BD032520460AF068F8F7E7062564
:10EB6000F9E72DE9F3410D4606460421284606F053
:10EB7000FDFB044690B9286803680421B3F80080BF
:10EB80005F880AF008F9304600953B464246214628
:10EB900003F0BCFE204602B0BDE8F0810027B84675
:10EBA000F1E737B504460D4601AA0121182000F00F
:10EBB00066F830B105700199204600F072F803B094
:10EBC00030BD0620FBE708B5002103F0BDFE0020A4
:10EBD00008BD73B5064615460C4691B101AA02213F
:10EBE0001B2000F04CF888B10480294601980AF0F7
:10EBF0002AFA0199304600F054F80446204602B043
:10EC000070BD032428460AF011F8F7E70624F9E757
:10EC100073B5064615460C4691B101AA02211D2086
:10EC200000F02DF888B10480294601980AF00BFA0B
:10EC30000199304600F035F80446204602B070BD18
:10EC40000324284609F0F2FFF7E70624F9E708B5A0
:10EC500003F090FE002008BD013170B589B2064670
:10EC6000104615460AF00BFA044620B9284609F06A
:10EC7000DDFF204670BD2C6804F8016BF9E737B55D
:10EC800015460446019106F057FB0246286030B154
:10EC90000199204603B0BDE83040FFF7DDBF03B067
:10ECA00030BD37B50B68044618780D46FFF7D9FC20
:10ECB00004F05EFF20466B4601AA042106F08DFB9E
:10ECC000044638B1284609F0B1FF04F053FF20464E
:10ECD00003B030BD00982946FFF7D7FCDDE90010EE
:10ECE0002A4606F035FF0446EFE7F0B50468002534
:10ECF00094B16689964202D30F68002604E0254647
:10ED00002468F5E73E463F681FB1B7F80AC094454E
:10ED1000F8D362899A4200D9F0BD8DB902681268B1
:10ED2000026002B9406096B90A68226002B94C607C
:10ED30000C6095B902682646002AEDD01446E8E733
:10ED40002A6812682A60002AEDD14560EBE7326834
:10ED5000226002B94C603460EBE72A68EBE710B53B
:10ED6000144606F003FB06280CBF1123002304B150
:10ED7000237010BDF8B5069F1D463B78102B038A03
:10ED800016460CBF0622142213448B4211DC114696
:10ED90000AF075F9044670B1314609F04DFD294677
:10EDA000A01C09F049FD211D384609F00FF900208B
:10EDB000F8BD0420FCE70620FAE7000010B5034C7C
:10EDC000206815F09CFA0023236010BD4434002015
:10EDD0002DE9F0470746147AA4B090461D46A1B12C
:10EDE000E10705D402232B70102024B0BDE8F08782
:10EDF00004F0040A04F0080904F0100444EA0904C9
:10EE000054EA0A030CD10020EFE7A20701D4032340
:10EE1000E9E704F0200A04F0400904F08004EDE77B
:10EE200004F0A6FE384605F0DFFB90F85860846DCC
:10EE300004F0A0FE59EA0A034FEAD6063CD066F376
:10EE4000C704E3B214F001042CD104F091FE38465B
:10EE500005F0B2FB90B101A905F0E4FB1C222146AC
:10EE600009A81AF0FBFFDDF80B00BDF80F209DF894
:10EE700011300890ADF824208DF8263004F07AFE89
:10EE800010A908A808F0D5FE50B99DF8683013F015
:10EE9000010F0CBF05200F20287000F58070A4E73B
:10EEA0000520F9E7B9F1000F06D09B0704D405232C
:10EEB0002B7040F2051098E798F80930B342A2D9B8
:10EEC0000C232B704FF486708FE72DE9F04186B04C
:10EED0000546039300238DF817304FF6FF739842D1
:10EEE0000C9F0C4616460FD12369019303AB009388
:10EEF000D4F80C806189334601222846C04778B196
:10EF00008DF81700092007E00A460DF117030121CB
:10EF1000FFF75EFF0028E7D017B19DF817303B7070
:10EF200006B0BDE8F08173B504460DF10600154644
:10EF30001E4609F081FC02220DF10601204609F06F
:10EF40007FFE20B111233370062002B070BD294628
:10EF50000DF1060009F070FC02220DF106012046B9
:10EF600009F06EFE0028EDD10120EEE710B5044651
:10EF700040B1806809F05AFE21460348BDE81040C0
:10EF80000AF01EBA10BD00BFB4340020F0B51D4613
:10EF900085B04FF6FF730C4698424FF000010646CD
:10EFA00017468DF80F100DD123696189CDE90073E3
:10EFB0000222E76800233046B84750B18DF80F00B1
:10EFC000092006E00DF10F032246FFF701FF00289C
:10EFD000EAD015B19DF80F302B7005B0F0BD2DE9CA
:10EFE000F04385B00446DDF83490039190461F4607
:10EFF00006F0A2F9054600B303460399CDF8009048
:10F0000020460022FFF761FF044630B92E8A4645AC
:10F010000AD90E2389F800300424284609F006FE98
:10F02000204605B0BDE8F0833B46014632462846FF
:10F0300009F08BFE0C9B1E80EFE70624EDE7000035
:10F040002DE9F041804612480F4616461D460AF04B
:10F0500090F90446B8B10F4BC0F804801A880772C3
:10F06000013292B21A80069BC360079B03610A4B70
:10F07000467259684281002020600C605C6025B1B6
:10F080002A80BDE8F0810620FBE72846F9E700BFAB
:10F09000483400206C34002070340020014B188864
:10F0A000704700BF6C340020044A0346106800B962
:10F0B000704742899A42FBD00068F8E7703400201C
:10F0C00037B50546084601921C46FFF7EDFF019A49
:10F0D000014628B90CB101232370052003B030BDCF
:10F0E0002346284603B0BDE83040FFF74FBF00007D
:10F0F00070B50D46164640B90A4B1C681CB16389B1
:10F10000B34204D90024204670BD0468F6E7002D00
:10F11000F9D06068294608F009FF0028F3D0246878
:10F12000ECE700BF70340020026822B14068401A4A
:10F1300020EAE07070476FF00040704737B5044632
:10F140000846CDE90032FFF7AFFF069DDDE900324A
:10F15000014628B90DB101232B70052003B030BD45
:10F16000204603B0BDE83040FFF7AFBE2DE9F041C7
:10F1700005460C46174601200A4604219DF81880D2
:10F180001E46FFF769FD50B1077080F80380A0F8B4
:10F19000016021462846BDE8F041FFF782BD062008
:10F1A000BDE8F0812DE9F04385B007469DF8308039
:10F1B000144699460E4611B1B8F1000F3BD004F049
:10F1C000D7FC02AA03A93846FFF746FA054690B9CC
:10F1D00056BB23681878FFF744FA21460298FFF7D8
:10F1E00054FA2246DDE9021006F0B2FC051E18BFF3
:10F1F0004FF00E08344604F0BDFC75B1B4B906F00A
:10F200009BF8044648B12146BDF83430CDF8008063
:10F210004A463846FFF7AAFF0024204609F006FDBB
:10F22000284605B0BDE8F0833546E4E7218A20464C
:10F2300009F0B1FDE7E70D46EFE72DE9F043884619
:10F2400087B006460DF10F0202214046FFF787FD09
:10F250004FF00009044600285AD1D8F800301B6846
:10F260001F888DF80F0004F083FC214605AA304664
:10F27000FFF7F2F9044610B9059BB3F80A9004F0C1
:10F2800079FC002C42D1D8F80050C8F80040298AF7
:10F29000284609F080FD2A4602210320FFF7DCFC06
:10F2A00088BB11238DF80F300624002301939DF8AD
:10F2B0000F300093214602232A463046FFF772FFA3
:10F2C0000446E0B904F054FC04AA05A93046FFF74F
:10F2D000C3F9044658B939460498FFF7C3F90498AE
:10F2E000837B43F001038373FFF7C1F9074604F002
:10F2F00041FC24B93A460421304602F0D5F82046B4
:10F3000007B0BDE8F083A0F80090CEE70025CCE779
:10F310004D464F46C9E700002DE9F04F0E4687B035
:10F32000814600240DF11702042130468DF8174064
:10F33000FFF715FD0546002872D134682368B3F83D
:10F340000080B3F802A0D04502D8B8F1000F12D166
:10F3500001238DF8173000240A259DF817300093FB
:10F36000CDF804800423224629464846FFF71AFFB9
:10F3700007B0BDE8F08F218A3060204609F00BFD10
:10F38000224601210520FFF767FC074620B911231B
:10F390008DF817300625E0E74846FFF785F9214B41
:10F3A0003D701E680290AB4616B173899A4505D22E
:10F3B000BBF1000F16D04FF00008CEE798452DD8CE
:10F3C00071683B780978102914D183B901233B7007
:10F3D0000421238A029A0B449342E9DC204609F077
:10F3E0004EFE80B90A238DF817300525B5E7012BAD
:10F3F000EED0DDE723B94FF002033B701221E8E7BE
:10F40000022BFBD0D4E77189039009F015FA039B16
:10F410007068991C08F0DAFD0BF1010B3668C3E740
:10F42000A0469AE7703400202DE9F04F2DED028BB5
:10F430000F468BB0824600250DF111020621384699
:10F440008DF81150FFF78BFC0646002840F0D58060
:10F450003B681B68B3F80080B3F802B0D84502D807
:10F46000B8F1000F14D101238DF8113000250A26C0
:10F470009DF811300093CDF8048006232A463146CA
:10F480005046FFF78FFE0BB0BDEC028BBDE8F08F4E
:10F490009C8805F051FF054650B1024631460720D1
:10F4A000FFF7DAFB60B911238DF811300626DFE78C
:10F4B00011233D688DF811303E6006242646D7E7BB
:10F4C0005046FFF7F1F83B68ADF8164008EE103AE9
:10F4D00010238DF814304B4B02901F68B146344610
:10F4E00097B9BCB12B8A02991A1D914213DB2146B0
:10F4F0000DF111034A462846FFF715FD0128044681
:10F5000008D0002CDAD105E07B89984514D84CB995
:10F510009B4540D22B8A012B71D80A238DF81130DC
:10F520000524CBE79DF81430102B20D17A6813788E
:10F53000102B03D0B7F80A903F68D1E705A80392D3
:10F5400008F00FFD42F601018842039A0BD8B0F58E
:10F55000205F0CD3104608F004FDA0F5205080B2C7
:10F560000128E7D803E042F60301884236D02B8A0F
:10F57000029A04339A42CDDB21460DF111034A462B
:10F580002846FFF7D0FC01280446BAD17B895B45A9
:10F59000C0D84FF00009786805A908F0C7FC50BB37
:10F5A0000DF1110301930DF112030093102206AB2C
:10F5B00039465046FFF713FD044600287FF47EAF1E
:10F5C000BDF8123018EE100A06AA062109F02FFC29
:10F5D0000028B1D1B7F80A904C46ADE70390104629
:10F5E00008F0BFFCA0F5205292B2012ABFD9039BBC
:10F5F00098429FD1BBE700249EE7A84638E74FF02A
:10F60000000835E7703400202DE9F04F0B681E8AA2
:10F6100095B00025062E81460F468DF8255001D065
:10F62000142E13D10DF1250A524631463846FFF704
:10F6300096FB044628BB39680B681D885B880693D7
:10F640009D4200D88DB901238DF8253000260A246B
:10F650009DF82530009301950823324621464846FF
:10F66000FFF7A0FD15B0BDE8F08F0DF13C0B331F87
:10F670000422584608F097FC044628B104248DF86B
:10F68000254000252E46E3E73E688DF82500318AA7
:10F690003860304609F07FFB324601210920FFF730
:10F6A000DBFA039030B91123039D8DF82530062035
:10F6B0000446CDE74846FEF7F7FFA04604900594C0
:10F6C0002746CDF81CA03846069A5946FFF710FD8C
:10F6D0000746002855D04389AB42F4D3079B0193DA
:10F6E0000DF12603009301460AAB13224846FFF7AB
:10F6F00076FC60B17D89059B73BB9DF8253013B9FD
:10F700000A238DF825300028D2D10524A0E7049BD8
:10F71000BDF82620033B9342DEBF049B043BADF8BB
:10F720002630BDF826A0B8F1000F01D0D045E2D1B7
:10F73000328A049B02325244934224DB0AF10201D2
:10F7400089B2304609F09BFC78B9059B7D8911226E
:10F750008DF82520CBB1D04600238DF82530039BB2
:10F7600008F1020883F8008072E77A8920F8022BFA
:10F770000AA9BDF826201AF049FB0123D0460593BB
:10F78000A1E70520B7E7D046B5E7062090E72DE9C9
:10F79000F04385B00D460DF10F0780464FF000098C
:10F7A0003A46022128468DF80F90FFF7D8FA044612
:10F7B00048BB2E683368318AB3F800902860304621
:10F7C00009F0E9FA324621460B20FFF745FA88B9DD
:10F7D00011238DF80F3006249DF80F300093CDF8DB
:10F7E00004900A23324621464046FFF7DBFC05B071
:10F7F000BDE8F08322460097334649464046FFF76E
:10F800009DFC0446E8E74E46E6E72DE9FF470F4634
:10F810000DF10F09804600264A46042138468DF82E
:10F820000F60FFF79CFA044650BB3D682B68298A9D
:10F830001E88B3F802A03860284609F0ACFA2A46C0
:10F8400021460D20FFF708FA80B911238DF80F30FB
:10F8500006249DF80F30009301960C232A4621467A
:10F860004046FFF79FFC04B0BDE8F087CDF800905C
:10F870002B46524631464046FFF760FC0446E8E717
:10F880003546E6E72DE9FF4700240E4607468DF88A
:10F890000F40FEF709FF804605F04EFD054690B18A
:10F8A000024621460F20FFF7D7F9044668B10DF153
:10F8B0000F0A33681B8A012B02D92B8A434516D3C2
:10F8C0000024A14606E03568346011238DF80F301E
:10F8D0004FF006099DF80F30009301940E232A463D
:10F8E00049463846FFF75EFC04B0BDE8F087524653
:10F8F00002213046FFF733FA8146A0B93368186811
:10F9000008F0B5FF02210446306809F044FA4A467F
:10F91000CDF800A02B4621463846FFF70FFC814664
:10F920000028C6D0D6E70024D4E700002DE9F04F28
:10F930000B680F46198A95B00025062981468DF877
:10F94000155001D0142913D10DF115023846FFF7D7
:10F9500006FA0446002840F0D48039680B681D88F8
:10F960005B8802939D4200D88DB901238DF8153034
:10F9700000260A249DF81530009301951023324685
:10F9800021464846FFF70EFC15B0BDE8F08F0B8A04
:10F990000422043B0AA808F006FB834608B10423AE
:10F9A000E4E70AA808F0DDFAA0F5205080B20128AB
:10F9B00005D9102326468DF815301C46DAE748464F
:10F9C0008DF81540FEF770FE3E683C60318A824635
:10F9D000304609F0E0F9324601211120FFF73CF9E9
:10F9E000804620B911238DF815300624C2E7484A15
:10F9F00080F800B017685C465A4697B9002A6CD068
:10FA00004FF6FF740FAB0093514623463046FFF785
:10FA1000B1F9062808BF1123044608BF8DF8153038
:10FA20005CE07B899D420ED8029999426CD3E2B189
:10FA30007868039208F095FAA0F5205080B201286A
:10FA4000039A02D97C893F68D7E70FAB00935146F0
:10FA500023463046FFF78EF9044630B106287D89EB
:10FA600021D111238DF8153084E778680AA908F0B0
:10FA70005DFA00283FD10DF1150301930DF1160336
:10FA80000093102206AB39464FF6FF70FFF7A7FA36
:10FA9000044638B9BDF8162006A90FA808F022FAC6
:10FAA000044620B17D89042C08BF002462E798F841
:10FAB0000030062B0DD0142B18D07BB99DF83C30AC
:10FAC000102B0CBF0623142388F800307A891446C3
:10FAD000B9E79DF83C30102BF8D00024338A022B74
:10FAE0000BD80A238DF81530052443E79DF83C30E8
:10FAF000102BEBD1F1E70022A5E7002C3FF43AAF41
:10FB0000D1E700252E4635E7002A7FF47BAFE4E7F6
:10FB1000703400202DE9FF410E46074600250DF107
:10FB20000F02022130468DF80F50FFF718F90446F6
:10FB300078BB33681B68B3F8008005F0FDFB054611
:10FB4000B8B1024621461320FFF786F8A0B9112369
:10FB50008DF80F3006249DF80F300093CDF8048007
:10FB600012232A4621463846FFF71CFB04B0BDE8A5
:10FB7000F08135683460EAE73068022109F00BF95A
:10FB80000DF10F03324641463846FFF799FA044615
:10FB9000E1E7A846DFE773B50C4605460DF107021D
:10FBA00002212046FFF7DBF860B9206803681E8851
:10FBB000022109F0F0F80DF10703224631462846EC
:10FBC000FFF77EFA02B070BD10B50446206800B998
:10FBD00010BD03682360FFF7C9F9F7E72DE9F04F7F
:10FBE0000E4689B007464FF0000A0DF11F020421AE
:10FBF00030468DF81FA0FFF7B2F80446002840F009
:10FC000097803368D3F80080B8F800904846FFF733
:10FC10004BFA054688B901238DF81F3005249DF85D
:10FC20001F300093CDF8049016232A46214638460B
:10FC3000FFF7B8FA09B0BDE8F08F024621460DF192
:10FC40001F033846FFF7C4F80446002873D103F0B9
:10FC50008FFFB8F800B0D6F800A01FFA8BF304931A
:10FC6000B8F80230ADF80C3038469BB2059304F07A
:10FC7000BBFC8046314809F07CFB054690B909235E
:10FC80008DF81F30062403F075FF002335683360BC
:10FC9000002CC4D10121284609F058F92B681722FD
:10FCA0001A70BCE704604460846005F045FBA860FE
:10FCB00020B92846FFF75AF91123E1E7BDF80C30C7
:10FCC000EB80BAF81030A5F804B0043B9BB20422D4
:10FCD000514609F013F8044630B12846FFF746F9BB
:10FCE00009238DF81F30CEE7D8F844C0024663469A
:10FCF0001BB19888049981420ED2AAB9C5F800C0F8
:10FD0000C8F8445013F06AFD00F5EA403030C8F8F6
:10FD1000480003F065FFB6E703D1D888059988420B
:10FD2000EBD81A461B68E3E713682B601560E9E718
:10FD3000D146554673E7554671E700BFB4340020FD
:10FD40002DE9F0470D4686B081460DF10E020121E6
:10FD50002846FFF704F80446002840F081802F6809
:10FD60003B68398A1E782860384609F014F83A460C
:10FD700021461920FEF770FF002874D11123254673
:10FD80008DF80E3006249DF80E300093019518234F
:10FD90003A4621464846FFF705FA06B0BDE8F08727
:10FDA000049E224606BB049D002D35D0AD884FF041
:10FDB000000ADDF81080B8F1000F39D12846CDF8DF
:10FDC00014A0FFF771F90DF10F03014605AA48468B
:10FDD000FFF7DCF88046059808F028FFB8F1000F1F
:10FDE000E1D09DF80F4017E0F1881AB1B5889088EE
:10FDF000A84203D041B1B58807240DE09068D288AD
:10FE0000008A02448A42F7D1B268128A0A44B2F5E3
:10FE1000007F0ADDB5880D24002C8DF80E4018BF38
:10FE2000092404A8FFF7D0FEADE732463668B9E7EB
:10FE3000B8F80430AB42C1D1BAF1000F0AD1D8F8FA
:10FE400008A0049BC8F808601B6804934046FFF7AD
:10FE50008DF8AEE7D8F80810504609F0F4F8F0E74E
:10FE600000273D468FE703F083FE484604F0BCFBC5
:10FE7000436C4464049303F07DFE002E90D125462C
:10FE8000CFE7F8B50D460646002202212846FEF7C8
:10FE900066FF044678B9286803681F886FB102219D
:10FEA00008F079FF2A6823463946304601F07EFA89
:10FEB0002C602046F8BD0624FBE70A24F9E72DE96B
:10FEC000F3410D468046002202212846FEF747FFF7
:10FED000044660B92B681B681F8867B105F02CFACF
:10FEE000064660B92E682C60112306241AE0002310
:10FEF0001E461F4616E03B463E460A2412E00246D6
:10FF000021461E20FEF7A8FE0028EDD02868022119
:10FF100008F041FF01232A683946404601F046FABD
:10FF20002C602346CDE9003732461D23214640464A
:10FF3000FFF738F902B0BDE8F081000002460B4639
:10FF400001480249FEF7D1BE70340020643400201D
:10FF500002460B4601480249FEF7C7BE6434002042
:10FF60007034002038B50C4C0C4D216821B90C4C74
:10FF70000A4D216841B938BD0B68236003B964603C
:10FF8000284609F01DFAF0E70B68236003B96460A6
:10FF9000284609F015FAECE77034002048340020B8
:10FFA0006434002037B5FEF709FF0F4B1C881CB9DD
:10FFB0000024204603B030BD142505FB04F014F0E6
:10FFC00098F90A4B186068B1094B00932A4603461A
:10FFD0002146084809F088F90028E9D00B24FEF7EB
:10FFE000EDFEE6E70624FAE7E8820020443400202C
:10FFF00008CD020048340020FEF7E0BE07B50B4BE9
:020000021000EC
:1000000000930B480B4B0C22052109F06DF950B9F8
:10001000094BC3E90003094BC3E90003084B1880EF
:1000200003B05DF804FB0B20FAE700BF1FCD020010
:10003000B434002078340020703400206434002070
:100040006C34002038B5064B1C6805460CB92046B8
:1000500038BDD4E9003128469847A468F6E700BFC8
:10006000D034002070B588B001AE0C46314605464C
:1000700004F0D8FA96E8030004F10803606023F85E
:10008000021B090C1970DDF80B30C4F80B30BDF8F9
:100090000F30A4F80F309DF811306374DDF8123082
:1000A000C4F81230BDF81630E3829DF8183023767C
:1000B000DDF81930C4F81930BDF81D30A4F81D3032
:1000C0009DF81F30E377AB882384AB8B6384EB8B85
:1000D000A3842B8CE38495F8223084F82930AB6D0F
:1000E000236095F82830DB4303F0010384F82830BF
:1000F00008B070BD07B5002300931A46194642F2B6
:100100000E0004F0BBFB03B05DF804FB1FB5002339
:100110008DF80C008DF80D100093022203A942F215
:100120000C0004F0ABFB05B05DF804FB1FB5002329
:100130008DF80C000093012203A942F20A0004F09A
:100140009DFB05B05DF804FB064A138823F4FF739A
:1001500023F001031380537C6FF3C303537403F044
:100160003FBD00BFD4340020F8B5094F3D460446DA
:100170000E4603F0FDFC0FCD0FC42B6823601EB1AB
:10018000FFF7E2FF00233B74BDE8F84003F0F2BC48
:10019000D4340020014610B1014809F011B970476C
:1001A0001435002010B40C4611461CB123465DF8EE
:1001B000044B18470278042A07D1D0E901120B68D2
:1001C00013604B6853608B68936000205DF8044BAC
:1001D0007047F7B50546019103F0CAFC019804F099
:1001E000EBF9044660B1D0E9176703F0C3FC54B1E2
:1001F0003A463146284603B0BDE8F040FFF7D2BF8B
:1002000007460646F1E7072003B0F0BD00B593B0FE
:100210003422002105A819F021FE08230121684697
:100220008DF81430FFF7A0FF029919B1039A05A8C1
:10023000FFF7B8FF05A8FFF705FF13B05DF804FB53
:1002400030B5104B1B78012B93B0044615D0022B10
:1002500011D101216846FFF787FF029D5DB10021A2
:10026000342205A819F0FAFD002303998DF8143003
:10027000069405A8A84713B030BDFFF7C7FFFFF7E6
:1002800063FFF8E7D4340020044B1B7C23B9044BF4
:100290005878C0F38000704701207047D4340020A4
:1002A000E834002010B590B034220021044603A8A1
:1002B00019F0D4FD092303A88DF80C300494FFF73E
:1002C000C1FE03F055FC0A4A1388D2E9024123F427
:1002D000875323F01F031380019103F081FC03F087
:1002E00049FC14B1019903A8A04710B010BD00BF8C
:1002F000E834002038B5104D2B78BBB16B78DB06A5
:1003000014D56C6813F06AFA201A002810DC00205B
:10031000FFF70CFF68B92B8823F4875323F01F03E2
:100320002B8003F05DFC0D20FFF7BCFF6FF0004059
:1003300038BD6420FCE700BFE834002070B50A4DEA
:1003400000202E78FFF7F2FE044650B92B8823F4E4
:10035000875323F01F032B8003F042FC012E18BFAC
:100360000224204670BD00BFE834002038B50B4B96
:10037000196800220C460CB9204638BDA58A854272
:1003800005D022462468F6E72368136003E0002ABC
:10039000FAD10A681A6003F023FCEDE7F834002074
:1003A00037B50D46019003F0E3FB019804F004F922
:1003B000044618B115B12946FFF754FE03F0DAFBE5
:1003C000002C0CBF0720002003B030BD30B5194B06
:1003D00004461878012893B02AD15B7CDA070CD543
:1003E0006278E16805AB03F0CFFF30B9059B1A785E
:1003F000022A02D19B78DB071AD53422002105A8F6
:1004000019F02CFD07238DF814300FCC06AD0FC565
:1004100094E8030085E8030000216846FFF7A4FE86
:10042000029B13B1039905A8984705A8FFF70AFE98
:1004300013B030BDD43400202DE9F0410E460178D0
:1004400094B00546002940D002290DD03C2935D171
:10045000764B1B78012B03D0002014B0BDE8F0814F
:100460000020FFF71FFFF7E7714B1A78002AF3D03F
:100470001B7C022B03D11D20FFF7E2FEECE70121DC
:1004800002A8FFF771FE049C002CE5D03422002165
:1004900007A819F0E3FC00238DF81C304FF6FF731A
:1004A000ADF824309DF81930059913F0080F14BFEA
:1004B00009230D23089307A8A047CDE75D4B5E4AAB
:1004C0005E4840F2917115F09FFA408803F08AFF70
:1004D0000028C1D02B79002B7BD0012B7FD06888DE
:1004E00004F022F8AB898383EB89C3832B8A0384CE
:1004F000AB7C80F822302B790446002B79D14C4B11
:100500009A68C265DA6802665B7C90F82820C3F3BB
:10051000410342F0010280F828208371FFF714FEA6
:1005200095F8058084F807802B46012753F8062F9D
:10053000A2609B88A3812B46A77353F8132FC4F89E
:100540000F209B88A4F8133005F11906002306221A
:1005500031460DF11D000793CDF81F3019F048FC0E
:1005600000285BD1B8450ED1637B03F0C003402B5C
:1005700009D1234653F8072FC4F815209A889B7990
:10058000A4F81920E37603F0F3FA3422002107A837
:1005900019F064FC204604F01BF8002403F0EAFA8A
:1005A0006B88ADF8243007A88DF81C400894FFF73D
:1005B00049FD698807A8FFF70CFE6B88ADF8083085
:1005C00000942346022202A942F2160004F056F9D2
:1005D00042E7174B1B78022B81D005203DE7002E08
:1005E000FBD1124B1A78012AF7D15B781B07F4D59F
:1005F00075E70E4A310102EB0616B368C365F3686E
:1006000003667378C3F301038371535A23F487534A
:1006100023F01F03535203F0E3FA81E76775336851
:10062000C4F81630B3886383ADE700BFE834002018
:10063000D434002036CA02009ACD02003BCD02001D
:1006400038B5044603F094FA608803F0B5FF054618
:1006500028B163781BB9201D08F00EF96862BDE867
:10066000384003F087BA30B58FB004460D463422C7
:10067000002101A819F0F2FB0523214601A88DF8FD
:100680000430ADF810400295FFF7A3FD0FB030BD68
:1006900070B58EB0458804463422002101A819F0B7
:1006A000DDFB12238DF804306378029323798DF8F3
:1006B0000E30AEB263798DF80F3001A8ADF80C5052
:1006C000FFF7C0FC314601A8FFF783FD0EB070BDF7
:1006D000F8B52C4D2B786BB16B78DB070AD56C68BD
:1006E00013F07CF8241A002C0BDC2B78012B26D07D
:1006F000022B02D06FF0004403E0FFF7FBFCC8B10F
:100700006624214F03F034FA13F068F83A686FF06A
:1007100000454FF6FF71DAB92DB303F02BFAAC4266
:10072000A8BF2C46FFF7E6FDA04228DCBDE8F84054
:10073000FFF7E0BD6B7860F300036B70DAE7002130
:100740000846FFF7E3FC0028DAD1FFF75FFDD1E7A9
:1007500013691B1A23EAE373AB42B8BF918A12688C
:10076000B8BF1D46D7E70846FFF700FE064603F070
:1007700001FA002ED3D03046FFF70CFDC2E7204629
:10078000F8BD00BFD4340020F834002010B503F0C9
:100790001FFA40B103F0ECF9FFF7D0FD044603F077
:1007A000E9F9204610BD1E24FBE700002DE9F043C7
:1007B0008BB080460F4691461D4603F009FA00288B
:1007C00000F0C08003F0D4F90DB9032484E0B8F13F
:1007D000030FFAD86B78022BF7D85B4E3378002BD7
:1007E00040F0AC802B78012B00F08680022B79D072
:1007F000002BEAD12B7ADA07E7D46FF00043994552
:1008000005D003A9484609F04CF90028DDD1FFF7CF
:100810003BFD002840F09480404604F026FD04464D
:10082000002859D1129BB360139BF3602A7804907F
:10083000111E18BF012108F0030343EAC1037178B8
:10084000CDF8130021F00B010B4373706988AB885E
:1008500051EA030005D1002A0BBFF0236023A02139
:100860003021ADF81810ADF81A30002A4BD0012A0B
:100870004FD004AB002F08BF1F460F223B788DF8E6
:100880001E3057F8013FCDF81F30BB88ADF823303C
:10089000AB798DF81C40002B08BF07238DF825305D
:1008A000EB798DF826300023009306A942F206006A
:1008B0008DF81D8003F0E2FF044668B90120307016
:1008C000FFF734FC044658B3338823F4875323F0EE
:1008D0001F03338003F084F903F04CF920460BB07A
:1008E000BDE8F0832B7ADB073FF56FAF03F09EFD89
:1008F000002882D10624EFE7002F3FF466AF3B7853
:10090000032BF3D961E76B78002B0CBF032402247F
:10091000AFE72B7A13F0010F14BF01240424A8E7DA
:100920006FF000439945D7D0039D12F057FF7378BD
:10093000284443F0100370607370CBE70224CBE7C8
:100940001D24C9E71E24C9E7E834002030B58BB068
:1009500005460C4603F03CF9B8B115B91CB112209C
:1009600011E01F2CFBDC224629460DF1090019F08D
:100970004DFA00230093202202A942F208008DF8CC
:10098000084003F07BFF0BB030BD1E20FBE730B505
:100990008BB005460C4603F01BF9B8B115B91CB174
:1009A000032011E01F2CFBDC224629460DF1090033
:1009B00019F02CFA00230093202202A942F2090028
:1009C0008DF8084003F05AFF0BB030BD1E20FBE746
:1009D00010B58AB0044603F0FBF870B11F230DF187
:1009E000070202A9204603F0AEFC20B99DF80710CB
:1009F00002A8FFF7ABFF0AB010BD1E20FBE700B551
:100A00008BB01F230DF1070202A903F09CFC20B953
:100A10009DF8071002A8FFF7BAFF0BB05DF804FBC2
:100A2000024B1878431E584258417047E834002062
:100A30002DE9F04F8DB00746049300230D46144670
:100A4000079303F0C5F8002800F0C08003F090F889
:100A5000A3886679B4F80090ADF824302379B4F80F
:100A60000280039306F0010AC6F38006B9F1000F75
:100A70000ED19DF825306AF3000366F3820313F06C
:100A8000010F8DF8253014BF4FF012094FF03009D7
:100A9000B8F1000F0ED19DF825306AF3000366F31C
:100AA000820313F0010F8DF8253014BF4FF01208A8
:100AB0004FF03008A9F104039BB243F6FC72934255
:100AC00007D94FF0030B03F055F858460DB0BDE8B9
:100AD000F08FA8F104039BB29342F2D8C845F0D836
:100AE000039B032BEDD8032FEBD83A4C2378022B32
:100AF00060D0012B61D003F06BF8002860D0FFF7C5
:100B0000C3FB00285FD19DB36FF000439D4231D1FC
:100B10009DF8253013F0020333D0627CADF82990A4
:100B2000B3FA83F36AF300025B0962748DF828302C
:100B3000049A039BA2608DF82E30169AE26000237F
:100B4000009307220AA942F20B00ADF82B808DF822
:100B50002D7003F093FE83460028B4D10120314666
:100B60002070FFF7D3FA8346A0B1FFF7EDFAAAE7AA
:100B70004FF4205507A9284608F093FF0028C7D056
:100B80009FE73846059304F070FB059B83460028D9
:100B9000C3D098E76FF00042954294D0079D12F0C1
:100BA0001DFE6278284442F001026060627003F02A
:100BB00017F888E74FF00F0B85E74FF0020B82E73D
:100BC0004FF01E0B7FE74FF01D0B7CE74FF01E0B25
:100BD0007BE700BFD4340020024B1878431E5842F4
:100BE00058417047D4340020024B1878831E584275
:100BF00058417047D43400201FB590F8283013F0C6
:100C00000203044614D18288ADF80C208DF80E1032
:100C10000093032203A940F2064003F02FFE28B9F7
:100C200094F8283043F0020384F8283004B010BD53
:100C30000220FBE738B505460C4602F0C9FF78B143
:100C400002F096FF284603F0B7FC38B12146FFF7C3
:100C5000D3FF044602F08EFF204638BD0724F9E793
:100C60001E24F9E730B58FB004460D46342200212A
:100C700001A819F0F3F8032301A88DF80430ADF8AA
:100C80000C400295FFF7DEF9214601A8FFF7A1FA13
:100C90000D2D03D113212046FFF7CCFF0FB030BD3F
:100CA0002DE9F0418EB0342204460E4601A8002101
:100CB00019F0D4F802F05CFF204603F07DFC0546F5
:100CC00020B103A9FFF7CEF9D5E9177802F052FF5A
:100CD00075B302F04DFF2046FFF748FB054602F0D2
:100CE00049FF35B120463146FFF7BCFF2846FFF7E4
:100CF00051FA3146204605F0DBF8204606F0A2FD09
:100D0000204602F039FA204601F04EFE204603F05C
:100D100081FD204603F050FB012301A88DF804302B
:100D20000296FFF78FF94246394601A8FFF73AFAD3
:100D30000EB0BDE8F08170B5B0F8016004788EB0F7
:100D4000B5B244B9C17809B101F500712846FFF781
:100D5000A7FF0EB070BD3422002101A819F07EF863
:100D600004F50074062301A88DF80430ADF80C607A
:100D70000294FFF767F9294601A8FFF72AFAE8E786
:100D800038B504464FF6FF7503F041FBA84203D087
:100D90002146FFF785FFF7E7054B1B78012B02D1B2
:100DA0002046FFF77FFA2046BDE83840FFF748BAF3
:100DB000E834002070B590B004463422002103A826
:100DC00019F04CF80023CDE9013302F0D1FE66881A
:100DD000304603F0F1FB18B16378DBB11A2B29D050
:100DE000BDF8043023B93046FFF7C0FAFFF7D2F957
:100DF00002F0C0FEBDF804302BB3214A002301A944
:100E0000304604F0D9FF18B101463046FFF72AFFFB
:100E100010B070BD6279237943EA02238383E279BB
:100E2000A37943EA0223C383237A627A43EA022343
:100E30000384D5E7134B1D68002DD1D0AB8AB34294
:100E400007D02D68F8E760780028DDD000F5007045
:100E5000DAE790F82830DB07C2D4AB88ADF804306D
:100E6000EB88ADF806302B89ADF808306B89ADF80A
:100E70000A3012F0B3FC00F520402861B0E700BF53
:100E8000890E0100F834002070B504460D4602F0CA
:100E90006FFE2046FFF76AFA064602F06BFE4EB17F
:100EA0003046FFF777F92DB129462046BDE870405E
:100EB000FFF7D8BE70BD000038B502F089FE98B1CA
:100EC0000A4D02F055FE2B78022B0BD1FFF712F9D9
:100ED000044618B96B7C43F008036B7402F04AFEB9
:100EE000204638BD0224F9E71E24F9E7D434002057
:100EF0002DE9F0410279C3789CB043EA0223ADF8B2
:100F000014308279437943EA0223ADF81630027A2D
:100F1000C37943EA0223ADF81830437A827A002578
:100F200043EA0223ADF81A30079505AE044696E869
:100F30000700B4F801400DF1200888E80700A7B2C7
:100F4000342229460FA818F089FF042339460FA838
:100F50008DF83C30CDE91068ADF84840FFF739F91D
:100F6000ADF82C40034690BBBDF82020ADF82E20F4
:100F7000BDF82220ADF83020BDF82420ADF8322095
:100F8000BDF82620ADF83420BDF82820ADF8362075
:100F9000BDF82A20ADF8382000900E220BA942F2AD
:100FA000200003F06BFC044670B102F0E1FD38460E
:100FB000FFF7DCF9039002F0DDFD0398FFF7EAF894
:100FC00021463846FFF74EFE1CB0BDE8F0818DF893
:100FD0002E0000952B4603220BA942F2210003F0BC
:100FE0004DFCF1E72DE9F0410A884B889A4288B020
:100FF00080460C4600F29D80052A40F29A80B3F5A7
:10100000486F00F296808A88B2F5FA7F80F091806E
:10101000C98802FB0333B1EBA30F40F38A8002F0CF
:10102000D7FD002800F087800023CDE9023302F0CD
:101030009FFD404603F0C0FA0646002856D03F4BBD
:101040001D6835B93E4808F094F9074630B90626C0
:101050003AE0AB8A43454DD02D68F2E71822294685
:1010600018F0FCFE20686168A7F814803B1D03C3DC
:10107000A068186012F0B2FB736A00F520409A076E
:10108000386103D496F82830DB0737D52388ADF8CC
:1010900012306388ADF81430A388ADF81630E388B9
:1010A000ADF818302389ADF81A3000256389ADF802
:1010B0001C3000952B460E2204A942F21300ADF815
:1010C000108003F0DBFB064602F054FDCDB902F0C0
:1010D00087FD02F04DFD46BB184B1A683A601F6051
:1010E00002F048FD304608B0BDE8F081074607260B
:1010F0000546E9E7002502262F46E5E72E460125AD
:10110000E2E72388ADF808306388ADF80A30A38899
:10111000ADF80C30E388ADF80E300A4A002302A97E
:10112000404604F049FE0646D3E73846FFF732F85A
:10113000D6E70326D6E71E26D4E700BFF834002002
:1011400014350020890E010070B5A8B004460026B1
:1011500002F03EFD002844D002F00AFD204603F0D4
:101160002BFA0546A0B105A990F8286003F05AFAB9
:101170001C2200210DA818F071FEDDF81B00BDF83F
:101180001F209DF821300C90ADF834208DF83630BA
:1011900002F0F0FC3DB3F2071FD514A90CA806F02D
:1011A00048FDB0B99DF87830DB0712D59DF89A302C
:1011B0009DF85710C3F340030293DDE9182320463E
:1011C000CDE90023BDF858301AAA06F0FFF928B07F
:1011D00070BD204606F088F9F9E7204606F0C2F90E
:1011E000F5E71E20F3E70720F1E737B5044602F0E4
:1011F000EFFC30B3254600230093CDF8033015F8FB
:10120000013B4BB906220DF10101284618F0F0FD13
:1012100010B9032003B030BD02F0AAFC204603F051
:1012200065FA10B11321FFF7E7FC02F0A3FC207868
:10123000294604F02BF9204603B0BDE8304006F003
:1012400006BE1E20E6E71FB502F0C2FC68B101220F
:1012500001A902A806F0D8FD20B9019B3BB102A864
:10126000FFF7C3FF05B05DF804FB1E20FAE7052079
:10127000F8E72DE9F04389B0064602F0A9FC50B327
:10128000032201A902A806F0BFFD044640B9019F50
:101290001FB30DF1090506F10109A74204DC06247C
:1012A000204609B0BDE8F083327815F8013C9A4237
:1012B000C4EBC40808D129460622484618F098FD18
:1012C000073508B90134E8E702AB03EB0800FFF784
:1012D0008CFF0446E4E71E24E2E70524E0E730B58E
:1012E0008FB004460D463422002101A818F0B6FD47
:1012F00095E803000B238DF8043002AB83E803006C
:10130000214601A8ADF81040FEF763FF0FB030BDD5
:10131000F0B58FB004460D4617460021342201A8CF
:101320001E4618F09BFD0A2301A88DF80430ADF885
:101330000C400295FEF786FE214601A8FEF749FF04
:101340001DB927B1204602F09FF90FB0F0BD002E65
:10135000FBD0204602F05CF9F7E710B58EB00446EA
:101360003422002101A818F079FD1023214601A89C
:101370008DF80430ADF80840FEF72BFF0EB010BD1D
:1013800010B504468EB03422002101A818F066FD85
:101390002068029011238DF804302188A388ADF8CD
:1013A0000C3001A8FEF715FF0EB010BDF0B58FB0E0
:1013B00004460F4616460021342201A81D4618F0A7
:1013C0004DFD0C238DF804304FF0000365F300034E
:1013D00001A88DF81030ADF80E40ADF80C700296F3
:1013E000FEF730FE214601A8FEF7F3FE029807F053
:1013F0001DFC0FB0F0BDF0B58FB00C460746164689
:101400000021342201A81D4618F028FD0D238DF877
:1014100004304FF0000365F3000301A88DF810308D
:10142000ADF80C400297ADF80E60FEF70BFE2146BA
:1014300001A8FEF7CEFE0FB0F0BDF0B58FB00546A7
:101440000F4616460021342201A81C4618F006FD5E
:101450000E238DF804309DF85030ADF80850003B55
:1014600018BF0123003C18BF012444EA43049DF83F
:101470005430ADF80A70003B18BF012344EA8304DE
:101480009DF858308DF80C60003B18BF012344EAEA
:10149000C30401A88DF80D40FEF7D4FD294601A82C
:1014A000FEF797FE0FB0F0BD70B58EB004460E4645
:1014B00015460021342201A818F0D0FC0F2301A802
:1014C0008DF80430ADF80840ADF80A60ADF80C5066
:1014D000FEF7B8FD214601A8FEF77BFE0EB070BDF9
:1014E00038B5FEF72BFF20B9104A537843F00403B8
:1014F00053700F4C2378022B0CD1FEF7FBFD48B93B
:10150000238A23F40F6323F00F0343F4006343F0B3
:10151000020323822578012D07D100210846FEF71A
:10152000F5FD10B9FEF710FE257438BDE834002033
:10153000D434002008B502F01BFBFEF7A5FE08B965
:10154000FFF7CEFFBDE8084002F014BBF0B51E4C1B
:101550001E484FF0FF318FB0002508F013F9C4E9A1
:10156000005502F005FB1A4A5378590706D565F372
:101570008203537093682360D3686360154B1A7CB1
:101580000025012A02BF1D74D3E90267154602F047
:10159000F1FA092321688DF804301D23029319B153
:1015A000626801A8FEF7FEFD084808F011F94DB188
:1015B00008238DF804303A461D23314601A80293D2
:1015C000FEF7F0FD0FB0F0BD3435002030350020BF
:1015D000E8340020D434002030B5094C25682B466F
:1015E00013B929B9032008E0834207D09B68F7E7C5
:1015F000C0E9001285602060184630BD0220FCE77B
:10160000D03400200B4910B50A6813460BB90520E9
:1016100010BD834207D09B68F8E713469268824268
:10162000FBD19C6003E09A429C68F6D10C600020DC
:10163000EEE700BFD034002007B514220021104887
:1016400018F00CFC102200210E4818F007FC0E4880
:1016500008F074F80D4A0E48002313600D4A136019
:101660000D4B009318220D4B012107F03DFE18B1E0
:10167000012814BF0B20062003B05DF804FB00BF57
:10168000D4340020E834002030350020F834002025
:1016900014350020D03400208BCD0200FC34002013
:1016A000014808F065B800BF3035002043680A687B
:1016B0009B1A002B05DD4A689A4200DD4B60002032
:1016C000704701207047C07A00F0010070470000A9
:1016D00038B10E2808BF0021034B188059801846E6
:1016E00070470146F8E700BF4436002070B5044655
:1016F0000846E56811461A464DB12689FFF7E8FF0E
:1017000023690146AC463046BDE870406047284634
:1017100070BD00231A460D21FFF7E8BF0023FFF735
:10172000E5BF70B504460846256911461A464DB115
:101730002689FFF7CDFF63690146AC463046BDE818
:1017400070406047284670BD00231A460D21FFF700
:10175000E8BFB1F5857F08BF0E21002389B2FFF7EE
:10176000E0BF70B504460846656A11461A464DB199
:101770002689FFF7ADFFA36A0146AC463046BDE8B7
:1017800070406047284670BD00231A460D21FFF7C0
:10179000E8BF0023B1F5857F08BF0E21FFF7E1BF49
:1017A00070B504460846656911461A464DB126894A
:1017B000FFF78EFFA3690146AC463046BDE8704096
:1017C0006047284670BD00231A460D21FFF7E8BF89
:1017D000038A1BB9B1F5857F08BF0E210023FFF7EF
:1017E000DFBF70B504460846256911461A464DB15B
:1017F0002689FFF76DFF63690146AC463046BDE8B8
:1018000070406047284670BD00231A460D21FFF73F
:10181000E8BF0023B1F5857F08BF0E21FFF7E1BFC8
:1018200070B504460846656A11461A464DB12689C8
:10183000FFF74EFFA36A0146AC463046BDE8704054
:101840006047284670BD00231A460D21FFF7E8BF08
:101850000023B1F5857F08BF0E21FFF7E1BF7FB5FB
:10186000054603936C69084611465CB12E89FFF763
:101870002FFFAA6900920146039BAA893046A04720
:1018800004B070BD2046FBE700231A460D21FFF788
:10189000E6BF0023B1F5857F08BF0E21FFF7DFBF4C
:1018A00070B504460846256911461A464DB1268989
:1018B000FFF70EFF63690146AC463046BDE8704055
:1018C0006047284670BD00231A460D21FFF7E8BF88
:1018D0000023FFF7E5BF13B514468389ADF8003048
:1018E0002368019300226B46ADF80220FFF7D8FF72
:1018F000019B23600E2002B010BD70B5044608465F
:10190000656A11461A464DB12689FFF7E1FEA36AC2
:101910000146AC463046BDE870406047284670BD81
:1019200000231A460D21FFF7E8BF0023FFF7E5BFAC
:1019300070B504460846256911461A464DB12689F8
:10194000FFF7C6FE63690146AC463046BDE870400D
:101950006047284670BD00231A460D21FFF7E8BFF7
:101960000023FFF7E5BFF7B50646084611460022FB
:1019700000921D4603B11B68B469019364B13789B5
:10198000FFF7A6FEF36901466A463846A0470DB147
:10199000019B2B6003B0F0BD2046F8E700231A46F8
:1019A0000D21FFF7E0BF0023FFF7DDBF70B5044650
:1019B0000846A56911465DB12689FFF789FEE369EE
:1019C000014604F10C023046AC46BDE87040604769
:1019D000284670BD00220D21FFF7E8BF10B504694D
:1019E000C289238A9A4204D30022FFF7DFFF0E2028
:1019F00010BD0A20FCE773B5054608462C6B11465E
:101A00006CB12E89FFF764FE6B6B0093014695F86D
:101A10002C3005F10C023046A04702B070BD2046C4
:101A2000FBE700220D21FFF7E6BF08B50022FFF714
:101A3000E2FF0E2008BD00002DE9F74F0024184EEC
:101A4000C3E900438046894692461F4602F090F85B
:101A50003568A346A5B12A68019249462846C04781
:101A6000019AD0B18CB933681B68336003B97660D2
:101A70007B68C5F800B0BAF1010F1D607D600BD125
:101A800003B0BDE8F04F02F075B823681B6823600F
:101A9000002BEDD17460EBE725462C461546D9E7BF
:101AA000383600208289018901230D20FFF7A3BC6D
:101AB00073B5054600232C690846114674B1CDE97B
:101AC0000033AB892E89ADF80030FFF701FE6B695A
:101AD00001466A463046A04702B070BD2046FBE78B
:101AE00000220D21FFF7E4BFFFF7E2BF70B5044607
:101AF000E0B1837A0C2B07D00D2B13D021460C4874
:101B0000BDE8704007F05CBC006907F08FF8F5E7AE
:101B100056F8350007F08AF8013594F82C30AB42BE
:101B2000F6DCEBE7002500F11006F6E770BD00BF1C
:101B30001C360020C38937B504460D464BB10169F8
:101B4000098A994205D9008901920021FDF729F8F7
:101B5000019A2946204603B0BDE83040FFF726BF72
:101B60002DE9F843054690F82D6095F82C30008952
:101B7000B3420AD80121FDF714F805460024204697
:101B800007F054F82846BDE8F883FCF78DFD441FA4
:101B9000A4B2FCB105F10C070FFA86F807EBC606F4
:101BA0007368188A7388C01A8442A8BF0446EC85FB
:101BB00003F0C5FB044678B1EB8D7288716807F0BD
:101BC0009DF848B9728837F8381028892346FCF701
:101BD0009CFFD2E70725D2E70625D0E770B504467B
:101BE0000089FCF761FD421F002A25DD2369E08999
:101BF0001B8A181A9042A8BF104600280ADC2089C8
:101C00000121FCF7CEFF04460025284607F00EF818
:101C1000204670BDA08203F092FB054670B1A38AF6
:101C2000E289216907F06AF840B9E289A18920892F
:101C30002B46FCF76AFFE6E70724E5E70624E4E71E
:101C400013B50446064B218C186801900131628C53
:101C5000208901AB89B2FCF74FFE02B010BD00BF76
:101C6000C8CD020013B50446064BA189186801903F
:101C70000131E289208901AB89B2FCF73DFE02B057
:101C800010BD00BFC8CD020007B50246094B118A3E
:101C900018680190108949B99189D289013101AB45
:101CA00089B2FCF729FE03B05DF804FBFCF782FE65
:101CB000F9E700BFCCCD0200F0B589B0044600F1D1
:101CC0000C0604AD2946304606F080F9238C27899E
:101CD000013399B23046039106F0B2F90399CDE988
:101CE00000504FF420534FF6FF723846FCF7B6FD14
:101CF00009B0F0BD13B50446064BA18918680190E0
:101D00000131208901AB4FF6FF7289B2FCF793FED7
:101D100002B010BDD0CD020010B5054807F029FB78
:101D2000044618B13822002118F098F8204610BD5A
:101D30001C36002037B50B4600250A888988ADF887
:101D4000002004469868ADF8025003F0FBFAA84260
:101D50000CBF0621294601906B462A462046FFF714
:101D6000CCFD0446019806F061FFAC420CBF204652
:101D70000E2003B030BD072938B504460D460AD100
:101D80002846A28921890123FFF735FB2089BDE878
:101D9000384001F01BBB8189008901F045FB002818
:101DA000EED038BD70B50D4688B01C220646002125
:101DB00001A818F053F86A682B88ADF80430052A9A
:101DC00001D0132A07D1A968033A033103A806F00A
:101DD000CEF8044608B10A240DE0A86810F8013BCB
:101DE0008DF8083006F043FD2B88B289ADF8060067
:101DF0009A42F0D2B38101AB002221463046FFF770
:101E0000F0FC204318BF0E2008B070BD70B50E4620
:101E100088B01C220546002101A818F01FF872683E
:101E20003388ADF80430052A01D0132A25D1B168D2
:101E3000033A033103A806F09AF80446E8B9B068FB
:101E400010F8013B8DF8083006F011FD33882A8C1C
:101E5000ADF806009A4210D22B8405F10C0103A8BC
:101E600006F064F880B92246214601AB2846FFF708
:101E7000D7FC002818BF0E2406E000231A460A21CA
:101E80002846FFF7CDFC0E24204608B070BD0A8816
:101E900003899A4207D18B78827A9A4205D0FF3B18
:101EA00058425841704700207047012070470B8806
:101EB0004FF6FF72934270B502D002899A4213D155
:101EC000D1E90124857A00239C4205DC0020C8600A
:101ED000003818BF012070BD12F83360AE4202EB2B
:101EE000C300F4D00133EFE70020F4E708B50B4658
:101EF00029B100231A46FFF700FD0E2008BD0A464F
:101F00000E21F8E710B549B1062907D1C37A094C6B
:101F100043F00103C372236813B10021084610BDCA
:101F200011F05CFC10F5806101D02160F5E7012320
:101F30002360F3E74036002038B50546FFF710FE72
:101F400001462846FFF7DEFF044620B10146002285
:101F50002846FFF750FD204638BD38B50546FFF747
:101F60003DFE01462846FFF7CDFF044620B101465D
:101F700000222846FFF71AFD204638BDF7B5044673
:101F8000084631B92769E089B7F810C0604507D322
:101F90000A20014600222046FFF708FD0E201DE022
:101FA000A6899642F4D19842F2D1089A15682E8AF1
:101FB00030446045ECDCA28A9642E9D100963A466C
:101FC000284606F063FF0028E2D1E3892A8A1344F9
:101FD000E3812046FFF7C1FF0028DAD103B0F0BD4E
:101FE00038B50546FFF72CFE01462846FFF78AFF65
:101FF000044628B1002301461A462846FFF710FC84
:10200000204638BD38B50546FFF72CFE0146284668
:10201000FFF778FF044628B1002301461A462846F8
:10202000FFF7DFFB204638BD38B50546FFF72CFE2D
:1020300001462846FFF766FF044628B10023014603
:102040001A462846FFF7ACFB204638BDF0B51546CA
:1020500087B01023002207460C4601A8296805F026
:10206000A2FF0646286806F0E1FD00232B60DEB9DA
:102070003B8ACBB174B93B69009322466B4621463B
:102080003846FFF78DFB58B93C613846FFF7CCFF67
:10209000044630B100231A4621463846FFF780FB3C
:1020A0000E24204607B0F0BD0A24F3E738B50546F4
:1020B000FFF702FE01462846FFF724FF044628B139
:1020C000002301461A462846FFF74BFB204638BD41
:1020D00038B50546FFF70EFE01462846FFF712FF0A
:1020E000044628B1002381B21A462846FFF719FB9F
:1020F000204638BD10B5064C236833B111F06EFB95
:102100002368181A20EAE07010BD6FF00040FBE76A
:102110004036002010B50446FFF76DFC94F82D20E2
:1021200094F82C309A4205D220890021BDE8104055
:10213000FCF737BD10BD73B50446084631B994F8B5
:102140002D1094F82C508D4207D80A200146002209
:102150002046FFF7DFFF0E2028E004F10C0606EB17
:10216000C10536F831109142EFD169889942ECD11E
:10217000E38D069A009312680346686806F086FEAF
:102180000028E2D16B88E28D13446A68128A9BB200
:102190009A426B809FBF688094F82D30013384F899
:1021A0002D302046FFF7C8FE0028CFD102B070BD09
:1021B0000346C289998900890AB9FCF7FBBBFCF781
:1021C00015BC38B50546FFF7F3FF01462846FFF773
:1021D00099FE044628B1002301461A462846FFF717
:1021E000A7FB204638BDF0B513681746C2681E8AA3
:1021F00085B0CDE9022302AB00220D460446FFF76D
:1022000097FB039B3B6055EA000301930CD12089A7
:10221000FCF74AFA40B101388642019B06DA1A46B9
:102220000E212046FFF784FB0E2007E0E3893344AC
:10223000E3812046FFF7C5FF0028F5D105B0F0BDCA
:1022400008B50B4629B100231A46FFF7E9FA0E201C
:1022500008BD018C428C914202D11A460E21F4E74E
:10226000FFF7BEFE002818BF0E20F1E708B50B46A9
:1022700029B100231A46FFF7B4FA0E2008BD818960
:10228000C289914202D11A460E21F4E7FFF7BAFE45
:10229000002818BF0E20F1E708B50B4629B100232E
:1022A0001A46FFF77DFA0E2008BD81894FF6FF72AE
:1022B000914202D11A460E21F3E7FFF7B5FE00283E
:1022C00018BF0E20F0E7000010B50446A9B9C37A84
:1022D000DB0704D411F082FA00F5F040606001F0F1
:1022E00047FC00232360074B5A6814605C6001F0D0
:1022F00041FCBDE8104001F073BCBDE81040FFF7A1
:10230000F5BB00BF3836002070B5048A86B006469B
:102310000D46ECB90B8882899A4205D283814B68BD
:10232000042B0CD0062B15D000226B4611463046EC
:10233000FFF736FA002818BF0E2006B070BD886877
:1023400006F095FA3082A868023006F090FA7082A2
:102350000020F2E7886806F08AFAADF80000A86865
:10236000023006F084FAA968ADF8020002220431B6
:1023700001A805F0FCFDD7E77FB502ADADF804007C
:102380008DF806100D480E4E2B46002201A9FFF7CE
:1023900053FB029C0CB904B070BDA37A002256F81E
:1023A0002330072120469847029B1B68029303B9FC
:1023B00003952046FFF79AFBEBE700BF8F1E010055
:1023C000D4CD020010B586B01C460023CDE903121F
:1023D000ADF80800059305486B46012202A9FFF7F6
:1023E0002BFB059B0098236006B010BDAF1E0100BB
:1023F0001FB50122ADF804008DF80610044802ABA9
:1024000001A9FFF719FB029805B05DF804FB00BFB6
:102410008F1E0100C189028A013138B589B2044694
:102420000089FCF7B4F901462046FFF76BFD05462D
:1024300028B1002301461A462046FFF710FA284625
:1024400038BD00007FB511F0C9F96FF0004302906C
:1024500003930022214800926B4602A9CDF804D0D4
:102460001F4EFFF7E9FA039D009CA4B9FFF742FE57
:1024700060B91C4B1C4E18600246014602AB1B485B
:10248000FFF7DAFA029CD4B9FFF734FEA842A8BFDE
:10249000284604B070BDA37A56F823300BB120460D
:1024A000984720891321FEF7C5FB009B1B6800930A
:1024B0000BB9CDF804D02046FFF718FBD4E7A37A78
:1024C00056F82320E37A23F00103E3722046904775
:1024D00001462046FFF7F8FE2468D4E7AD16010058
:1024E000C4CE02004036002010CE0200C716010004
:1024F000F7B507460E46144662B902F020FF0446BF
:10250000D8B100220346009231464FF6FF70FCF727
:1025100015FEA0B9224631463846FCF75AFB002486
:1025200005460023324639462846FEF764FF20461A
:1025300006F07CFB284603B0F0BD0625F1E709252F
:10254000EFE70022FFF7D4BF0E21FFF715BF2DE9FB
:10255000F34180460F461446FFF7DEFB064628B3DC
:102560000E238372A0F80880878164B902F0E7FE29
:102570000446D8B100220346009239464FF6FF7058
:10258000FCF7DCFD20BB224639464046FCF740FB09
:10259000054648B901F0ECFA404602F00DF808B1E2
:1025A000A0F8547001F0E6FA002400E006250123AB
:1025B0003A4641462846FEF71EFF29463046FFF7B9
:1025C00083FE204606F032FB284602B0BDE8F081CB
:1025D0000925ECE70022FFF7BABF000070B50E46F0
:1025E000FF211546FFF704FF044668B1827A074BC6
:1025F00053F822301BB1324605F5807198472046CA
:10260000BDE87040FFF772BA70BD00BFD4CD0200C4
:1026100037B50D4600210192FFF7EAFE044650B19E
:10262000019B00222946FFF761F8204603B0BDE870
:102630003040FFF75BBA03B030BDF0B50C4687B051
:102640000621FFF7D5FE0546F0B12388C289ADF813
:1026500000309A4204F1040438BFC3810FCC01AEAC
:102660000FC638BF00272368336028BF0A273946C2
:102670006B4600222846FFF7F2F838430CBF0146AC
:102680000E212846FFF720FE07B0F0BD38B50D46F5
:102690000621FFF7ADFE0446C8B155B100231A4626
:1026A0002946FFF7DCF80E212046BDE83840FFF749
:1026B0000BBEC289038A9A4203D12B462A460E21B9
:1026C000EFE7FFF7A7FE011E18BF0E21ECE738BDAC
:1026D00070B50D4686B00221FFF78AFE0446F0B1C0
:1026E0006B88028C9A421CD22A88038400F10C0663
:1026F000ADF80020ADF802300FCE01AD0FC5336844
:102700002B60002529466B4600222046FFF729F85A
:1027100028430CBF01460E212046FFF7D5FD06B029
:1027200070BD0A25EEE738B50D460221FFF760FEC1
:102730000446D0B155B100231A462946FFF711F8D7
:102740000E212046BDE83840FFF7BEBD028C4FF693
:10275000FF739A4203D12B462A460E21EEE7FFF77C
:10276000A5FC011E18BF0E21EBE738BD37B50D469D
:1027700001AB08490422FFF725FE044638B1019B4E
:1027800029465B68984701462046FFF79DFD03B048
:1027900030BD00BFA4CE020037B50D4601AB0849DD
:1027A0000422FFF70FFE044638B1019B29465B68FF
:1027B000984701462046FFF787FD03B030BD00BFB4
:1027C00084CE020070B50E4686B00121FFF710FEE0
:1027D000054608B37268022A01D0102A1ED1B168DA
:1027E00001A805F0C4FB0446C0B97388AA899A42BF
:1027F00014D23288AB81ADF80020ADF80230A1B21E
:102800006B4600222846FEF78CFF54EA000118BFF1
:102810000E212846FFF758FD06B070BD0A24EEE7EA
:1028200038B50D460121FFF7E3FD0446D0B155B19F
:1028300000231A46A9B2FEF774FF0E212046BDE818
:102840003840FFF741BD82894FF6FF739A4203D1AA
:102850002B462A460E21EEE7FFF73AFC011E18BF71
:102860000E21EBE738BD000073B50D461646094949
:1028700001AB0322FFF7A6FD044640B1019B2946A8
:102880005B683246984701462046FFF71DFD02B0BF
:1028900070BD00BF6CCE020037B50D460921019214
:1028A000FFF7A6FD044650B12946019AFFF79BFCAD
:1028B0000146204603B0BDE83040FFF705BD03B038
:1028C00030BD37B50D460A210192FFF791FD044650
:1028D00050B1019B00222946FFF745F8204603B07E
:1028E000BDE83040FFF702B903B030BD10B50B2191
:1028F000FFF77EFD044640B100221146FFF7D8F8ED
:102900002046BDE81040FFF7F1B810BD2DE9FF41AA
:102910000D4616460B491F46022203ABFFF752FD38
:10292000044660B10A9B0093039B2946D3F80480B8
:1029300032463B46C04701462046FFF7C5FC04B07F
:10294000BDE8F0815CCE020037B50D4601AB084909
:102950000222FFF737FD044638B1019B29465B6828
:10296000984701462046FFF7AFFC03B030BD00BFDB
:102970004CCE020010B50E21FFF73AFD044690B18F
:102980008189008900F050FD40B90E20A28921897B
:102990000123FEF730FD208900F018FD2046BDE838
:1029A0001040FFF7A3B810BDFF21FFF7E5BC000002
:1029B00007B5074B07480022C3E90023064B0093E5
:1029C0003822064B042106F08FFC03B05DF804FBAF
:1029D000383600201C360020B3CD02003C350020E4
:1029E00010B5084A08491288096803460020824247
:1029F00002DC4FF0FF3010BD51F830409C42FAD05D
:102A00000130F4E7743600207C36002010B5074A08
:102A1000126803460020824202DC4FF0FF3010BDF6
:102A200033F820408C42FAD00130F4E76C360020B5
:102A300038B5DDE9043460681D6805F001FB81B23A
:102A4000284606F01CFB014620B1606805F0BEFA7E
:102A5000002038BD1120FCE770B5DDE904650421D4
:102A6000306806F00CFB044608B9112070BDA98837
:102A700005F0E2FEA01CE98805F0DEFE2B68586830
:102A800005F06FFA04460028F0D03068022106F005
:102A9000F6FA0028E9D0214605F0CEFE0020E5E751
:102AA00038B5064C0025206811F029FC2560044C3F
:102AB000206811F024FC256038BD00BF4836002096
:102AC0007C36002010B5044C206811F018FC034A35
:102AD00000232360136010BD78360020703600207C
:102AE0002DE9F0410C4FDFF83480054600243B8887
:102AF000A34203DC00263046BDE8F081D8F8003060
:102B000003EBC40653F834302846596805F00EFA32
:102B10000028F0D00134EAE7743600207C3600202B
:102B2000C0F30013820648BF43F002031846704703
:102B300070B5DDE904650C463068032106F09FFAA4
:102B400008B9112070BD2A8A02F00103910748BF1D
:102B500043F00203510748BF43F00403110748BF85
:102B600043F00803D10648BF43F01003910648BF65
:102B700043F02003510648BF43F0400312F4C07FE6
:102B800018BF43F08003611C00F8013B89B205F0D7
:102B900053FE2868346805F053FA81B2204606F0E7
:102BA0006EFA01460028CCD0286805F00FFA002004
:102BB000C8E7024691F900000B78002810B50EDA3C
:102BC00013F0010409D113F0020005D0128842B9B4
:102BD0001D2003F07F030B7010BD1B20F9E70020C0
:102BE000FAE72046F8E72DE9F04F80468DB0894698
:102BF000144600F0BDFF404601F0DEFC00263546DD
:102C0000824630B900F0B6FF0E2420460DB0BDE874
:102C1000F08F09F1FF37169BADF82860BFB2B945B8
:102C2000D3F800B07ED3D0F84C9039464846FFF731
:102C3000EDFE411C76D019EB800973D0022C99F877
:102C4000026007D00221584606F019FAC8BB354683
:102C500011243EE0BBF81010022965D1584606F059
:102C600034FA006805F003FE99F8034030EA0404E2
:102C70005DD199F8023083425CD0C5B289F8025028
:102C80009AF858305A0724D5534653F8070F08903E
:102C90009A889B798DF82630ADF824209AF80700A1
:102CA00002F0B1FBADF8287099F80230ADF82A3087
:102CB0009DF82C308DF8200064F300038DF82C3043
:102CC00007E099F8021001F0030105F0B5FD354663
:102CD000002400F04FFF002C97D186EA05039B07E4
:102CE0000FD005F00203029305F0010506F0020380
:102CF0000193009506F00103012239464046FEF794
:102D00009CFBBDF82830002B3FF47FAFBDF82A3084
:102D100093B905A808A904F0C2FF05A804F0BBFFF9
:102D2000044672E70E24D4E735460D24D1E7354634
:102D30000624CEE73546CCE708A804F0A8FFEFE765
:102D40002DE9F84F16461A780A9FDDF830B005468F
:102D50008A461C46032A3ED8DFE802F002330233DB
:102D6000FEB93A686260B04662682846B2F81090D0
:102D70000B9D5B4622465146A8470546D8B9616877
:102D80000B8AA3EB09039B1B14D4B8F1000F15D0D9
:102D900038689BB2324605F0B1FF606805F046FF27
:102DA0000CE00021084605F029FF6060A8B14FF053
:102DB0000108D9E70725B8F1000FEED12846BDE894
:102DC000F88F3A680B9D62605B462246A8476368AD
:102DD0003B600546F2E70E25F0E71125EEE730B53A
:102DE00089B01D46023A0D9B0793544254419A689C
:102DF00002925B6801930C9B00932A4605AB8DF809
:102E00001440FFF79DFF09B030BD10B588B01446DF
:102E1000022C1A460B9B079314BF022403248DF83F
:102E20001440DC6802949B6801930A9B009305ABF5
:102E3000FFF786FF08B010BD08B5FDF7F1FD08B13A
:102E4000002008BDFDF7C8FE0028F9D1FDF7CCFE33
:102E50000028F5D101F0E0FBB0FA80F04009F0E77E
:102E6000B04B2DE9F04FB3F800E0AF4B1646AF4A38
:102E70001B6817884FF0000B99B00D4603EBC70392
:102E8000D8464FF6FF79017884460BEB070439B931
:102E900014800491049B5B45C0F2648100203CE0F7
:102EA000A64500F1100003F1080340F3018143F847
:102EB00008CC23F8048C23F8029C0BF1010BE2E709
:102EC000994BD3F800A00AEBC70205929288984666
:102ED0007ABB5AF83740A36823B1A3F1040959F823
:102EE000040FE8B994F800C00CF1FF33012B29D886
:102EF00063683BB3DFF864E28D488E4B0093019426
:102F00000DF11A0300220121BCF1020F08BF704627
:102F1000FCF796F8C0B101280BD019B0BDE8F08FCE
:102F2000FFF75EFD411C04D00AEBC0008388002B34
:102F3000D5D101377D4B1B889F42C1DB039B002B02
:102F400040F014810320E8E755B101238DF82430C7
:102F50003146BDF81A30ADF8283009A80B94A847BF
:102F6000A3686BBBE36833B103F1180858F8183C49
:102F7000A8F1180A4BBB059ABDF81A309380FCF7EC
:102F80008DF8059BD880039B01330393D1E7FFF7AE
:102F900027FDD8F8003003EBC000674B0190009389
:102FA000002213AB01215046FCF74AF809F104094D
:102FB0000028B0D1A36853F809000028E7D1D1E771
:102FC000DFF89CA14FF00009F4E758F8143C002BFF
:102FD000B8D038F8080CFFF7A3FD002862D1574B92
:102FE00000935748CDF804A007AB00220121FCF75D
:102FF00027F800288FD138F8083CC3F3400113F0BC
:103000000C0F18BF41F002019A0548BF41F00401BE
:10301000580548BF41F008011A0548BF41F01001AA
:10302000D80448BF41F020019A0448BF41F0400154
:103030005B04444B18F8062C0093CDF804A048BF5D
:1030400041F0800158F8180C0DF11E03FBF7F8FF52
:1030500000287FF460AF58F8043C13B1BDF81E207F
:103060001A807DB102238DF83830BDF81C30ADF8E0
:103070003C303146BDF81E30ADF83E300EA8CDE9EB
:1030800010A4A84738F8080CFFF74AFDB0B958F863
:103090000C9CB9F1000F02D0D9F80000D0B908F1AA
:1030A000180863E7284B294A1B6812889A4201DAFC
:1030B000062032E7244A0133136090E7244B009343
:1030C00000222448019208AB0321FBF7B9FF002836
:1030D000DDD020E7D9F80830002B3FF433AF1E4B8A
:1030E00099F8052099F804100093CDF804900DF19B
:1030F0002203FBF7A5FF00287FF40DAF75B14FF059
:1031000003038DF84C303146BDF82230ADF8503015
:1031100013A8CDE916A4CDF85490A84709F11009D9
:10312000BAE700BFE68200207C360020743600201B
:1031300048010020312A0100592A0100312B0100E9
:1031400054010020DF2D01006C360020EC820020AD
:10315000E72B0100580100200B2E01004C0100203C
:1031600050010020002303931F46E3E6DDE903231B
:10317000134404938EE600BF2DE9FF47054600F097
:10318000F7FC284601F018FA044620B10023D0E9E4
:103190001378C0E9133300F0EDFC2CB32846FFF799
:1031A000D3F90FB30024DFF84CA03E46A146A0455A
:1031B00006DC0F48394604B0BDE8F04706F000B918
:1031C000B37813EA0A0F0CD003F002023188CDF86D
:1031D0000890CDE9009203F0010302222846FEF791
:1031E0002CF901340436E2E704B0BDE8F08700BFF3
:1031F0004C3600200300FFFF074A08B50023138068
:10320000064A1380064A1380FFF74AFCFFF75AFC70
:10321000BDE80840FCF7F0BEE6820020E88200200E
:10322000EC8200202DE9FF47434B1868039000F023
:103230009FFCFFF701FE002878D0FFF731FCFCF778
:10324000B1FE0646002873D13C4F3888002840D193
:103250003B4B188830B1C00011F04BF8394B186067
:1032600000283DD0384BDFF8F890DFF8F880DFF821
:10327000F8A000251D80D9F80030AB4237DCFFF7FD
:1032800021FC324B1A68F2B1314B39880093314B33
:1032900091FBF2F11B683048920089B206F024F8E5
:1032A0000446002846D12C482C4F06F062F83860BE
:1032B000B0B12546A04628464FF6FF7203A9FBF79A
:1032C00017FF054600BB00F055FC304604B0BDE8D2
:1032D000F087800011F00DF81E4B18600028B7D160
:1032E0000624FFF7DDFB2646FFF7ECFBEBE7DAF8F9
:1032F0000030D8E9001253F82500FFF7B1FD04466D
:103300000028EED10135B6E72B69188AFFF708FCD3
:103310000028D0D039686B8901EB8402013321F891
:103320002430D07082F802800134C4E70F24D8E73B
:103330000446D6E70B24D4E718CF0200EC82002025
:10334000E68200207C360020743600206C36002097
:1033500000CF0200483600204C360020683600209E
:10336000703600205C01002078360020054B1B6879
:103370002BB1054BD888003818BF012070470120B9
:10338000704700BF6C3600204C36002038B50C4D1D
:103390002B68002B04460DDD0A4805F0EAFF20608B
:1033A00060B12D68084BAA00196816F02FFD656002
:1033B000002038BD0020C4E90000FAE70620F8E745
:1033C0006C3600204C3600206836002070B505466B
:1033D00000F0CEFB284601F0EFF80446E8B1006D9E
:1033E0000022904201DC00260BE0E36C03EB820339
:1033F00093F902609978002E0DDA01F07F021E88A1
:103400009A7000F0B7FB54B15EB131462846BDE872
:103410007040FFF7DFB80132E3E70646F1E7072027
:1034200070BD0520FCE700002DE9F0432A4B1C6825
:1034300085B0054620460F46FFF7E8FA421C49D002
:1034400004EB80044FEA8008E3789B0742D500F044
:103450008FFB284601F0B0F8B0F85490B945034608
:1034600033D190F85820002412F00402A0F8544000
:103470002DD0C56C454495F90220A24228DB0246B6
:10348000012652F8070F009091889279ADF8041048
:103490008DF80620D87901F0B6FFADF80890AB782A
:1034A000ADF80A309DF80C308DF8000064F300038D
:1034B0008DF80C3000F05EFB1CB916B1684604F0C4
:1034C000E6FB204605B0BDE8F0830524F2E714468C
:1034D0002646EFE70524F4E768360020F0B5274BD1
:1034E000014689B005461868FFF790FA411C04466A
:1034F00041D000F03DFB0026A4003746304601F0E5
:1035000075F840B1C36C234401369A7862F07F02AB
:103510009A700127F2E700F02DFB0FB100F082FB5B
:1035200000230193ADF80C50CDF8073004A901A891
:103530008DF80E3004F0A6FBE8B900F019FB01A8E5
:1035400001F0D4F868B900F015FB9DF81C30DA07DB
:103550000DD443F0010304A88DF81C3004F097FB50
:1035600005E0BDF81A309B07EDD400F003FB9DF891
:103570000E300133DAE709B0F0BD00BF6836002035
:103580002DE9F74FDFF880A0DFF880B00027DAF8E8
:103590000030BB4202DC03B0BDE8F08FDBF8000076
:1035A00030F827904946FFF731FA431C29D08500AF
:1035B0004FF0000800F0DCFA404601F017F804462E
:1035C00098B1C16C294402315430FFF7F2FA064633
:1035D000A088019000F0CEFA9CB11B2E019808D073
:1035E0001D2E0AD008F10108E4E706464FF6FF70E9
:1035F000EFE74946FEF7A5FFF4E74946FEF7EAFF85
:10360000F0E70137C3E700BF6C36002068360020C2
:103610007FB5064600F0ACFA304600F0CDFF034619
:10362000044653F8070F00909A889B79ADF8042060
:103630008DF80630E07901F0E6FE00258DF80000F7
:10364000236DAB4203DC00F095FA04B070BDE26C70
:1036500002EB85039B78ABB132F82520ADF80A3038
:103660009DF80C30ADF808206FF300038DF80C3096
:1036700000F080FA684604F00AFB00F079FA304660
:1036800000F09AFF0135DBE72DE9F04105468CB0EB
:1036900000F06EFA284600F08FFF0246034652F80B
:1036A000070F059091889279ADF818108DF81A20BF
:1036B000D879374F01F0A7FE00268DF81400ADF839
:1036C0001C608DF81E6000F055FA08A905A804F0EA
:1036D000D9FA002858D100F04BFA284600F06CFFC8
:1036E000C46CBDF8281080462046FFF78FF90146CC
:1036F000481C1ED1002400F03DFA9DF82A303B42C0
:103700000DD003F0020203F00103CDE90162009342
:10371000BDF82810002303222846FDF78EFE1B2C3F
:103720001BD01D2C2AD09DF81E3001338DF81E3081
:10373000CBE714EB8101DDD09DF82A308B709DF82A
:103740002C20D207D6D563F07F0301F8023F08F1A1
:103750005400FFF72EFA0446CDE7BDF8281028469E
:10376000FEF7EFFE0028DED19DF82C3060F3000359
:1037700008A88DF82C3004F08AFAD4E7BDF8281098
:103780002846FEF727FFCEE70CB0BDE8F08100BF6A
:103790000300FFFF10B50C46FFF7A2F920B12CB1D2
:1037A00083882380002010BD0520FCE72046FAE72F
:1037B0002DE9F041054600F0DBF9FFF73DFBB8B11C
:1037C0000D4EDFF838803468D8F800000134A700C7
:1037D000394610F092FD68B1C1193460C8F8000094
:1037E00041F8045C002400F0C5F92046BDE8F081F2
:1037F0000F24F8E70624F6E770360020783600201C
:103800000E4B70B50C4619880D4B1B680022914277
:1038100001DC05240AE01D469E88864203F1080368
:1038200009D1E98824B1FCF793FB0024204670BD40
:10383000FCF784FBFAE70132E9E700BF74360020A9
:103840007C3600200023F0B51C461D460278A9B244
:1038500072B9214805882944018020490888034419
:103860000B801F490B8803EB84040C80104632E068
:10387000013A012A2ED8426862B3826801339BB2B2
:1038800042B1043A194652F8046F0B46013189B22D
:10389000002EF8D1C2680AB1116811B90135103093
:1038A000D4E75168B1B1118A01F0300141B9023356
:1038B000D1689BB211B10E680F462EB91832EBE7F2
:1038C0000134A4B20333F3E7BE6801339BB2103175
:1038D000002EF0D10320F0BDE6820020E882002017
:1038E000EC82002010B500F043F9FFF7A5FA40B1D3
:1038F000FCF738FB044B00241C6000F03BF9204629
:1039000010BD0F24F9E700BF6C360020024B0020E9
:103910001860024B186070476C3600206836002033
:1039200037B5044600F13C05E06BA0B14268E263A4
:1039300002B925641038019001A9204601F060F811
:103940000128F1D1019BE26B5A6103F110010AB920
:1039500014332364E16303B030BD0000024B03491C
:10396000186805F01DBE00BFB03600209836002054
:1039700010B584680146044805F022FD2046BDE8E4
:10398000104001F0FFBA00BFC882002010B5044605
:1039900000F041FF054B06481968224601F057FD2B
:1039A00018B1204605F042F90B2010BDB0360020BA
:1039B00038370020FFF7E4BD08B5084B1B78022B11
:1039C0000146074806D006F047F8BDE8084004481D
:1039D00005F0D8BFBDE8084005F0EABFEA82002044
:1039E0004C37002038B505460FF0F8FE0446114864
:1039F00006F040F820B92846BDE83840FFF7DCBFA4
:103A00000C4806F04BF82C44241A002CF3DB094830
:103A100006F044F804460FF0E1FE844208D8054859
:103A200006F03CF80FF0DAFE024806F023F8E2E771
:103A300038BD00BF4C3700206FF00043984201D0E2
:103A4000FFF7D0BF7047000038B50B4D01232B7036
:103A500001F022FE041E14BF0023022366202B70F7
:103A6000FFF7C0FF34B901F0D1FC044B1B690446D9
:103A700003B19847204638BDE48200205C01002055
:103A80000F4B10B500221A7004F08EFE0D4C20462C
:103A900001F0CDFC88B90C4C2068FDF771F901F0FC
:103AA00015FC0A4BDB6813B1206800B1984700236E
:103AB0002360BDE81040FFF7C7BF05F0B7F8E6E7A1
:103AC000E482002038370020343700205C010020D9
:103AD000FFF7D6BF08B5134B1B78BBB1022B19D12A
:103AE000FEF7B0FCFFF7A8FF02F0FAF9FFF7A4FF1A
:103AF00003F09AFCFFF7A0FF00F038FEFFF79CFFF1
:103B0000FCF7E6FDBDE80840FFF796BFBDE80840BA
:103B1000FFF7B6BF044B054A054840F2C91111F042
:103B200073FF00BFE482002036CA02007ECF02008D
:103B30001CCF020008B510F0A9F8012806D010F03B
:103B40009FF8034B1B681B1A5842584108BD00BF21
:103B50003037002002484FF0FF3105F013BE00BFA0
:103B60002C370020014805F033BE00BF2C37002061
:103B7000FFF7F0BFFFF7F6BF10B5044C204601F089
:103B800056FC00B910BD01F019FAF7E738370020EC
:103B9000FFF7F2BF10B5FFF7DDFF00F03DFD30B1DC
:103BA00090F828305B070AD5FFF7BAFE18B900F085
:103BB00033FD04462CB9BDE81040FFF7D3BF0068C1
:103BC000EDE72046FFF7ACFE0028F4D12468F1E7CA
:103BD000024B1878831E584258417047EA820020F1
:103BE0000020FFF7E9BE000010B504460A4805F0C2
:103BF000C0FB014620B92046BDE8104004F090BD4E
:103C000000230360054BC0E90134054BBDE81040BB
:103C1000186805F0C5BC00BFC882002071390100DA
:103C2000B0360020024B0349186805F0B9BC00BF4C
:103C3000B0360020A4360020034B04491860044B22
:103C4000186805F0ADBC00BF343700208036002076
:103C5000B036002000F5C060FFF7EEBF10B5FFF7EB
:103C600079FF164B1C78012C23D0022C1DD0ACB947
:103C700002221A70FFF776FF10F002F8104B11497C
:103C80001860114A09681148234605F061FEFFF7E4
:103C9000C9FA044658B9FFF7D7FE08E00C4B0D4AA5
:103CA0000D4840F29D2111F0AFFEFFF75BFF20466B
:103CB00010BDFFF757FF0F24F9E700BFEA8200208D
:103CC00030370020B0360020D53A01004C370020B4
:103CD00036CA0200A9CF02001CCF020008B5FFF7C8
:103CE000BDFF30B1034B044A044840F2572111F0A4
:103CF0008BFE08BDE9C502008FCF02001CCF020079
:103D000004F0B4BC37B5444B00934448444B0C22F8
:103D10000A2105F0E9FA30B1424B434A4FF43E71B3
:103D2000424811F071FE424B424A1860424B434CEC
:103D30001870434B2060C3E901201860414A424B90
:103D4000C3E901201860414B414AC4E90130414BAD
:103D50001860C3E9012000F0E3FE00F041FD20B14E
:103D6000304B314A40F20D31DAE701F011FF20B15A
:103D70002C4B2D4A40F21631D2E7FAF7BDFC20B1A8
:103D8000284B294A40F21931CAE7FCF737F920B12C
:103D9000244B254A4FF44771C2E7FEF709FE20B1D4
:103DA000204B214A40F21F31BAE7FFF7AFFD20B1A7
:103DB0001C4B1D4A40F22231B2E7FDF73DFC05469F
:103DC00020B1184B184A40F22531A9E701F0C6FD91
:103DD0002A462149214801F021FB214805F0AEFC8B
:103DE000054620B10F4B104A40F2313198E704F0FC
:103DF00019FE1C4B1C4A186029462B461B4804F030
:103E0000DDFB04F00FFE214605F0CAFB03B0BDE860
:103E1000304000F004BD00BF6BCF0200C88200201C
:103E2000B4360020E9C50200B6CF02001CCF020064
:103E300034370020B5390100EA8200208C3600209A
:103E4000A4360020D13A0100803600205D390100FF
:103E5000DD3C010098360020913B010038370020FE
:103E60002C370020B03600208D390100AD4901000B
:103E700008B5FFF7C1F90A4805F084FD094805F0C7
:103E800077FCFDF70DFC00F06DFE00F0C7FC064866
:103E900001F0CCFA00F0C4FCBDE8084001F06EBDB2
:103EA0004C3700202C3700203837002042780B7820
:103EB0009A4206BF486000200120704773B5DDE9D3
:103EC00006548DF807008CB101318DF806100122DF
:103ED0000DF10601204604F0B3FE28B901220DF1D0
:103EE0000701204604F0ACFE02B070BD2E78B01C75
:103EF000084490420BDC013199552A7813449DF80F
:103F000007205A702B7802332B702046ECE70420F0
:103F1000EAE72DE9F3470A9EDDF830A0CFB2CDE9FC
:103F2000006A0C46904639469DF82C209946FFF7CA
:103F3000C5FF054698B9BAF1000F07D0A2B24146B5
:103F4000504602B0BDE8F04704F07ABE3078224611
:103F50004146484415F05AFF33781F4437702846CD
:103F600002B0BDE8F0872DE9F04F87B098460023F6
:103F70008DF813300378109E05460F469146002BAE
:103F80006CD1D5F804B0BBF1000F79D1D5F80CA0F5
:103F9000BAF1000F40F0A380D5F814B0BBF1000FC8
:103FA00040F0D280EA69002A40F0008195F8233081
:103FB000D90700F112816A6A002A40F02F81AA6AAB
:103FC000002A40F03A812A6B002A40F0498195F896
:103FD0003830DA070ED50DF113030093CDE90186D1
:103FE0003B4605F1360202211920FFF792FF0446F5
:103FF000002841D195F83C30DB0719D50DF11303AA
:10400000009301963B46424602211A20FFF756FFD5
:10401000044688BB698F002E40F038819DF813005C
:10402000384404F009FC9DF8133002338DF8133046
:104030002A6C002A40F03681AA6C002A40F04581A3
:104040002A6D002A40F05481AA6D002A40F0638155
:10405000B9F1000F40F0728100240DE00DF113035F
:1040600000930B4601210246CDE901860846FFF781
:1040700050FF0446002884D0204607B0BDE8F08FEA
:1040800095F808A0BAF1000F80D0687A01960DF17A
:1040900013034FEA4A0100F00100009342463B46F9
:1040A00001F0FE010230FFF709FF04460028E3D1CA
:1040B0000BEB84002EB1314603F0B2FF58B1044639
:1040C000DAE79DF81310394403F080FF9DF81330B0
:1040D00002338DF8133001345445E9DB56E795F887
:1040E00010B0BBF1000F3FF457AF687C01960DF1A3
:1040F00013034FEA8B0100F00100009342463B4658
:1041000001F0FC010430FFF7D9FE04460028B3D1CA
:104110000AF1040A5AF834105EB10591042205A987
:10412000304604F08DFD0028C9D101345C45F1DB37
:1041300032E79DF81300384404F082FB9DF81330F9
:1041400004338DF81330F0E795F818A0BAF1000F9A
:104150003FF428AF687E01960DF113034FEA0A1170
:1041600000F00100009342463B4601F0F0010630AA
:10417000FFF7A4FE044600287FF47EAF04EB041092
:10418000584446B1314603F04BFF002897D1013423
:104190005445F3DB06E79DF81310394403F016FF8E
:1041A0009DF8133010338DF81330F0E795F8201098
:1041B00000293FF4FBAE95F821000DF1130300F048
:1041C00001000093CDE901863B460830FFF7A1FED0
:1041D000044600283FF4EAAE4EE795F9223013F189
:1041E000800F18D10DF1120000F03BFF04460028AB
:1041F0007FF442AF0DF113030093CDE901863B46F6
:104200000DF1120201210A20FFF783FE0446002867
:104210003FF4D1AE30E78DF81230EBE70DF1130328
:104220000093CDE901863B4604211220FFF771FE81
:10423000044600283FF4C3AE1EE795F82C10002971
:104240003FF4C1AE0DF113030093CDE901863B4667
:104250001620FFF75EFE044600283FF4B4AE0BE7DD
:1042600095F8341000293FF4B2AE0DF1130301EBC1
:1042700041010093CDE901863B4649001720FFF735
:1042800048FE044600283FF4A2AEF5E6ADF814104F
:10429000022205A9304604F0D3FC044600283FF46E
:1042A000C7AEE9E695F8441000293FF4C5AE0DF11C
:1042B00013030093CDE901863B462020FFF729FE3A
:1042C000044600283FF4B8AED6E695F84C10002915
:1042D0003FF4B6AE0DF113030093CDE901863B46E2
:1042E0002120FFF716FE044600283FF4A9AEC3E6DE
:1042F00095F8541000293FF4A7AE0DF11303009375
:10430000CDE901863B462420FFF703FE0446002842
:104310003FF49AAEB0E695F85C1001297FF698AEAE
:104320000DF113030093CDE901863B46FF20FFF713
:10433000F0FD044600283FF48BAE9DE69DF8133057
:1043400089F8003088E613B500240094FFF70BFECF
:1043500002B010BDF8B504460D4616461F46012DA5
:1043600006D92378AB420CD239462046B04708B96B
:104370000020F8BD2078C1430D440130EDB2044463
:10438000EDE70A20F5E7000037B51C460023054697
:10439000019308466B461146064A8DF80050FFF718
:1043A000D9FF10B9019B13B1236003B030BD0520C4
:1043B000FBE700BFAD3E010013B50190FFF7D8FB4E
:1043C000019800F0F9F8044620B100F0E9F8204621
:1043D00000F088F8FFF7CEFB002C0CBF0720002070
:1043E00002B010BD13B50C460190FFF7C1FB019858
:1043F00000F0E2F848B11CB190F828302370002496
:10440000FFF7B8FB204602B010BD0724F8E710B54F
:10441000FFF7AEFB00F000F920B18488FFF7AAFB9C
:10442000204610BD4FF6FF74F8E7000008B5074BB3
:10443000D88840B1064BDB88022B05D9FEF796FFE2
:10444000003818BF012008BD0020FCE78C38002090
:10445000F8820020C06A00B9704703898B4203D0FC
:1044600001D80068F7E70020704770B5C46A0023E0
:10447000224622B116890D89AE420CD004D933B937
:104480000C60C162002070BD13461268F1E71A6823
:104490000A601960F6E70220F5E7036B0A688B42B1
:1044A00004BF00230363C36A8B4210B404D1C26209
:1044B0005DF8044B01F078BA1C461B688B42FBD1B7
:1044C0002260F5E7064B70B51C6805460E4604B938
:1044D00070BD31462046A8470028F9D12468F6E788
:1044E000A838002038B50446D0B14430FBF76CFB47
:1044F000E16A49B904F13C05E06B48B92146094835
:10450000BDE8384004F05CBF2046FFF7C6FFEFE788
:104510004368E36303B92564103804F087FBEBE7D5
:1045200038BD00BF8C38002038B505461B4804F064
:1045300020FF044660B30021642215F08FFC0023A5
:10454000A580E3622846FAF7C5F8014600B3204685
:10455000FFF78BFFE0B9284601F09CFC0146B8B19B
:104560002046FFF782FF98B9284603F099F90146E3
:1045700070B12046FFF779FF50B904F14C00FEF707
:1045800005FF28B9234643F83C0F2364204638BD75
:104590002046FFF7A7FF0024F8E700BF8C38002073
:1045A000044902680B68834201D10A6070471946CA
:1045B0001B68F8E7A8380020044A0346106800B9D1
:1045C000704782889A42FBD00068F8E7A83800203C
:1045D00008B501468088FFF7EFFF024B1A680A60B2
:1045E000196008BDA8380020FFF7E6BF054B02465A
:1045F0001868002300B970479342FCD0006801336B
:10460000F8E700BFA838002008B5FFF7D5FF00384D
:1046100018BF012008BD0000014B1868704700BF9B
:10462000A838002037B5054680790C4600F0E5FE35
:104630000022207001A900F0BBFD30B1274B284AB1
:1046400028484FF4D97111F0DFF9019B26491A6807
:10465000C4F801209B88A4F80530062205F10F005C
:1046600015F0C6FB04F10E0308BB2268C4F80E2047
:10467000A2889A80A2799A712B4653F8072FC4F822
:1046800007209A88A4F80B209A791968627304F1BC
:104690001502C4F8151099889B79A4F81910937124
:1046A000EB79022B0CD0032B15D003B030BD2A467A
:1046B00052F80E1FC4F80E10918899809279DAE7AB
:1046C0000023E37155F8153FC4F81530AB8893808B
:1046D000AB799371E9E70123F3E700BFE9C5020075
:1046E00027D00200C2CF020039D00200F0B5054643
:1046F00089B018B90024204609B0F0BD1A4B1C68D7
:10470000461C002CF6D02A78012A12D1AB7903F08E
:10471000C003402B0DD1637D012B01D02468F0E74D
:104720000622314604F1160015F062FB0028F5D18F
:10473000E1E7E779BA4207D10622314604F10800E1
:1047400015F056FB0028D6D0012FE7D901A9204645
:10475000FFF768FF9DF80B202B789A42DED10622E6
:10476000314603A8E0E700BFA83800202DE9F0415A
:104770001A4F4FF6FF780FF031F80646FFF7F8F9B9
:104780003C686FF0004514B94FF6FF740AE094F8E6
:1047900028309B071CD4236B83B1636B9B1B002BBE
:1047A00009DCA488FFF7E6F9444513D0132120461D
:1047B000FCF740FADFE79D42A8BF1D46314604F1F1
:1047C0004400FAF7B1FC0028EBDD8542A8BF05469E
:1047D0002468D8E72846BDE8F08100BFA83800204B
:1047E00007B5084B00930848084B6422032104F0E6
:1047F0007BFD20B9064B186003B05DF804FB0B206D
:10480000FAE700BF16D002008C3800206037002085
:10481000A8380020704770470020704770477047E5
:104820007047000008B50648002104F0D1F918B11E
:1048300002680432026008BDBDE8084000F079BD9E
:10484000D039002030B129B1034B1880034B002030
:104850001980704703207047B0380020EE82002096
:10486000054A13881844B0F5803F02DB0C20FFF79F
:10487000E3B91080704700BFEE8200202DE9F041BF
:1048800086B00C4606464FF0FF31454801921D4662
:104890009DF83080434F04F075FF2146019A304661
:1048A00000F06EF90446002839D13F484FF400610A
:1048B00004F0D8FF38B1062814BF0B241324204677
:1048C000FFF7BAF92BE01022214602A815F0C6FA2C
:1048D0003A6813780E2B03D00F2B42D01124EEE749
:1048E0005178032928D801D00C24E8E7B2F8033026
:1048F000002BF9D1CDE90244049415B103990029A4
:1049000042D100230493BDF814300395B342EBD198
:10491000002CD4D1029C14B9049B4345CFD13868F4
:1049200018B103F0FDFE00233B601D4804F050FF6A
:10493000204606B0BDE8F0811079D37843EA002321
:10494000ADF81430537943B103F500730439029381
:10495000049121B106320392CFE72346F6E7039193
:10496000CBE75378042BBFD11379517943EA012364
:10497000ADF814309378CDE903441BB103F500730F
:104980000293BAE72346FBE7049B4345C8BFCDF833
:104990001080049A2846C8BF0C2415F037FAB2E7F5
:1049A000F8390020AC380020FC39002038B50378F5
:1049B0000E2B044606D00F2B15D02046FFF714F916
:1049C000002038BDB0F80330B3FA83F35B09002B45
:1049D000F3D1094D28680EF0ACFC80B228B1204616
:1049E00003F09EFEECE78388EEE7044B28461C604C
:1049F00004F072FFE4E700BFFC390020AC3800206F
:104A00002DE9F3470B68009300230B6090F828A072
:104A1000344FDFF8D480DFF8D49005460E46CAF351
:104A2000800A009C002C56D03B880BB934600AE009
:104A3000B8F8001000234A46684603F058FF0446C1
:104A400018B9009B336001241CE000225146A8885D
:104A500000F001FB014601A803F0EEFE218A0DF1F2
:104A6000060003F0E9FE0421204604F06FFA68B95D
:104A7000062495F82830009823F0040385F82830A0
:104A800004F0D4F8204602B0BDE8F087042104F019
:104A90001CFB04460028EBD00368019A1A600DF154
:104AA000060003F0E4FE204600F01CFC2046FFF761
:104AB00027F904460028DCD195F8283043F0040398
:104AC00085F828302B8F01332B873B88013B3B80B7
:104AD0004FF0010AA5E795F8283023F0040385F884
:104AE0002830CFE7EE820020B038002025480100B2
:104AF000C36B0BB9FFF784BF01207047014B1860EF
:104B0000704700BF003A0020014B1870704700BF8B
:104B1000043A0020014B1878704700BF043A002087
:104B200007B50021094804F079FE094804F006FEA3
:104B3000084B01934FF48E730093074A07490848C6
:104B4000012303F0BBFE03B05DF804FBFC39002039
:104B5000F83900203FD00200D0390020DC39002095
:104B6000B438002008B5044804F002FEBDE808404F
:104B7000024804F06DBE00BFF8390020FC39002067
:104B8000F8B5134B1B78012B07460E46154604D08B
:104B9000022B06D0CBB9162018E0FEF7CBFF002879
:104BA000F9D0032003F096FD04460780857025B1F7
:104BB0002A463146033015F029F9204603F022FD3C
:104BC00020B1072801D1142000E01120F8BD00BF5A
:104BD000E48200203AB10878182806D8044B53F82C
:104BE000203013B118470C2070470020704700BFD9
:104BF00080D0020000207047012A08B504D108784F
:104C0000FFF728F8002008BD0C20FCE7032A08B5B0
:104C1000084603D102F0D2FA002008BD0C20FCE7C0
:104C2000042A08B5084603D102F0C0FA002008BDE6
:104C30000C20FCE7062A08B5084603D1FBF728FD3F
:104C4000002008BD0C20FCE770B586B014460E4667
:104C500018220021684615F001F9012C35D9737826
:104C6000B4EB031F31D1002503958DF80150B41C1E
:104C70007378AB4204F1100402DC002006B070BD72
:104C800014F8103C8DF8003014F80F3C8DF8023009
:104C90002346684653F80E2DCDF803209B88ADF8C7
:104CA000073014F8083C8DF810302346013553F8CE
:104CB000072DCDF811209B88ADF8153014F8013C74
:104CC0008DF80930FBF782FBD2E70C20D6E770B5F0
:104CD00086B014460D4618220021684615F0BEF82D
:104CE000012C41D9A21E6C78631E182B05F1020617
:104CF00038D830460021092A36D9037A0A3A9A422E
:104D000032D30131D21AA14203F105031844F2DB78
:104D100052BB04921446CDF81320327A3346511D0B
:104D20000E4419788DF8001059788DF80210194644
:104D30008DF8012051F8020FCDF803008988ADF8F5
:104D4000071003F10901134403915B7A8DF80930D0
:104D50006846FBF73BFB6B780134A342DDDC0020A7
:104D600006B070BD0A20FBE70C20F9E70B2A08B556
:104D7000084603D1FCF7BCF8002008BD0C20FCE776
:104D80000D2A08B5084603D102F01EFA002008BD1E
:104D90000C20FCE70C2A08B5084603D1FBF750FCB1
:104DA000002008BD0C20FCE70A2A08B5084603D1FC
:104DB000FCF700F8002008BD0C20FCE7042A10B521
:104DC0000C4612D1FEF7D4FEB4F80100FFF7F4FB55
:104DD00010B1008FFFF744FDFEF7CCFE2046FBF735
:104DE000AAFFFEF7D7FE002010BD0C20FCE7F8B5A7
:104DF0000C460978012303EB8103934223D100255C
:104E000023789D4203DBFEF7C5FE0020F8BD04EBCE
:104E10008507B7F803608EB1FEF7AAFEB7F8010068
:104E2000FFF7CAFB40B1038F9E4209D90C20FEF761
:104E300003FF3046FFF714FDFEF79CFE0135DFE768
:104E40009B1B0387F5E70C20E0E710B51F2A88B00D
:104E50000C4648D120220021684614F0FFFF6378F9
:104E60008DF80030002B38D1E278A37843EA022392
:104E7000ADF8023023798DF8043063798DF8053070
:104E8000234653F8062FCDF806209B88ADF80A304C
:104E9000234653F80C2FCDF813209B88ADF817301C
:104EA000234653F8122FCDF819209B88627EADF867
:104EB0001D30237E43EA0223ADF80C30E27EA37E50
:104EC00043EA0223ADF80E30627F237F43EA0223D8
:104ED000ADF81030A37F8DF8123000216846FBF743
:104EE000ABFA08B010BD0C20FBE710B5132A88B050
:104EF0000C4637D120220021684614F0AFFF6378BA
:104F00008DF8003043BBE278A37843EA0223ADF882
:104F1000023023798DF8043063798DF8053023460B
:104F200053F8062FCDF806209B88627BADF80A3037
:104F3000237B43EA0223ADF80C30E27BA37B43EAF8
:104F40000223ADF80E30627C237C43EA0223ADF8E5
:104F50001030A37C8DF8123000216846FBF76CFA04
:104F600008B010BD0C20FBE7002070470020704700
:104F700000207047002070470020704700207047D5
:104F80000020704738B50C4A0446007800231146CB
:104F900012F8085B854208D00133062BF7D10825AB
:104FA000204603F0BDFB284638BD4B686278A11C43
:104FB00098470546F4E700BF50D002002DE9F041C4
:104FC00086B003A9064600F08FF8054600283ED1BA
:104FD000304600F087F9BDF80E20338A9A4238D166
:104FE000BDF80C80C8F30B08FEF7C2FD4046FFF782
:104FF000E3FA0746A8B94FF0FF3305930724FEF7FD
:10500000B9FDC4B1012C1ED0059B5A1C05D000224D
:105010009BB21146404601F01AF8304603F006FEF6
:1050200010E005AB0093324604AB03A900F00CFD81
:105030002E460446E3E7386B049B9847396B3846A5
:1050400000F0F8FC2546284606B0BDE8F08104468D
:10505000E3E70A24E1E740EA823242EA013080B223
:1050600070471FB50123002204460093114603AB8D
:1050700042F20700FFF702FC10B99DF80C302370D4
:1050800004B010BDF0B5054685B00C460827002CCD
:1050900002DC002005B0F0BD0022009702AB1146F3
:1050A00042F21800FFF7EAFB0028F3D1082C26464D
:1050B00028BF08262846324602A914F0A7FEA41BE2
:1050C0003544E4E71FB5034600689B88ADF80C3013
:1050D000002302900093062202A942F20500FFF786
:1050E000CDFB05B05DF804FB70B50B460C46042201
:1050F0000021064603F029FE054678B90421304612
:1051000003F049FE204603F0B2FB234623F8020BCE
:10511000184603F0ACFB6080284670BD0C25FBE709
:1051200010B50446FEF724FD044B22681A60A288DD
:105130009A80BDE81040FEF71DBD00BF053A002073
:10514000F8B50446FEF714FD2078677914F0E6FB05
:105150000546607814F0E2FB0544A07814F0DEFB0D
:105160000544E07814F0DAFB0544207914F0D6FB0E
:10517000054407F03F0014F0D1FB07F0C0062844B7
:105180000EB1C02E10D178B12E280DD02046FFF7D9
:1051900099FF054620B9054B22681A60A2889A80BB
:1051A000FEF7E8FC2846F8BD0325F9E70B3A002096
:1051B000F8B50F461446A0B1012815D10D4E7379EC
:1051C00013F0C00F0CBF012500250B490622304605
:1051D00014F00EFE50B107B13E604CB125600020C6
:1051E000F8BD064E0546F0E70320F9E71520F7E77E
:1051F0002046F5E70B3A0020F0820020053A002017
:10520000012807B504D9831E012B08D9032003E028
:1052100000221146FFF7CCFF03B05DF804FB00F05D
:10522000ECF801AA0021FFF7C3FF0028F4D1019890
:10523000002818BF1520EFE730B585B00C46019067
:105240000092FEF795FC009A019803A9FFF7B0FFC2
:10525000054628B924B1039B1A6822609B88A38065
:10526000FEF788FC284605B030BD10B50446FFF7B0
:10527000C7FF30B9023C012C03D8BDE8104000F054
:105280001DB910BDF8B506460F46FEF771FC0D4B73
:105290000D48002E14BF1E46064635782846FFF7F7
:1052A000AFFF044638B1152807D175782846FFF7B7
:1052B000A7FF044608B93D700024FEF75BFC2046BA
:1052C000F8BD00BFE4D00200E6D00200034A00238C
:1052D00013609380024A136093807047053A002060
:1052E0000B3A002037B5054600242B8AA34201DC87
:1052F00003B030BD21460DF107030122284603F01B
:1053000024FD0134F1E77047002110B5044608463A
:1053100003F074FC034630B182681288A24204D2C2
:1053200003F084FC0023184610BD00682044186078
:10533000F9E70520FFF7E8BF0920FFF7E5BF0D20DB
:10534000FFF7E2BF13B501900091FFF7F8FF0446A5
:1053500048B1DDE90032002103F037FE18B12046E4
:1053600003F064FC0024204602B010BD10B50446D2
:105370000068038A8B4208DB89B203F0A6FE00288E
:10538000206014BF0020062010BD0A20FCE708B5ED
:1053900091F83930DB0706D5084601F1290210F8EB
:1053A000011B00F0C7F8002008BD73B51646019137
:1053B0001D46FFF701F9044660B10199FFF74AF86D
:1053C000011E0CBF0720002006B1346005B1296022
:1053D00002B070BD01460720F6E737B515461C46FA
:1053E00001AA6B46FFF7E1FF28B90DB1019B2B60C5
:1053F0000CB1009B236003B030BD00F0FD00431EE4
:10540000584258417047FFF7F8BF00000249002298
:10541000022002F065BC00BF8F5301000023C0E9E9
:105420000030C0E90312836018467047704738B5F2
:1054300005460DF043FB2C681CB163682B6003B973
:105440006D600DF043FB04B1103C204638BDF8B54B
:105450005379072B06460C46154613D90DF02EFB43
:10546000002773686F6105F1100214351A607560CA
:105470000DF02CFB44B1204606F1080104F090F831
:105480003846F8BD0220FCE72046FAE71FB50B6856
:10549000CDF8093001288B88ADF80D3088BF00F0B9
:1054A000010000238DF808000093072202A942F2B0
:1054B0002800FFF7E3F905B05DF804FB1FB50A4CBF
:1054C00023787BB94FF49672ADF80C20009302223A
:1054D00003A942F22E00FFF7D1F908B90123237086
:1054E00004B010BD0020FBE7213A0020014B03600F
:1054F00000207047113A00201FB50378012B16D801
:105500008DF8083050F8013FCDF809308388ADF8A8
:105510000D30082200238DF80F1000930DEB0201CF
:1055200042F24E00FFF7AAF905B05DF804FB122025
:10553000FAE7000070B50E468EB005461446FBF73C
:10554000F9FF012E39D82B68CDF81130AB88ADF8B2
:1055500015301B4B8DF810600DF1270203F110017F
:1055600053F8040B42F8040B8B42F9D122460DF19B
:10557000170304F1100152F8040B43F8040B8A429C
:10558000F9D100230093272204A942F22700FFF754
:1055900075F9044660B92B68CDF809300121AB8854
:1055A0008DF8086002A8ADF80D30FFF7A5FF04469E
:1055B000FBF7CCFF20460EB070BD1224F8E700BF09
:1055C000113A002030B589B0002854D0034604AC0D
:1055D00000F1100518685968224603C20833AB422F
:1055E0001446F7D110222A480DEB020114F000FCFA
:1055F000044600283CD0264A04AC08AD234603CB21
:10560000AB42106051601C4602F10802F6D1002343
:105610000093012202A942F22D008DF80830FFF715
:105620002DF9044620BB009003460246014642F293
:105630002900FFF723F90446D0B901220090034660
:1056400002A942F22D008DF80820FFF717F9044651
:1056500070B9102201460290ADF80C000DEB02006B
:1056600014F0FCFB214604AA02A8FFF763FF0446DE
:10567000204609B030BD074B04AC03F11005186893
:105680005968224603C20833AB421446F7D1A9E752
:10569000113A0020E8D0020070B586B000230093D4
:1056A0001A46194640F60340FFF7E8F8044600287A
:1056B00040F08380082602460146009604AB41F282
:1056C0000100FFF7DBF80446002876D19DF81000B2
:1056D000FFF71AFAFFF71EFA48A3D3E90023009454
:1056E000CDE902230546234632460DEB060140F67E
:1056F0000140FFF7C3F8044600285ED1062D4CD8C0
:10570000FFF708FA06285BD81F220023CDE90423FF
:1057100000230093082204A942F20100FFF7AEF82B
:105720000446002849D1032300930246014604ABF6
:1057300042F20200FFF7A2F8044600283DD1BDF86E
:1057400010209DF81210002A45D089B21046FFF7AC
:1057500079F8044688BB082300930246014604AB4F
:1057600042F20300FFF78AF8044630BB0498FFF7C3
:10577000C5F9062300932246214604AB41F20900F5
:10578000FFF77CF80446C0B904A8FFF7C9FC20461F
:10579000FFF718FFFFF740F80FE04FF40002002377
:1057A000CDE9042300900346324604A940F6634045
:1057B000FFF764F804460028A2D0204606B070BD6A
:1057C000072803D0082803D00B4A9EE73F229CE716
:1057D00040F27F6299E707230093114604AB41F240
:1057E0000500FFF74BF804460028E6D1BDF810206D
:1057F000BDF81310AAE700BF7FFE0F0090800002E3
:105800000080002008B51321FBF7F6F918B9034A08
:10581000137801331370002008BD00BF223A002026
:1058200010B50C4804F018F9FEF7A2F90A48FBF786
:10583000E9FE0A4A002314681360094A1370FEF750
:1058400099F904B910BDD4E9003100209847A46843
:10585000F7E700BF343A0020243A0020303A002015
:10586000EA820020FFF7DCBF08B50378012B01D0E6
:10587000062B07D1044A1378013BDBB213700BB936
:10588000FFF7CEFF002008BD223A002070B5154674
:1058900004460E46FEF76CF9264A1378012B30D0E9
:1058A000022B05D0002B38D1FEF764F9022432E038
:1058B000012313702CB1204BC4E900651A68A26063
:1058C0001C60FEF78DF9FEF755F9FBF733FEFBF789
:1058D0003DFE1A491A480022FBF77EFE0446D0B965
:1058E000FEF746F917482146FEF7ECFDFEF742F9B0
:1058F000154B1B78D3B14FF40061144804F058F8ED
:1059000009E084B10C4B1A68A260C4E900651C6010
:10591000FEF730F90024204670BD0D4B0D4A0E48AD
:10592000D62110F071F8FEF725F9F4E7FFF778FFBC
:10593000F1E700BFEA820020303A002069580100F8
:10594000243A002005580100223A0020343A002071
:1059500036CA02004DD10200F9D0020010B503F0A2
:1059600061F8BDE810400146024A0348002303F0F5
:10597000EFBF00BF65580100343A0020014804F031
:1059800001B800BF343A002038B50546054803F099
:10599000F0FC044620B11C22002114F05FFAA5801F
:1059A000204638BDF882002010B50C4641B1086988
:1059B00003F03CF921460348BDE8104003F000BD68
:1059C00010BD00BFF8820020807B00F0010070470E
:1059D00038B513461446042203F0B7F9054658B902
:1059E000204602F044FF234623F8020B184602F03B
:1059F0003EFF6080284638BD0425FBE737B50446E6
:105A00000D4601A8114602F017FF29460DF10600C8
:105A100002F012FF0421204603F0B6FB10B1036828
:105A2000019A1A6003B030BD08B1808870474FF604
:105A3000FF70704738B50C4600250563086903F010
:105A4000F5F82561A58238BD2DE9F743DDF82890EA
:105A500098464FF0FF33C9F800300B88C3F3013389
:105A6000012B0746164649D0022B2CD101AA002152
:105A70003046FFF7ADFF054600283BD104213046F4
:105A800003F089F9BDF806103846FEF7E3FC04463A
:105A900048B9BDF806304FF6FF72934201D0C9F8FD
:105AA0000030052526E003691BB101463846FFF7A3
:105AB000C1FF2389BDF80450042B06D12046F8F716
:105AC000D6FD854203D90A2514E06089F9E7BDF8BF
:105AD00004303C63A3822069B8B926612369A08A97
:105AE0001D8A2D1A002D1BDD21463846FFF7A2FF27
:105AF0000A250026304603F099F815E0046B002CC7
:105B0000E1D02369002BE6D1DDE7314603F06BFBE2
:105B10000028E3D10B4B0C4A0C48FC210FF074FF1A
:105B200006D1A369C8F80030284603B0BDE8F08369
:105B30000DF054FE00F5EA4030307863FEF750F87F
:105B40000125D6E7F1AD0200C5D102005FD1020008
:105B500013B5C988019204461046128AFFF74EFF1A
:105B6000019090B101A92046FEF7C2FF58B101286B
:105B700009D1019A216C0023536102F11000143203
:105B800008602264184602B010BD0620FBE7000042
:105B900007B50A4B00930A480A4B1C22092103F05F
:105BA000A3FB38B900F0E2F928B903B05DF804EBC3
:105BB00001F05CBE0B2003B05DF804FBB1D1020024
:105BC000F8820020483A002008207047C36813B1CB
:105BD00002690089184770472DE9F04116460746CB
:105BE0008846FDF7C5FF114B1A68002514465CB1C5
:105BF0002189B94210D1A17A41450DD14EB975B96B
:105C000012681A6002B95B60FDF7B4FF2046BDE878
:105C1000F081E17AB142F2D025462468E7E72A68AC
:105C200012682A60002AEFD15D60EDE7783B002022
:105C3000014610B1014803F0C3BB70475C3B002034
:105C400008B54A780121FFF7C7FF08B1FFF7F0FF59
:105C5000002008BD70B516464A780021FFF7BCFF4A
:105C60000546B8B102213046FFF780FB044678B9FB
:105C700033681B681B885BB1012B14BF0A211021FC
:105C80002846FFF7A3FF2846FFF7D2FF204670BD46
:105C90002146F5E70446F9E7F0B5868885B000F1BE
:105CA000100705460069FFF71DFB04213846FFF782
:105CB0005DFB044628BB2B6903AAD988186800F04D
:105CC00086F92869042103F066F82B691A8ABDF861
:105CD0000E309A421AD19DF80C301A2B14D80C4A67
:105CE00052F8233083B13A4603A930469847044618
:105CF00038B100239DF80D1000931A46304600F08D
:105D00008CF9204605B0F0BD1024F2E70A24F8E72C
:105D1000F4D10200F0B5054687B00F4610460821C1
:105D20001646FFF723FB044600283ED10DF107017C
:105D30002846FEF757FB0446002836D19DF8073069
:105D4000DB0737D533681B6859781A7842EA012295
:105D5000ADF80C20D9789A7842EA0122ADF80E20ED
:105D600059791A7942EA0122ADF810209A79DB7943
:105D7000059042EA032303A92846ADF81230FAF74A
:105D800072FCA8B903A92846FBF72CF9061E18BF18
:105D90000126797802AB0222132000F01FF920B10E
:105DA00006800299284600F0F9F8204607B0F0BDB9
:105DB0000126EEE71024F8E72DE9F043074685B009
:105DC0000E4691469846FDF7D3FE02AB03AA052185
:105DD0003846FFF702FB054630B1FDF7CBFE002445
:105DE0002046FFF725FF46E0039B93F8285005F077
:105DF0000105FDF7BFFE002D41D1234803F0B9FA9C
:105E0000044600283DD01422294614F027F81F49E3
:105E1000A5720B782781013313F0FF0308BF01231C
:105E20000B700978E172C4E9039801AB08221220D3
:105E300000F0D4F828B33388038073884380B38894
:105E40008380F388C3800199384600F0A7F805469F
:105E50000028C5D10DF0C2FC00F5F0406060FDF7F0
:105E6000BFFEFDF785FE0A4B1A68226002B95C602E
:105E70001C60FDF77FFE284605B0BDE8F0830325D2
:105E8000ADE70625ACE700BF5C3B0020443B0020AB
:105E9000783B002008B5FFF777FD30B10523C380BC
:105EA00003F5C8038360014B836108BD995C010061
:105EB000F8B50A4F0E463D463C6804B9F8BDA37AD2
:105EC0001BB931462046FFF781FE2B681B682B600B
:105ED00003B96D602046FFF7ABFEEDE7783B00208D
:105EE0002DE9F3410DF07AFC002480460094CDF8B2
:105EF00004D0FDF73DFE1C4BD3E9005022466F460F
:105F00006FF000461C4694464DB902B15860FDF74B
:105F100031FE009CDCB9304602B0BDE8F081D5E925
:105F200000E1A1EB080100290DDC1968096819607E
:105F30000029C5F800C008BF01223D6008BF204607
:105F40002F467546E0E78E42A8BF0E46F9E7A37AD2
:105F50001BB90D212046FFF739FE23680093204628
:105F6000FFF766FED5E700BF783B002007B5074B7B
:105F700007480022C3E90023064B00931422064B76
:105F8000012103F0B1F903B05DF804FB783B002078
:105F90005C3B0020D9D10200483B002030B585B0E1
:105FA0000D460190FDF7E4FD019802AB03AA05211F
:105FB000FFF713FA044628B9DDE902102A46FFF775
:105FC000C7FD0446FDF7D6FD204605B030BD037879
:105FD0001370437853704388538070472DE9F04124
:105FE0001D4680460F461646FFF7A6F90446286070
:105FF00040B1311D89B203F042F8044628B928683F
:1060000002F014FE2046BDE8F0812B681C6884F87D
:106010000080677066800434F4E7F7B5089F164681
:10602000BA1C04461D4692B201AB0120FFF7D6FF11
:1060300058B1294620F8026B3A4613F0E7FE019961
:106040002046FFF7ABFF03B0F0BD0620FBE71FB50E
:10605000ADF80C300423ADF80E200093022203AB00
:10606000FFF7DBFF05B05DF804FB0000034B1A6887
:10607000026002B958601860704700BF9C3C002065
:1060800040F207431360072313717047034B5B7A99
:1060900003F01C00C3F34003184370475C01002069
:1060A000037ADB0601D401F031BC0820704737B514
:1060B000054601AA0C460B20012101F0FFFB024618
:1060C00018B90623236003B030BDFFF7DFFF10705F
:1060D0000199688901F00BFC0028F4D02060F2E7F8
:1060E0002DE9F041069C1D4680460E4617460021CC
:1060F0005022204613F0B2FE98E803002B78A180CE
:1061000003F00303090C032B2060A1712BD16B7CDE
:10611000E3716B882381D5E9022304F1180CC4E9EB
:10612000042305F1220E05F112031868596862462E
:1061300003C2083373459446F7D194F82830003FE2
:1061400043F0010318BF0127003E84F8283018BF30
:10615000012694F84A30760046EA870623F00603C3
:106160001E4384F84A602B785A0711D505F12203A3
:1061700004F1290205F1320153F8040B42F8040B33
:106180008B42F9D194F8393043F0010384F8393067
:106190002B781B0710D505F1320304F13A02423582
:1061A00053F8041B42F8041BAB42F9D194F84A306F
:1061B00043F0010384F84A30BDE8F08130B58BB07C
:1061C0000388ADF80C304388ADF816308368CDF8FD
:1061D0000E30C368CDF8123000F1100206AD00F1A8
:1061E0002003106851682C4603C408329A422546A1
:1061F000F7D1002300931C2203A942F21900FEF7F5
:106200003DFB0BB030BD10B510460C46FFF7D6FF76
:10621000206010BD70B588B04389ADF80030002310
:106220000022ADF802300023CDE902230C4600F134
:106230005E0204AE00F16E0310685168354603C576
:1062400008329A422E46F7D16846FFF7B7FF30B1C1
:1062500008232371237D206043F00203237508B0D7
:1062600070BD10B588B00446ADF80C000DF10E03FA
:1062700001F1100251F8040B43F8040B9142F9D1DB
:1062800002230093122202AB03A942F21A00FEF786
:10629000F5FA20B9BDF80830A34218BF0C2008B0A9
:1062A00010BD38B50C46054600F15E014089FFF788
:1062B000D8FF206010B905236B7338BD237D43F0F0
:1062C00002032375F9E71FB502220446ADF8080062
:1062D000009203AB02A942F21B00FEF7CFFA20B9ED
:1062E000BDF80C30A34218BF0C2004B010BD70B52F
:1062F00004460D4640891646BAB102F11801FFF76F
:10630000B0FF286060B9F379E37396F84A309B07D1
:1063100003D5237A43F0080323720623637303E053
:106320002B7D43F002032B7570BDFFF7CCFF0523D7
:106330002B60F9E7037ADB0601D401F070BB7047EC
:10634000037ADB0601D401F01FBB7047014610B190
:10635000014803F035B87047803C002010B506486E
:1063600003F007F8044620B14FF48072002113F0C7
:1063700075FD204610BD00BF803C0020034B1A680D
:1063800012681A6002B95B60704700BF9C3C002035
:1063900038B5137D0D4643F00203137501212846DD
:1063A0001446FEF7E3FF206030B92B681B681B78AA
:1063B0000BB103F5A060206038BDF8B50446077A3C
:1063C000C67B40890D46FEF7F7F8D8B190F85830F3
:1063D0003A0743F0010380F8583042BFDBB243F084
:1063E000020380F85830BB0642BF90F8583043F0A3
:1063F000040380F858302EB190F8583066F3C70384
:1064000080F85830FF23637300232B602B7D43F00B
:1064100002032B75F8BD2DE9F041027A077F437F17
:10642000D40644BF07F0FE0703F0FE0312F0010F8D
:1064300008BF1F460646F8078AB00D4600F1978050
:10644000B90763D501AA1021082001F037FA804668
:10645000002800F0FD8002A8FFF748F80446002855
:1064600040F0C080029B03F1100253F8041B48F86F
:10647000041B9342F9D196F870300199708943F06A
:10648000040386F8703001F032FA0446002840F028
:10649000D18001AA0721092001F010FA0446002842
:1064A00000F0D6807089FEF79FF803A9FEF7BAF8CE
:1064B00023469DF80C2003F8012BDDF80D20C4F8CD
:1064C0000120BDF811209A8096F8702042F0100249
:1064D00086F87020029A06F1920102F1100052F83B
:1064E00004CB41F804CB8242F9D1227886F880208F
:1064F0001A68C6F8B2209B8801997089A6F8B63050
:1065000001F0F5F90446002840F094807A0726D57A
:1065100001AA10210A2001F0D1F90746002800F055
:1065200097801021FEF7AEFD044600285AD196F858
:10653000703043F0080386F87030384606F1A20345
:1065400007F1100250F8041B43F8041B9042F9D1E4
:106550000199708901F0CBF9044600286AD1337A99
:10656000DB076FD529463046FFF727FF6DE001AA0C
:106570001021062001F0A2F98046002868D0F17BA6
:10658000FEF780FD044668BBF07B2146C0F1100297
:10659000404413F063FC404606F1820308F1100208
:1065A00050F8041B43F8041B9042F9D1F37B86F8A2
:1065B000813096F870300199708943F0010386F8B4
:1065C000703001F094F90446A0BB01AA0A2107200B
:1065D00001F074F9804600283AD00221FEF752FDFE
:1065E000044618B1019802F021FB23E0082108F1CC
:1065F0000200FEF747FD04460028F3D196F87030FC
:10660000D8F802200199708943F0020386F87030AF
:10661000D8F80630C6E91E2398F8003098F8012013
:1066200043EA0223A6F8723001F061F9044600281B
:106630003FF406AF08232B712B7D2C6043F002033F
:106640002B7502E0B37B002B8CD00AB0BDE8F08143
:106650000624EFE710B4847B34B9027AD20706D55A
:106660000A7D42F001020A755DF8044B70475DF83F
:10667000044BFFF7A2BE73B5C57C2B0706D5837EFE
:106680001E0742BF037A43F010030372027A037FAE
:10669000447F12F010061CBF04F0FE0403F0FE035A
:1066A00012F0010F14BF21461946ED0705D5857E6E
:1066B000ED0744BF42F0200202722343334302BF7E
:1066C000037A23F02003037211F0010318BF0323A0
:1066D00083738A0748BF837B027D44BF43F00C036A
:1066E00083734B0742BF837B43F010038373C37EE6
:1066F000934228BF1346C3730DF10701FFF7D0FC87
:1067000002B070BD034B1B68002003B970471B68C3
:106710000130FAE79C3C002073B50E4601A90546FE
:1067200001F0C2FB044680B9FDF722FAFFF7EAFF49
:10673000019B18440190FDF71DFA019B022B04DD1B
:106740003146284601F060FA0446204602B070BD8A
:1067500007B5014601900220FFF7DEFF30B901992D
:10676000012003B05DF804EBFFF7D6BF03B05DF87E
:1067700004FB1021FEF786BC2DE9F04188B080466D
:1067800040890E9D14461E460F46FDF72DFF01A9B8
:10679000FDF748FF98F808309DF8192013F0010F15
:1067A0009DF8123010D03B70DDF813302360BDF837
:1067B0001730A380DDF81A3032702B60BDF81E3020
:1067C000AB8008B0BDE8F0813A70DDF81A20226095
:1067D000BDF81E20A2803370DDF813302B60BDF8A9
:1067E0001730EDE770B504460D480068002660B12B
:1067F0004589A5420ED1FF2902D0457B8D4209D1A2
:10680000B2F1FF3F057A01D13BB970BD05F001053A
:10681000AA42F9D006460068E9E71E60F5E700BF26
:106820009C3C0020F8B50D4607461021284614462A
:10683000FEF79CFD0646206030B108232371237DBE
:1068400043F002032375F8BD2B681D68FDF790F92E
:1068500033464FF0FF3207213846FFF7C3FF38B900
:106860000523236008232371BDE8F840FDF782B9B2
:10687000837B23F01003837300F1EA022B4605F1BA
:10688000100153F8045B42F8045B8B42F9D190F895
:10689000B83043F0080380F8B8302146FFF7DAFE3D
:1068A000E2E7F8B50D460746072128461446FEF7ED
:1068B0005DFD0646206030B108232371237D43F03F
:1068C00002032375F8BD2B681D68FDF751F93346A7
:1068D0004FF0FF3207213846FFF784FF38B9052310
:1068E000236008232371BDE8F840FDF743B9827B9C
:1068F00022F00802827390F8B82042F0100280F86B
:10690000B8202A7880F8C8202A4652F8011FC0F81B
:10691000FA109288A0F8FE202146FFF79BFEE2E7DE
:10692000F8B50D460746102128461446FEF71EFD11
:106930000646206030B108232371237D43F0020313
:106940002375F8BD2B681D68FDF712F933464FF02B
:10695000FF3207213846FFF745FF38B9052323608A
:1069600008232371BDE8F840FDF704B9837B23F0C9
:106970000403837300F1DA022B4605F1100153F88A
:10698000045B42F8045B8B42F9D190F8B83043F0D5
:10699000040380F8B8302146FFF75CFEE2E7F8B563
:1069A0000E4607460A2130461446FEF7DFFC054630
:1069B000206030B108232371237D43F00203237547
:1069C000F8BD33681E68FDF7D3F82B464FF0FF3251
:1069D00007213846FFF706FF38B90523236008234F
:1069E0002371BDE8F840FDF7C5B8827B22F00202B2
:1069F000827390F8B820717842F0020280F8B820D3
:106A0000327842EA0122A0F8BA20D6F80210D6F86D
:106A10000620C0E930122146FFF71CFEE1E7F8B579
:106A20000D460746102128461446FEF79FFC0646F1
:106A3000206030B108232371237D43F002032375C6
:106A4000F8BD2B681D68FDF793F833464FF0FF3211
:106A500007213846FFF7C6FE38B90523236008230F
:106A60002371BDE8F840FDF785B8837B23F001036F
:106A7000837390F8B83043F0010380F8B83000F128
:106A8000CA022B4605F1100153F8045B42F8045B7F
:106A90008B42F9D1C37B80F8C9302146FFF7DAFD7C
:106AA000DFE700002DE9F0430C46ADB007460621B4
:106AB00020461546FEF75AFC2860B0B92368D3F883
:106AC0000090FDF755F801AB4FF0FF32FF2138463B
:106AD000FFF788FE90B1437B082B09D008232B7168
:106AE0004FF481632B60FDF745F82DB0BDE8F083CE
:106AF000019B73B9FFF742FCFFF728FCFDF73AF85A
:106B00003846FFF725FE804658B108232B712860D0
:106B1000EBE71A6812681A60002AEDD1584A5360F0
:106B2000EAE7FDF725F8FFF719FC0446E0B14781D5
:106B300080F80D80FFF79AFA01230374D9F800302A
:106B4000C0F81130B9F80430A0F815304089FDF7CD
:106B50004BFD90F8286016F0010607D007232B7133
:106B600040F207432B604446264609E099F803307B
:106B7000062B30D806232B7140F206432B60344697
:106B8000FCF7F8FF2B68002BAFD1C6F300184FEAD3
:106B900048080DA93846F9F703FCA0B901461C22A4
:106BA00005A813F05BF9DDF83F00BDF843209DF820
:106BB0004530049018A904A8ADF814208DF81630BB
:106BC00001F037F870B305288FD02B7D28606FF364
:106BD00000032B7589E7102B04D90A232B7140F28F
:106BE0000A43CBE7274A0223E375137A2376537AC5
:106BF000C3F300036376FFF749FA1023D17AE376F3
:106C0000637D927AA0760B402377A37D1340637750
:106C10002046FFF730FD2B7D267AE47B43F001030D
:106C20002B75ADE79DF867308DF80A309DF8AA30D6
:106C3000ADF80870C3F38002C3F3400343EA420394
:106C40009DF80B208DF80C4022F0030213438DF8C1
:106C50000B30C6F3C003C6F3401248EA030343EA0D
:106C600082039DF80D2022F00702134302A88DF83D
:106C70000D30FAF785FB01288BD00220A5E700BF75
:106C80009C3C00205C0100200138C0B204289ABF5F
:106C9000014B1856FF20704771D2020013B50DF159
:106CA00007010446FFF7FCF99DF80700FFF7ECFF2A
:106CB000637B984207D1207A00F00600831F584278
:106CC000584102B010BD0120FBE7F7B50E4607465C
:106CD000102130461446FEF749FB0546206038B1C6
:106CE00008232371237D43F00203237503B0F0BD15
:106CF00033681E68FCF73CFF2B464FF0FF32012142
:106D00003846FFF76FFD054620B905232360FCF7E1
:106D100031FFEBE7334600F12E0206F1100153F884
:106D2000040B42F8040B8B42F9D12B7ADB0706D512
:106D300002236B73237D43F001032375E7E70DF115
:106D400007012846FFF7ACF99DF80700FFF79CFF05
:106D50006B7B984202BF2B7A43F004032B722846C8
:106D6000FFF79CFF0028D2D0E4E7F7B50E460746B0
:106D7000062130461446FEF7F9FA0546206028B190
:106D8000237D43F00203237503B0F0BD33681E6812
:106D9000FCF7EEFE2B46294601223846FFF722FD7E
:106DA000054668B10223C37533688361B388838362
:106DB000F378062B07D80623237140F2064323609D
:106DC000FCF7D8FEE0E7102B04D90A23237140F228
:106DD0000A43F4E7FFF74FFC0DF107012846FFF7E0
:106DE0005FF948B10323237140F203432360237DFD
:106DF00043F002032375E3E72B7A9DF8072013F095
:106E0000100F14BF0921012169731046FFF73CFFE1
:106E1000884208BF22722846FFF740FF0028CFD0E3
:106E2000237D43F00103E5E72DE9F047DFF8E88132
:106E3000DFF8E8919CB007460D46FCF799FE05ABDC
:106E40004FF0FF32FF213846FFF7CCFC0446002804
:106E500061D02B7DD8070BD51822002128462E693A
:106E600012F0FCFF6089FDF7CFFB60B907232B60B0
:106E7000637BFF2B01D02E68AEB1059B5BB9FFF79A
:106E80007DFA012616E0637B324659F82330294605
:106E900020469847ECE71A6812681A60002AF0D179
:106EA000C8F80430EDE70CF099FC00F5F0406060A4
:106EB000FCF796FE95F804A0BAF1000F0BD008AAD3
:106EC0000121052000F0FAFC28B180F800A0089903
:106ED000384600F00CFDFCF74DFE002C00F08980D8
:106EE0002A7D910707D5C2F380032968C2F3C00247
:106EF0003846FAF70DFA2B68BBB92B7A6BB9BEB9D5
:106F00002B7DDB0775D518220021284612F0A6FF3D
:106F100001232B7591E70646CCE705F108013846B9
:106F2000FAF7DDF92B68002BE9D0002EE8D05DE000
:106F3000237A9A065AD5FCF71BFE6089FDF73CFBC5
:106F400094F8B83013F0100F054600F1070355D040
:106F5000224694F8C86052F8FA1FCDF819109288AA
:106F6000ADF81D208DF818609DF81E200698BDF81C
:106F70001C10C5F8070099809A7105F116010023CD
:106F800006220DF121000893CDF8233012F030FFD6
:106F900010B9FCF7EFFD0CE0032E05D8DFE806F092
:106FA000022C022C0223EB71FCF7E4FD6089FAF756
:106FB000D4F9227A08AB02F00801009302F0100223
:106FC00004F1700306A8CDE90212FFF789F808A8BA
:106FD00000F02BFE08AB009306A8DDE9021204F1D5
:106FE000B803FFF77DF808A800F028FE2046FFF759
:106FF000ADF91CB0BDE8F0870323D4E718689A8880
:107000009B79ADF81C208DF81E300690E879FEF7CC
:10701000FAF98DF81800BCE79C3C0020B4D20200BD
:107020002DE9F04786B080460D4691460021182292
:10703000684612F013FFFCF79BFD00234FF0FF3270
:10704000FF214046FFF7CEFB0446002872D0437B69
:10705000052B0BD0062B4FF0FF035DD000274373A9
:1070600008238DF80430BA463E4613E0067A002D18
:107070004ED107234373F30701D5837B2BB99DF8CA
:10708000143043F001038DF81430E77BC6F3C006DB
:107090004FF0000AFDB94046FDF78EFAD8B190F8DE
:1070A000583069F3000380F8583026B1DBB243F062
:1070B000020380F85830BAF1000F05D090F858302C
:1070C00043F0040380F858302FB190F8583067F33C
:1070D000C70380F8583014B1637BFF2B09D19DF8AA
:1070E000143043F002038DF814300DB105F500752E
:1070F0000095FCF73FFD9DF8143069466AF3820362
:1071000040468DF81430FFF78FFE06B0BDE8F087DB
:10711000FF2343730027B9E743739DF81430067AC1
:1071200043F008038DF81430C77BC6F3C0064FF058
:10713000010AAFE7074682460646ABE7F0B589B0DD
:107140000546FEF771FC4FF6FF739842044625D0C2
:1071500028690DF107030122002101F0F6FD064622
:10716000F0B92869012101F016FE9DF807300E2BB9
:1071700018D80D4A52F82370A7B11822314602A838
:1071800012F06CFE02AA05F110012046B847204615
:1071900002A9FFF749FE029809B0F0BD0720FBE7FE
:1071A0000A20F9E70820F7E778D20200C2780178D0
:1071B000B0F8010002F00102FFF732BF0178B0F829
:1071C00001000122FFF72CBF2DE9F043B0F8015078
:1071D000ADB018220021064603A812F03FFEAFB260
:1071E000FCF7C6FC00231A46FF213846FFF7FAFADF
:1071F0000446F8B9FFF7B2F8044678B906230393BA
:107200003846FDF7F1F909A9FDF70CFADDE90B01A4
:107210004FF001080190ADF808101BE004234581F0
:107220004373FEF723FF9DF8203043F001038DF8F0
:107230002030E5E7437B082B02D104234373F2E7B8
:10724000032B0FD19DF8203043F001038DF820303F
:107250004FF00008FCF78EFC039D54B928462DB072
:10726000BDE8F08338464FF00008FFF72CF844469D
:10727000F0E765BBB8F1000F29D01C22294611A800
:10728000D6F80740B6F80B90D6F803809DF82B602F
:1072900012F0E4FDBDF80830ADF845309DF85830E7
:1072A0000198CDF84100CDE9148418AC43F00103F6
:1072B000214610A88DF84060ADF848908DF8583000
:1072C00000F0AEFC00280CBF204628460790384648
:1072D00003A9FFF7A9FD0020C1E7037ADB074CBF34
:1072E0003E304E307047000073B5067A06F0010656
:1072F0000446C6F1020001AA0D46C0B2062100F004
:10730000DDFA0246002848D05EB3274901232374E2
:107310000B7A63744B7AC3F30003A374FEF7B6FED3
:10732000102323758B7A6375CB7AA3752346E0749B
:1073300053F8111F11609B8893800199608900F0B8
:10734000D6FA58BB2046FFF7C8FFFFF712FA2860AD
:1073500028B108232B712B7D43F002032B7502B05B
:1073600070BD234653F8181F01609B888380237AE1
:1073700013F0100F14BF0923012363730DF10301F0
:107380002046FEF78DFE9DF803201046FFF77CFC9B
:10739000637B984208BF2A72CFE706202860002E40
:1073A000DDD108232B71DAE75C010020037ADB07CB
:1073B0004CBF4E303E307047F8B50D4607461021A1
:1073C00028461446FDF7D2FF0646206030B1082358
:1073D0002371237D43F002032375F8BD2B681D68DC
:1073E000FCF7C6FB4FF0FF32334602213846FFF769
:1073F000F9F9024628B905232360BDE8F840FCF7F7
:10740000B9BBFFF7D3FF2B4605F1100153F8045B1E
:1074100040F8045B8B42F9D1137ADB06EDD42146A8
:10742000104600F028FBE8E72DE9F74F0CF0D6F9FD
:10743000002580460095CDF804D0FCF799FB29493A
:10744000D1E900462B462246AE46AA4628466FF0B2
:1074500000478B469AB9BAF1000F00D00090BEF1F8
:10746000000F01D0CBF800400BB1CBF80460FCF763
:1074700081FB009C4CBB384603B0BDE8F08FD2E9DD
:107480000091A1EB080CBCF1000F1ADC55B924687F
:107490009CB14FF0010E10604FF0010A10461546E6
:1074A0004A46D7E72968D1F800C0C5F800C0BCF14A
:1074B000000F04BF2E460123EDE70123094E9E462F
:1074C000E9E76745A8BF6746E9E7002360891A46F0
:1074D0000D21F9F71DFF236800932046FEF736FFC4
:1074E000C7E700BF9C3C002070B586B01822002181
:1074F0000646684612F0B2FCFCF73AFB00234FF058
:10750000FF32FF213046FFF76DF90446FCF732FBEE
:1075100034BB3046FFF71CF9054630B9FEF71EFFB5
:10752000044628B906230093009D284606B070BD86
:10753000037A468143F0010303724573FCF718FB9D
:107540002046FEF793FDFCF715FB9DF814306946C5
:1075500043F0010330468DF81430FFF765FCE3E794
:107560000225E2E730B587B01822002105466846BB
:1075700012F074FCFCF7FCFA00234FF0FF32FF21FD
:107580002846FFF72FF930B102230093FCF7F2FAF7
:10759000009807B030BDFEF7E1FE044650B906235F
:1075A0000093FCF7E7FA002CF2D069462846FFF773
:1075B0003BFCEDE7082343734581FEF757FD9DF83B
:1075C000143043F001038DF81430EAE72DE9F0415F
:1075D0008EB00646884614460021182268461F468B
:1075E000169D12F03BFCFCF7C3FA00234FF0FF326C
:1075F000FF213046FFF7F6F858B102230093FCF75D
:10760000B9FA30466946FFF70FFC00980EB0BDE8A6
:10761000F081FEF7A3FE06230028EFD0027A468110
:1076200080F80F8043730DBB42F001020272FEF737
:107630001DFDDDE91423CDE908232246ADF81860CD
:10764000ADF81A700AAC02F11005106851682346B3
:1076500003C30832AA421C46F7D19DF8143043F008
:1076600001038DF8143006AB0493C8E742F0090219
:10767000DCE7F0B50F46A9B00546012138461446AF
:10768000FDF774FE06462060002852D13B681F6853
:10769000FCF76EFA2846FCF7A7FF90F82830DB07C6
:1076A00016D440F20743236007232371FCF762FAE4
:1076B0002368002B3DD13B78D9071DD514A90CA810
:1076C00000F0B7FA2060D0B12846FFF70DFF2FE099
:1076D00005A9FCF7A7FF1C2231460DA812F0BEFB3E
:1076E000DDF81B00BDF81F209DF821300C90ADF88F
:1076F00034208DF83630D9E705232360E4E73B7862
:1077000013F0040F9DF89A3003D09A0701D4102388
:10771000F3E7C3F340030293DDE918239DF8571004
:10772000CDE900232846BDF858301AAAFFF74EFFCE
:10773000206029B0F0BD0000F0B589B018220646DF
:107740000D4602A8002112F089FBFCF711FA002374
:107750004FF0FF32FF213046FFF744F8044620B9CE
:10776000FCF708FA052009B0F0BD037A9B0763D443
:107770000DF10701FEF794FC2A7818B99DF807303F
:107780009A420AD11046FFF77FFA637B984204D1F0
:10779000032A06D8012A2ED80FD0FCF7EBF90320D4
:1077A000E1E7042AF9D12B79002B3ED140F20C43BA
:1077B00002930C238DF80C3015E0227A42F002037C
:1077C00023722B1D1E34143553F8041B44F8041B7C
:1077D000AB42F9D112F0050F05D09DF81C3043F0F3
:1077E00001038DF81C30FCF7C5F9304602A9FFF7FC
:1077F0001BFB0298B7E76A68114B9A42CDD8277AEB
:1078000047F0020323721022002104F11E0012F03F
:1078100025FB6B68AA88E2831A0C1B0E84F82020D3
:1078200084F8213017F0050FD6E7237A43F00202DF
:10783000227213F0050FCFE7FCF79CF9022092E7C4
:107840003F420F0010B586B004461422002101A863
:1078500012F004FB072300936946022320468DF8AB
:107860001430FFF7E1FA06B010BD000007B5084B71
:1078700008480022C3E90023074B00934FF48072AD
:10788000064B012101F030FD03B05DF804FB00BFA1
:107890009C3C0020803C002060D20200803B002005
:1078A00008B5FEF771F830B10623C38003F58203F3
:1078B0008360014B836108BD3D710100F8B5154639
:1078C00007460E46FDF738FD0446286040B1711C9E
:1078D00089B201F0D4FB044620B9286801F0A6F96A
:1078E0002046F8BD2B681C6804F8017BF8E713B547
:1078F0000C466B4601AA0621FDF76FFD20B9DDE9B4
:1079000000102246FEF724F902B010BD10B5837CAA
:10791000012B0AD1437E012B07D10B700223037385
:10792000037A43F00803037209E0C37C5A0708D4C2
:10793000837E5B0705D400230B70002303730020B4
:1079400010BD447C042CF6D8027E042AF3D8037AB6
:1079500013F0010F4FEA8203134414BF084A094A87
:1079600013441B5D0B700B78032B06D8012B02D838
:10797000002BD3D1E1E70123D1E70320E0E700BFEB
:10798000E0D20200F9D202002DE9F0418CB00446A9
:107990000E4607AA10210320FFF790FF054688B383
:1079A0000DF120080AAF0DF11B0342460DF11A013B
:1079B00020460097FEF7E0FE2046FFF78EFC9DF87C
:1079C0001B3001939DF81A300093CDE903750146F1
:1079D000CDF8088004F1170304F1100204F11E0031
:1079E00009F004FF054670B907996089FFF77FFF2A
:1079F000054640B9237ADB0701D4022363730CB038
:107A0000BDE8F0810625079808B101F00FF9337D34
:107A1000356043F00203337508233371EFE773B524
:107A200006460C4601AA10210420FFF747FF054631
:107A300048B906232360237D43F0020323750823FE
:107A4000237102B070BD3046FFF747FC00F1100310
:107A500050F8042B45F8042B9842F9D1019970890C
:107A6000FFF745FF08B12060E5E7337ADB075CBF2D
:107A700003237373E5E72DE9F04395B00DF1200979
:107A80000AAF05460DF11F034A460C4600970DF15B
:107A90001E01FEF771FE2846FFF788FC9DF81F3097
:107AA000019305F11E069DF81E3000930DF130087C
:107AB0000146CDE90378CDF8089005F1170305F1EB
:107AC0001002304609F092FE10B1206008230AE04F
:107AD0001022414605F12E0012F08AF958B140F209
:107AE0000443236004232371237D43F002032375A1
:107AF00015B0BDE8F083304610AB05F13E0205F14C
:107B00004E0109F04CFE0646A0B9EF7B05F15E037D
:107B100018463A4610A912F079F9C7F11002314619
:107B2000384412F09BF92B7ADB0705D4237D43F010
:107B30000103DCE72060C9E705236B73F6E700006B
:107B4000034A136A0BB1516A18470820704700BFF7
:107B50005C0100201FB5CDE902100192FCF708F886
:107B6000074B5B694BB1DDE9012103989847044657
:107B7000FCF700F8204604B010BD0824F8E700BF69
:107B80005C01002013B5CDE90010FBF7F1FF074BB6
:107B9000DB6943B1DDE9001098470446FBF7EAFFD3
:107BA000204602B010BD0824F8E700BF5C010020A9
:107BB0001FB50123CDE9013001A80391FFF7C0FFF4
:107BC00005B05DF804FB0000F8B50E4FBA69054634
:107BD0000E46A2B1FBF7CCFFBB6931462846984759
:107BE0000446FBF7C7FF44B11B2C06D1314628469B
:107BF000FFF7DEFF04460028ECD02046F8BD08243D
:107C0000FBE700BF5C0100201FB50223CDE9013076
:107C100001A8ADF80C10FFF793FF05B05DF804FB69
:107C20000A4601460120FFF795BF01460120FFF7F4
:107C3000CBBF0A4601460220FFF78CBF73B5014651
:107C400005460220FFF7C0FF0446C0B92E78009019
:107C5000CDF8030036B906220DF10101681C12F0BF
:107C6000C7F860B195F83930DB0708D505F129026E
:107C70003146681CFDF75EFC002818BF044620460C
:107C800002B070BD0A4601460320FFF763BF0146FC
:107C90000320FFF799BF01460320FFF773BF034698
:107CA0008A790868186088889A710A891A8100227E
:107CB00098809A72704703460A46D1E9000199807C
:107CC000090C9971118918601981D2E904011A8B84
:107CD00002F0FE0242F00102C3E904011A83704778
:107CE0002DE9F0439DB005460E4690460021202226
:107CF000684612F0B3F8022D16DC002D16DD0023C5
:107D000000930DF11909CDF80330002708AA694640
:107D1000284689F80070FFF71DFF044690B105283A
:107D200014BF0446002402E0032D04D0032420469F
:107D30001DB0BDE8F083002300930DF10A09CDF8D2
:107D40000330E2E72EB1424608A92846B047002892
:107D5000EDD10137DAE7000070B50F4B8AB01A8811
:107D6000ADF804209B788DF806302022002102A86F
:107D700012F074F801AC002514F8016B02A930462A
:107D8000FFF700FF0028F9D0052803D10135032DA6
:107D9000F2D100200AB070BD12D302001368013383
:107DA0001360002070472DE9F04155680E461446D7
:107DB000002701F10108BD4207DCA3689D4215DBE5
:107DC0000623E3600120BDE8F081C7EBC70322680A
:107DD000D018D25C33789A4206D10622414601304F
:107DE00012F006F80028EED00137E4E72168306889
:107DF000C5EBC5028B1888500135B188B2799A71EC
:107E0000998000206560DEE71FB50023CDE90132CF
:107E10000C460090064903936A460120FFF760FF75
:107E200018B9039808B9019B236004B010BD00BFC6
:107E3000A77D010038B504460D4629462046FFF7C8
:107E4000A1FE0028F9D0052808BF002038BD10B5D4
:107E5000044688B01C22002101A811F0FFFF206811
:107E6000A288A379009069460120ADF804208DF81E
:107E70000630FFF7DFFFA8B969460220FFF7DAFFF7
:107E800080B901461C2201A811F0E8FF2068A288F1
:107E9000A379009069460320ADF804208DF80630E0
:107EA000FFF7C8FF08B010BD00230A460B60014968
:107EB000FFF716BF9D7D01000368012B04D0022B44
:107EC00014BF1120002070474368022B03DC002BF5
:107ED00006DC11207047032BFBD18068F9F7C9B984
:107EE000F9F7B1B9042A10B5044608460AD0102A99
:107EF0000ED0022A18D11023237000F0B8FC608045
:107F0000002010BD2023237000F0B6FC6060F7E76E
:107F1000802304F8013B01F1100350F8042B44F8CE
:107F2000042B9842F9D1EBE70320EAE703780A78BB
:107F3000934201D0981A7047202B07D0802B08D08D
:107F4000102B0BD140884B88C01A704740684B6893
:107F5000FAE710220131013011F04ABF4FF0FF3033
:107F600070470378102B0CBF408800207047022A0E
:107F700010B5044607D110230370084600F077FCC3
:107F80006080002010BD102A0BD1802304F8013B33
:107F900001F1100351F8042B44F8042B9942F9D154
:107FA000EFE70320EEE710B586B004460846114619
:107FB0001A4602AB019200F0C8FE20B9019A02A94C
:107FC0002046FFF7D4FF06B010BD000038B50346C9
:107FD00008461A78202A08D0802A14D0102A1BD1EB
:107FE000598800F029FC002038BD0C4A02F1100429
:107FF00052F8045B41F8045BA242F9D159680C3095
:1080000000F01EFCEFE75A1C113352F8041B40F835
:10801000041B9A42F9D1E6E70320E5E716D30200F4
:1080200010B5044608462178C90801F028F8014631
:1080300020B12046FFF7CAFF002010BD0620FCE754
:108040000078C008704790F82830D90710B504466A
:1080500003D510211830FDF756F994F83930DA07B6
:1080600004D5102104F12900FDF74DF994F84A30A8
:10807000DB0706D504F13A001021BDE81040FDF7FA
:1080800042B910BD10B4044603780878181A06D116
:10809000601C06225DF8044B013111F0A9BE5DF8A9
:1080A000044B70472DE9774D0025044690468A46DB
:1080B000AB462E46454505DB4FF0FF35284603B05D
:1080C000BDE8708D694620460096CDF80360FFF745
:1080D000D9FF20B121465046FFF7D4FFA0B9237E37
:1080E000DB070CD5BAF8082023899A420CD1DAE9CB
:1080F0000423D4E904018B4208BF824204D1637E89
:108100005B45DBDD0BF1010B01350AF1500AD1E7CC
:1081100070B51468164622460D46FFF7C3FF431C90
:1081200001460ED0631E9842336008DA502202FBEB
:1081300000505B1A5A4300F1500111F075FE002007
:1081400000E0052070BD00002DE9F7430024154E26
:10815000DFF8549005462746A046D9F80030A342E0
:1081600005DC4FF0FF34204603B0BDE8F0836946DC
:108170002846CDF80080CDF80380FFF783FF20B1BB
:1081800029463046FFF77EFF40B92B8913B132896B
:108190009A4203D1AB7ABB42E5DD01370134103698
:1081A000DBE700BF0C8400204084002070B502286B
:1081B00088B00C4606D0032842D0012821D00820E0
:1081C00008B070BD08462B4EFFF73DFF21466846BC
:1081D000FFF771FD356828492A466846FFF762FFB8
:1081E000411C04D1022D43DC6B1C33602846224B1A
:1081F0005022214602FB003011F008FE00F030F959
:10820000DEE708461D4EFFF71EFF21466846FFF7D2
:1082100052FD35681A492A466846FFF743FF421C5B
:1082200004D1022D24DC6B1C33602846144B5022F1
:10823000214602FB003011F0E9FD00F005F9BFE72F
:108240006846FFF72CFD6846FFF77EFF431C05D10B
:108250000C4B186802280BDC421C1A600A4D05EB17
:10826000001594E80F0085E80F0000F005F9A7E776
:108270001B20A5E708840020188300203C840020F0
:1082800048840020408400200C84002013B5002383
:10829000694600930446CDF80330FFF7F3FE30B192
:1082A0000621601C02B0BDE81040FDF72CB802B0FA
:1082B00010BD00000346022B37B50846144606D011
:1082C000032B20D0012B10D0082003B030BD01912A
:1082D000124DFFF7DBFF124B1A6801982946FFF792
:1082E000E1FE421C07D10520EFE701910D4DFFF79C
:1082F000CDFF0D4BF0E7502202FB0051204611F05C
:1083000085FD0020E1E7FFF71FFF431CEBD0074B83
:1083100003EB00100FC884E80F00F2E71883002079
:1083200008840020488400203C8400200C84002025
:1083300008B50346022B084605D0032B17D0012BA6
:108340000BD0082008BD174A1749FFF7E1FE0028A7
:10835000F8D1BDE8084000F083B8144A1449FFF78B
:10836000D7FE0028EED1BDE8084000F06DB8FFF759
:10837000EBFE431C13D00F4B1A68013A90421A606F
:1083800009DA0D4B121A03EB0013120103F110016D
:10839000184611F049FDBDE8084000F06DB8052011
:1083A000D0E700BF08840020188300203C84002010
:1083B00048840020408400200C840020074B084A99
:1083C0005A61084A9A61084ADA61084A0023136030
:1083D000074A1360074A136000F06CB85C01002084
:1083E000B5820100AD810100318301003C84002091
:1083F000088400204084002008B5034A034B044849
:108400004B210DF001FB00BFA4D3020026D30200D4
:1084100039D3020010B550230446084603FB02F18D
:10842000B1F5A37FD2B001DBFFF7E6FF01236A4677
:108430000AF0FEF96946204609F02EFE002818BF12
:108440001C2052B010BD0000024B03491A680348BB
:10845000FFF7E0BF3C840020488400206F73656311
:10846000024B03491A680348FFF7D4BF0884002071
:1084700018830020707365630B4B00B51968090100
:10848000492995B001DDFFF7B7FF012301AA07488D
:108490000AF0CEF901A9064809F0FEFD002818BF30
:1084A0001C2015B05DF804FB408400200C840020E3
:1084B0006363636413B500231948019301A909F0AC
:1084C0000FFE50BB174901980AF094FA002824DBEC
:1084D000154B502401A990FBF4F01860134809F0E3
:1084E000FFFDC0B9124901980AF084FA002814DB94
:1084F00090FBF4F00F4B01A918600F4809F0F0FD54
:1085000058B90E4901980AF075FA0028A2BF0C4B21
:108510000011186001E0FFF71FFC02B010BD00BFA2
:108520006F736563488400203C840020707365632A
:108530001883002008840020636363640C84002097
:10854000408400207FB5002211460120FCF774FE14
:1085500050B1062300220093114602AB4FF60140B2
:10856000FCF78CF918B1152007B05DF804FB0298F0
:10857000CDF8110001238DF810300DF11100BDF878
:108580000C30ADF81530FCF7DBFDEDE708B5024621
:1085900050B1FFF7D7FF15280FD10022BDE80840E2
:1085A00011461046FCF748BE0146FCF745FE15286B
:1085B00003D1BDE80840FFF7C5BF08BD10B5044CA6
:1085C00020600448016004490A60044A136010BD39
:1085D000E0400020DC400020D0400020CC400020C3
:1085E00010B5044C20600448016004490A60044A44
:1085F000136010BDE8400020E4400020D840002077
:10860000D4400020074B1B6810B52BB9064B074A16
:1086100007485A210DF0F8F9064ABDE810401168E4
:10862000184700BFE8400020C3D3020016D502005F
:10863000E4D30200E4400020074B1B6810B52BB9BF
:10864000064B074A074865210DF0DEF9064ABDE8EA
:1086500010401168184700BFE040002041D40200DC
:108660002ED50200E4D30200DC400020074B1B683B
:1086700010B52BB9064B074A074870210DF0C4F915
:10868000064ABDE810401168184700BFD8400020D6
:1086900062D4020046D50200E4D30200D440002098
:1086A000074B1B6810B52BB9064B074A07487B21BF
:1086B0000DF0AAF9064ABDE810401168184700BF3E
:1086C000D040002083D402005ED50200E4D3020033
:1086D000CC400020022808B50AD0032803D0012886
:1086E0000CD1094800E00948BDE8084000F041BE4F
:1086F000074800F03EFE0028F3D008BD054B064AAF
:1087000006489A210DF080F9B0400020A83D0020D5
:10871000543E002036CA020076D50200E4D302009F
:1087200007B501460190194800F00AFE019948B1C9
:10873000164800F045FE28B3154B164AAF211648DF
:108740000DF062F91548019100F0FAFD019938B178
:10875000124800F035FEA8B10D4B0E4AB221EEE7EB
:108760000F48019100F0ECFD019918B90D4B094A31
:10877000B421E4E70A4800F023FE18B1044B054A8F
:10878000B621DCE703B05DF804FB00BF543E0020D7
:10879000E9C502008ED50200E4D30200B0400020FB
:1087A000A83D0020A4D402000020704707B5164B56
:1087B00000931648164B4FF48272012100F094FD8D
:1087C00028B1144B144AE02114480DF01DF9144B44
:1087D00000931448144B4622022100F085FD18B185
:1087E0000C4B0D4AE721EFE7104B00931048114B5B
:1087F0004622082100F078FD18B1064B064AEE210A
:10880000E2E703B05DF804FBD1D40200A83D0020EC
:10881000A43C0020E9C50200A5D50200E4D3020073
:10882000E6D40200543E0020C43D0020FED40200E5
:10883000B0400020703E00200170090A417070476E
:108840000B0A017043700B0C090E8370C1707047E6
:10885000110A02704170110C120EC2701A0A0371D3
:1088600042711A0C1B0E81708271C371704742787D
:10887000007840EA022070470068704703460068AD
:108880005968704730B5421E002308440139CC1A9C
:10889000A34200DB30BD12F8014F10F8015D1570E6
:1088A00001330470F3E710B510440023934200DB5A
:1088B00010BDCC5C00F8014D0133F7E7F7B5089F18
:1088C0000C469DB2099B0093164603463A4629463C
:1088D000204600F009FD40B92B46BAB22146304689
:1088E00003B0BDE8F04000F04BB903B0F0BD70B587
:1088F00004680E461946238AB342054603D800236E
:108900000360204670BD30469047044670B1296828
:108910003346002200F0F2F940B92868314600F0F1
:108920003AFA286800F03BFC2860EAE7204600F0AD
:108930007DF90024E5E70000014800F0CDBF00BF4D
:10894000F8400020014800F0C7BF00BFF8400020F9
:10895000042108B5002208460AF062FA094B1860A3
:1089600000F048FDFBF7CEF9FFF720FF00210520BE
:1089700009F09EF84FF4004000F05AF8BDE80840B6
:1089800001F060BCFC40002008B5044B18680AF0F8
:10899000DDFCBDE80840FBF76BBA00BFFC400020DF
:1089A00010B50021104800F039FF1049104800228E
:1089B000FCF76CFF044620B10B4800F049FF20464D
:1089C00010BD4FF0FF31084800F04CFF09490A4B39
:1089D0000C600A48C1E9013400F0E2FD4FF0FF31BC
:1089E000014800F03FFFE7E7F8400020458901001B
:1089F00000410020EC40002039890100FC400020AB
:108A000070B5064E064D4FF0FF31304600F08CFD3C
:108A1000044643689847AC42F5D170BDFC40002045
:108A2000EC40002000487047FC40002001F052BBA1
:108A30000146052009F068B810B5134628B9094B5E
:108A4000094A532109480CF0DFFF19B9084B064ABF
:108A50005421F7E70A46BDE810400146052009F019
:108A6000F3B800BFB6D5020025D60200C4D5020077
:108A70001AD6020009F0FAB809F031B9052009F058
:108A8000C1B80000024BA0FB03010846704700BFBD
:108A9000D07B630843F60953C0F30802400A5A43E7
:108AA000584300EB522070474379072B00F1100226
:108AB00098BF002300681344C01A80B270478268D0
:108AC000128800F110031344C28800681044181A79
:108AD00080B27047074B10B519680246084618B9AE
:108AE00009B15868083810BD04889442FBD28068E8
:108AF000F5E700BF8401002038B5C38804460D4661
:108B000033B10A4B0A4A0B484FF4B5710CF07CFFA5
:108B100000F110034A791846103111F077F96A799B
:108B2000627103461344236038BD00BF3BD6020088
:108B3000A3D6020050D6020030B50C4B1A682AB9F1
:108B400082605A681060083058600CE0058814880C
:108B50009168A54201D80A46F1E7816011B900F198
:108B6000080159609060002030BD00BF84010020E2
:108B7000024B0022C3E90023704700BF840100209C
:108B8000103A028041600020704738B503888B425C
:108B900004460D460CD3406800F0EBFB38B100F101
:108BA000100100230D44C36043600560846038BD3C
:108BB0000020FCE707B50191FFF78CFF28B1019970
:108BC00003B05DF804EBFFF7E0BF03B05DF804FB12
:108BD00038B5038801F10805AB420DD3FF2D0BD842
:108BE0000021FFF7D2FF30B1016845710023C0E9D1
:108BF00004332944016038BD0020FCE708300844F4
:108C000010B580B20C46FFF765FF20B1E1B2BDE8B8
:108C10001040FFF7DDBF10BD08B5836801461BB1EA
:108C2000586800F0CDFB08BD1846FCE710B500B948
:108C300010BDC468FFF7F0FF0028F9D12046F6E721
:108C40002DE9F0470F4615460646002846D0D0F8D5
:108C5000088003469946DB68002BFBD148462C462A
:108C6000FFF72DFF98B1A842A8BF28460446D9F8BF
:108C70000030B9F8060022463946184411F0C6F80B
:108C8000B9F8063023442744A9F806302C1B002CE1
:108C900005DD00214046FFF778FF824638B9737939
:108CA000072B16D8201E18BF0120BDE8F087B8F8A2
:108CB0000020A242A8BF2246C2803946006811F0B7
:108CC000A5F8BAF80630C9F80CA01F44E41AD1463A
:108CD000DDE7328A15442D1B3582E3E70220E4E705
:108CE00010B520B1C488C3688C4201DD118010BD6D
:108CF00001D1002BFAD0091B1846F2E7F7B505465B
:108D0000084611460DF106021F46FFF7E9FF064629
:108D100017B9384603B0F0BDAEB1BDF80630F288E1
:108D20003168D21ABA42A8BF3A4694B222461944D0
:108D30002846FFF785FF0028ECD13B1BF668ADF80D
:108D400006009FB2E4E70220E4E770B5044615464A
:108D500052B9002070BD14B94FF0FF30FAE7E28835
:108D60008A4203DCE468891A0029F4DC002DF0DD76
:108D7000002CF1D0E6882068761AAE42A8BF2E46B5
:108D800001443246184611F041F80346E468AD1B31
:108D900033440021EAE770B5002830D000291ADA00
:108DA0004B4204460025E2882646E4681544002C20
:108DB000F9D19A42447923DB9BB2D21A072CF28074
:108DC0001DD9028AD31A19E0E41AD4801468234406
:108DD000136000230CE002460B460025002B07DD44
:108DE000D4889C42F0DCD580D2681B1B002AF5D1C8
:108DF0004279072A03D9028A511A0B44038270BDB3
:108E0000294421EAE171072C88BF0182C3888B4283
:108E10000446C06807DBE1800028F0D0FFF706FFBA
:108E20000023E360EBE7C91A0028EFD1E7E72DE95B
:108E3000F7431E1E904627DD0DF10602FFF750FF97
:108E400000250446A94624B96FF0004003B0BDE8F0
:108E5000F083BDF80600E288731B121A9A42A8BF7D
:108E60001A4697B247B123683A4608EB0501184401
:108E700010F0BEFF0028E9D13D44ADB2B54203D0A9
:108E8000E468ADF80690DEE70020DFE72DE9F74360
:108E900014461E4601AA0023ADF80430ADF8063092
:108EA000BDF82880FFF71CFF0DF10602054631468C
:108EB0002046FFF715FF0746B8F1000F44D0BDF874
:108EC0000430002295B90AB1ADF80430BDF806604F
:108ED000002337B1FA88B2420FD90BB1ADF8066062
:108EE0007DB96FF0004003B0BDE8F083E988994296
:108EF000E9D8ED6801220023E4E7FF68012300269A
:108F0000E7E7BDF80490EC8839682868A4EB090409
:108F1000A4B24445A2EB060228BF444692B2944252
:108F200028BF144622463144484410F061FF00280F
:108F3000D9D1A1442644A8EB0408ADF80490ADF8BB
:108F400006601FFA88F8B7E74046CCE7F8B50E464A
:108F5000044600272046FFF7A7FDE28861792368D1
:108F6000B042A8BF304612FA80F20729A3EB0003F3
:108F7000E28088BF228A236083B284BF9B18238249
:108F8000361A0CD00729A0680BD90839C9B2FFF7E7
:108F90001FFE054648B92046FFF748FE2C462046EE
:108FA000F8BD0021FFF7F1FDF3E76379072B03D943
:108FB0002146FFF7A1FD67712846FFF780FD2B686A
:108FC000EC60184428602C46C4E72DE9F34791462D
:108FD0000DF10602074688461C46FFF781FE05464E
:108FE00070B34FF0000ABDF80600EE88361AA642AC
:108FF000A8BF2646002E07DD2B6849463246184496
:1090000010F004FFB144A41B1CB9002002B0BDE85D
:10901000F087EB681BB1ADF806A01D46E3E7A2B2EE
:1090200049462846FFF70CFE0028EFD17B79072B35
:10903000EBD9398A44448C42B8BF0C463C82E5E700
:109040004FF0FF30E2E710B503461A46DB68002B0D
:10905000FBD1D1604379072B06D94A79038A072AC5
:1090600005D90A8A1344038200234B7110BD0A46B6
:10907000D488D26823449BB2002AF9D1F3E7F8B52B
:1090800087683B888B4205460C4601D20020F8BD1C
:1090900001460E46C9680029FBD13046FFF70FFD97
:1090A000A04206D23846FFF770FD0028EED0F060EF
:1090B0000646F388306818442344F3806B79072B05
:1090C00082BF298A64182C82E1E72DE9F8430D4616
:1090D000C188A942044632D2FFF7F1FC0844A842F5
:1090E00030DBE36873B36D1A2646ADB21C463046DA
:1090F000FFF7E5FC8046A146E7883368F0882168E1
:1091000045452A46A8BF42469742A8BF17463A4659
:10911000184410F07BFEF388BAB21344F380E3885E
:109120009B1AAD1A9BB2ADB2E380A8EB0708DBB186
:1091300022683A442260002DDED1F4603446204695
:10914000BDE8F883A068627903889B1A9D4216DC0B
:109150000021FFF71AFD064688B16379072BC6D9AF
:109160002146FFF7C9FCC2E74846E468FFF754FD13
:10917000002DE2D0002CBED13046FFF74DFD204639
:10918000FFF754FD0024DAE710B50C46FFF7DEFECA
:1091900020B12146BDE81040FFF797BF10BDC3883E
:1091A00070B5054613B12C46204670BDC468002C2E
:1091B000F9D0E38883B12046FFF776FC6A799042C4
:1091C000F1D3627105F1100104F1100010F01EFEE0
:1091D0002846FFF721FDE7E7E668EE602046FFF747
:1091E0001BFD3446E3E72DE9F8438046F0B109B1B1
:1091F000FFF729FF44462046FFF756FC58B1627935
:10920000216804F11003072A88BF9B181846E288DA
:1092100010F00AFE20602368B4F80690E568204646
:109220009944FFF74CFC07462FB315B94046BDE8FB
:10923000F883EE882968BE4228BF3E46B6B2324661
:10924000484610F0E3FDE3883344E380EA882B6866
:10925000BF1B3344921BB144BFB22B60EA80EB8842
:10926000002BE1D1EB68E3602846FFF7D5FCE56809
:10927000002DF4D1D8E7002DD8D02C46BBE7000054
:1092800070B510B10AB113B919B1032022E09D07DE
:1092900026D19DF814408472049C0260C0E9053414
:1092A000C18001818180C36061B194071CBF22F03D
:1092B000030204321D4601248C420CDB01394A436F
:1092C00000219950074A516800230361086010305B
:1092D0005060184670BDAE182E6001343546EBE77D
:1092E0000420F7E78C01002013B500240194049CAE
:1092F0000094FFF7C5FF02B010BD30B5F0B10368B0
:109300008188C468C1809A0718BF23F003030181D4
:10931000446118BF04330A462046012A08D84A1E71
:10932000002992B208BF002253430020E05030BD14
:10933000C518013A056092B22846EEE70320F6E729
:1093400003689A07C26880881CBF23F003030433B4
:109350008A420CD803FB0020814208D2891AB1FB53
:10936000F3F003FB1010B0FA80F0400970470020C2
:10937000704738B5044680B109F0A0FBE38873B1AB
:1093800065692A686261013B22899BB29A42E38047
:1093900000D9238109F09AFB2C46204638BD1D4692
:1093A000F8E738B504460D4609F088FB63692B6081
:1093B000E38865610133E38009F088FB002038BD54
:1093C00010B40A46034680B179B1847AE40706D521
:1093D000C46924B12346026A5DF8044B18475DF85E
:1093E000044B11461846FFF7DCBF03205DF8044B21
:1093F0007047000007B5FFF7BBFB0E4B01934FF41E
:10940000927300930C4A0D490D480C23FFF756FA4E
:1094100028B10C4B0C4A8E210C480CF0F5FA06488A
:10942000FFF78AFB18B1074B074A9121F4E703B015
:109430005DF804FBB7D60200BC4E0020C84E0020E9
:109440000C410020E9C5020016D70200BED602007A
:109450001FB5104B0293104B019305230446009354
:109460000E490F48002364220AF0FAF80D4B0E490A
:1094700018600E4B02930E4B0193042300934FF49C
:109480000072002320460AF0EBF80A4B186004B083
:1094900010BD00BFC4580020345700202DAE02007C
:1094A0002D8A01003057002073AD0200E8560020DD
:1094B000E84E0020E44E0020024B186808B10AF084
:1094C000E9B87047E44E0020034B5868C0F3080029
:1094D000003818BF0120704700ED00E0014B1B6809
:1094E000184700BF0C590020014B1B68184700BFEC
:1094F00010590020014B1B68184700BF1459002069
:109500000B2808D00D2804D0012801D1034B196085
:109510007047034BFBE7034BF9E700BF0C590020F2
:10952000105900201459002013B5002304460A46A0
:109530000093FFF7C9FFF0B131B1144B144A40F268
:109540008C5114480CF060FA206801AA694609F0B1
:10955000BFFE019B43B1104B4FF080525A6040BF99
:10956000BFF34F8FBFF36F8F012809D90B4B084A08
:109570004FF4B361E5E72068694609F081FDF3E740
:10958000009808B10023037002B010BD28D7020074
:10959000EED7020031D7020000ED00E092D70200C2
:1095A0001FB50A780191044632BB01230B70FFF707
:1095B0008BFF0346C8B11346206803AA01A909F02E
:1095C000FDFC039B43B10D4B4FF080525A6040BFEE
:1095D000BFF34F8FBFF36F8F01280DD0084B094A9F
:1095E000094840F2BA510CF00FFA20684FF0FF32F0
:1095F00001A909F039FCEFE704B010BD00ED00E06F
:10960000B9D7020006D8020031D7020010B50AF01F
:1096100065FE034630B90A4B0A4A0B4840F2C7615F
:109620000CF0F2F9406803F1080118B1BDE81040F0
:10963000FFF7B6BFBDE81040DB680846184700BF1B
:10964000C7D70200C9D8020031D702000B782DE934
:10965000F34105460E46C3B1FFF736FF0446002826
:109660003BD0286809F070FE00240746A046B845A4
:109670000EDB44B12D4B4FF080525A6040BFBFF318
:109680004F8FBFF36F8F0023337002B0BDE8F081BE
:10969000286801AA694609F01BFE012806D0244B60
:1096A000244A4FF4BB6124480CF0AEF9019B1C43E3
:1096B000009BB3420ED02868002301AA694609F036
:1096C0007DFC012804D01A4B1A4A4FF4BC61EAE72A
:1096D000019B1C4308F10108C9E709F0EFF928686C
:1096E00009F027FE0746BC4202DB09F0EFF9CAE7A2
:1096F00028680022694609F0C3FC012804D00C4BFD
:109700000C4A40F2F551CEE7009BB3420CD0002347
:1097100028681A46694609F0A7FB012804D0044BC3
:10972000044A40F2FC51BEE70134DCE700ED00E002
:10973000B9D702001ED8020031D7020010B5044686
:1097400058B1042009F028FC206040B9054B064AB6
:1097500006484FF4C2610CF057F9032010BD0020F9
:10976000FCE700BFCAD7020039D8020031D7020097
:1097700008B528B1006810B109F0E8FD002008BD67
:109780000320FCE708B50246C0B1036833B90C4BAF
:109790000C4A40F22C610C480CF036F9FFF794FEAD
:1097A00020B10A4B074A4FF4C661F4E7106809F08C
:1097B00077FD01280CBF0020062008BD0320FCE730
:1097C000CAD7020051D8020031D7020036CA0200BF
:1097D00008B50246C0B1036833B90C4B0C4A40F2DD
:1097E0003F610C480CF010F9FFF76EFE20B10A4BF8
:1097F000074A40F24261F4E7106809F0B9FB01281A
:109800000CBF0020052008BD0320FCE7CAD70200DA
:1098100069D8020031D7020036CA020010B50446EA
:1098200058B1802009F016FB206040B9054B064A6C
:10983000064840F254610CF0E7F8032010BD002008
:10984000FCE700BFD5D7020084D8020031D7020060
:1098500008B528B1006810B109F078FD002008BDF6
:109860000320FCE713B5044650B3036833B9154B26
:10987000154A40F2716115480CF0C6F8FFF724FE56
:10988000D0B121B1124B104A40F27461F3E7206865
:1098900001AA09F01DFD019B43B10E4B4FF0805210
:1098A0005A6040BFBFF34F8FBFF36F8F01280CBFCB
:1098B0000020062002B010BD206809F05BFCF5E72F
:1098C0000320F7E7D5D702009AD8020031D702006B
:1098D000E1D7020000ED00E013B5044640B3036891
:1098E00033B9164B164A40F28E6116480CF08CF8CC
:1098F000FFF7EAFD0346A8B1206801A909F095FB2E
:10990000019B43B1104B4FF080525A6040BFBFF3F0
:109910004F8FBFF36F8F01280DD00C4B084A40F2D8
:109920009D61E2E702460146206809F09DFAF2E7F0
:10993000032002B010BD0020FBE700BFD5D7020016
:10994000B0D8020031D7020000ED00E0B9D7020024
:10995000F7B51646026804460F461D463AB9074B4E
:1099600000930121034606480AF052FB20600023C1
:10997000C4E903656760A36003B0F0BD0D96010004
:10998000C7D7020013B50446006878B14FF0FF3323
:10999000009300231A4605210AF05EFB14220021E1
:1099A000204602B0BDE8104010F058BA02B010BD19
:1099B00070B5012938BF012188B004460D46FFF774
:1099C00083FD034650B300260096206805AB32465F
:1099D00008210AF041FB009606AB2A4609212068BF
:1099E0000AF03AFB246809F0F9FE07AB024600963C
:1099F000072120460AF030FBDDE905321343079AC0
:109A0000134308D0134B4FF080525A6040BFBFF34E
:109A10004F8FBFF36F8F002008B070BD4FF0FF363F
:109A2000009602460390032120680AF015FB009679
:109A3000039B20682A4604210AF00EFB246809F0E3
:109A4000C7FE039B00960246022120460AF004FB53
:109A5000E1E700BF00ED00E007B5006838B14FF066
:109A6000FF33009300231A4603210AF0F5FA03B0EE
:109A70005DF804FB10B5044600680AF021FC0128DB
:109A80000AD120680AF01AFC044609F0A7FE8442B5
:109A900094BF0020012010BD0020FCE700680AF000
:109AA0000DBCF8B5870D86020D464FF47A7200237F
:109AB000304639460FF01AFFB7F57A7F08BF002EFF
:109AC0004FF0000436BF286002202046F8BD7047E2
:109AD00070470120704700000048704740E20100D5
:109AE0000120704710B504460BF0DAFD204610BD8A
:109AF00070B5D0E90C560446AE4207D055F8040BB9
:109B00000028F9D003685B689847F5E7D4E90C3280
:109B1000934218BF636370BD10B50446FFF7E8FFBA
:109B2000E37B3BB16069084B984203D010B10368F6
:109B30005B68984704F11C00FFF724FF206B08B115
:109B40000BF0AEFD204610BD9401002070B5828957
:109B50004FF6FF739A428CB005460C4627D000F1B1
:109B60001C063046FFF786FFE8B9A88901A9F6F779
:109B700017FCC0B9BDF82A300A206433584369463F
:109B8000FFF78FFF00993046FFF712FF2146A889A3
:109B9000F7F750F830F00203044602D03046FFF7E2
:109BA0005BFFAC6000E0022420460CB070BD0024D6
:109BB000F7E780894FF6FF73C01A18BF012070477E
:109BC000024A034903480CF00CBC00BF000000200F
:109BD000CF9A01009401002010B50446236803B910
:109BE00010BDA3F110005B68236003B96460FFF748
:109BF0001DF8F3E7002003F0A5B905F0E2B9000075
:109C00002DE9F843194D05F14C09EC6C0CB9BDE890
:109C1000F88308F053FFEB6C5B68EB64A4F110076A
:109C20000BB9C5F8509008F051FF54F8100CFEF72E
:109C30001EFE064654F8100C0230FEF718FE0421F2
:109C400080463846FFF7A7F82288424505D106F43A
:109C50004053B3F5805F00D81AB93846FEF7E6FFE7
:109C6000D3E73146384602F0EFFECEE748850020C4
:109C7000F8B51A4D05F13807AC6B04B9F8BD08F01A
:109C80001DFFAB6B5B68AB63A4F1100603B9EF6318
:109C900008F01CFF54F8101C237A087803F007031F
:109CA000013B04F1080200F00F00032B0AD8DFE8A3
:109CB00003F0070D11021146304602F09FFCDBE76E
:109CC00001F002F93046FEF7B1FFD5E7314606F064
:109CD00015FBF7E702F0BCF9F4E700BF4885002068
:109CE0002DE9F04110210546FEF788FF0446C8B172
:109CF000836805821E880368043326F00306036028
:109D00004079B6B2301A04382D1AA046002D09DD6C
:109D10000021A8B2FEF74EFF074630B92046FEF7F5
:109D200085FF3C462046BDE8F081C8F80C00AD1B1D
:109D30008046EBE71B38E0288CBF002001207047ED
:109D4000A0F5A47080B244F2481398428CBF002062
:109D50000120704739B1407900F0C000A0F1400304
:109D60005842584170470846704739B1407900F071
:109D7000C000A0F1C003584258417047012070470D
:109D800031B14079800905D0431E5842584170478F
:109D90000846704702207047421E431D12F8010F0B
:109DA00010B99A42FAD170470120704710B50146A8
:109DB000421E0023043012F8014F234482429BB21A
:109DC000F9D14A7902F03F0423449BB2FBB140F23F
:109DD0003A5083421BD002F0C002C02A15D0402A5C
:109DE0000AD1CB7808791844201804D040F23D23DA
:109DF000C01A18BF012010BD4AB9064806220FF04C
:109E0000F7FF003818BF0120F5E70120F3E7002035
:109E1000F1E700BF3E850020032809D8DFE800F005
:109E2000020502050348FFF7B7BF0846FFF7BEBFAC
:109E3000002070473E850020052970B5054616466E
:109E400002D81224204670BD0D4B1B680BB10C24A8
:109E5000F8E706F0C3FC04460028F8D156B12846BE
:109E6000FFF7A4FF0028ECD0064B2A681A60AA88E6
:109E70009A80E7E701F028F90028F0D0E7E700BF73
:109E8000788600203885002038B50D46064C0146FE
:109E900006480622002D18BF20460FF0A9FFB0FA91
:109EA00080F0400938BD00BF388500203E85002085
:109EB000034A044B00280CBF10461846704700BFE9
:109EC0003E8500203885002038B5F4F75BFA0F4B4B
:109ED00005461C7AF4F75CFAB5B9631E032B13D858
:109EE000DFE803F0020A0E06BDE8384001F0CEB804
:109EF000BDE8384001F098BEBDE8384006F0C4B96E
:109F0000BDE8384001F097BE38BD00BF488500204D
:109F100000234361064BDA6B00F11001143011602D
:109F2000D86303F12C0103F11000FFF739BB00BF28
:109F30004885002038B504460A4D08F0BFFD0023CF
:109F400063612B6D04F110021A6014342C6508F063
:109F5000BDFD05F1400105F11000BDE83840FFF7F7
:109F60001FBB00BF4885002010B5134B00781B7A3B
:109F7000013B144600F00F00032B19D8DFE803F073
:109F80000A130E02F4F7F8F901462046BDE8104026
:109F900002F008BBBDE8104001F01CB82146BDE846
:109FA000104002F0DFB82146BDE8104005F060BF68
:109FB0004FF0FF3010BD00BF48850020F8B50B887A
:109FC0000678447803F0800CC3F3C01703F007034E
:109FD000042B05460A4606F00F0603D1BDE8F840FB
:109FE00002F098BBBCF1000F1AD0082E45D8DFE86C
:109FF00006F0140514051432140707000C2C45D183
:10A00000012B13D0FBB3022B29D0032B3BD13946B4
:10A010002846BDE8F84002F0B5B8A11F1F292CD88A
:10A02000022B1CD0032BF2D0012B2CD1A01CFFF74C
:10A0300057FE044618B101462846F3F723FD3A4679
:10A040002146304600F08EFE054614B12046FFF74B
:10A050005FFF2846F8BD222CD1E70024EFE7A01CC3
:10A06000FFF73EFE044618B101462846F3F70AFD05
:10A070003946204605F03CFFE6E7022B0CD0032BC7
:10A08000C5D0012BE9D04FF0FF35E2E7012BE4D03A
:10A09000002BF8D0022BB8D10024E9E738B50346ED
:10A0A00015460C4631B9084B084A094840F271413F
:10A0B0000BF0AAFC8A7E497E2046FEF746FEE37E30
:10A0C0002B70A07E38BD00BF08D9020072D90200F3
:10A0D0000ED9020010B5F3F763FD0020F3F768FE18
:10A0E00000230C4A0C480D4C1946FEF779FA04F08F
:10A0F000B1FD4FF0FF312046FFF716FA30B9084B9B
:10A10000084A094840F2BF410BF07EFC436898477B
:10A11000EFE700BF45ED010025ED01005885002067
:10A120003BDD020087D902000ED90200014B1872F4
:10A13000704700BF48850020014B187A704700BF68
:10A140004885002001460148FFF72ABA58850020BB
:10A150004FF0FF3040F2FF3170470000014BD3E970
:10A16000000170474885002038B5164C08F0A6FC61
:10A17000F3F772FE06F092FF06F054FB05F0DCFBED
:10A1800008F0A4FC00F08EFF20460025FFF724FD18
:10A19000A4F11400FFF720FD24F8405C02F062FDFA
:10A1A00004F0D6FD06F080FF074B04F8445C1D6008
:10A1B0009D8007F0B9F805F0F9FABDE83840F3F7EB
:10A1C000EFBC00BF94850020388500200A30C00015
:10A1D00070470000032908B506DD154B154A40F20B
:10A1E000DE5115480BF010FC144B33F8113083424C
:10A1F0001CD80129A0EB030005D1C0F3CF001B2818
:10A2000038BF1B2008BD022902D1C0F38F00F6E73A
:10A21000032902D1C0F38F10F1E711B9C0F30F1079
:10A22000EDE7074B034A40F20161DAE71B20E9E75B
:10A2300063D9020093D902000ED90200B0D90200FE
:10A2400036CA020030B5324D85B00023062202A97D
:10A2500028460293CDF80B300FF0CAFD044670B9C2
:10A2600002900090ADF80400CDF80B00062202A980
:10A2700068460FF0BDFD00283DD02C60AC80254C19
:10A2800005F040FB04210846FF2300226172638130
:10A2900008F0C6FD2246002342F84C3F22652246C4
:10A2A000E36242F8383FE2631B4A2364C4E90C23AB
:10A2B0001A4A6365C4E91123194A2366C4E91623BF
:10A2C000184A2061C4E9192304F042FD06F0ECFEAF
:10A2D00000F002FF06F0CAFA02F01EFD05F04CFA8B
:10A2E00044F2EF020023C4E9002304F027FF04F046
:10A2F00019FF05B030BD02A807F0A4F80028BED1B0
:10A30000DDF809302B60BDF80D30AB80B7E700BF3A
:10A310003E85002048850020719C0100019C0100C1
:10A32000FB9B0100F59B010038B5074B1B785C18BF
:10A3300083891B07C0E90644054604D50348FEF798
:10A34000A1FB04442C6238BD448C0020008813001B
:10A3500038B50121104B03670446C06680F86010D1
:10A36000C079FFF733FFA3895A070FD500F5FB70BB
:10A370000A4BE5691B78EB1A6366002384F86230A8
:10A380001E30FEF77FFB2844A06638BDDB0748BFC0
:10A3900000F55570ECE700BF69A50100448C002072
:10A3A00070B50C461146226C02B1127CA3895E077F
:10A3B00028D5638913F0020F0CBF2123A1230C259C
:10A3C0000022AE1CE6716689F60748BF43F04003E1
:10A3D0000B70234653F8281F01609B888380A18956
:10A3E000490700F1060306D5214651F83A6FC0F837
:10A3F0000660898899801AB1206C0021FEF7A5FCBF
:10A40000284670BDDD0709D413F0020F14BF0623E0
:10A4100002231F2A04D8951DEDB2D2E72023F8E7C6
:10A42000034B044A04484FF4F6710BF0EDFA00BFF9
:10A43000B8D90200EEDA0200E4D9020038B51346BA
:10A440008A6C0D464AB1127C1F2A06D90E4B0F4A60
:10A450000F4840F292310BF0D7FA698911F0010FE1
:10A460000CBF0421442119702B46941D53F8281F5A
:10A4700001609B888380E4B222B1831D0021A86C17
:10A48000FEF763FC204638BD3DDA020009DB02001E
:10A49000E4D90200F8B5064600680F46154608B133
:10A4A000FEF7C4FB00212846FEF7A8FB044630B1A6
:10A4B000038A2B441F2B04DDFEF7B8FB0024346015
:10A4C000F8BD2A463946FEF7BBFB0028F7D02046E8
:10A4D000F2E7000008B504F0C5F8074A48B153890F
:10A4E00013F0800004D05378002B0CBF10460020DE
:10A4F00008BD1046FCE700BFCC85002008B5084B1E
:10A500008022002118460FF0A9FC07228270054A1C
:10A51000C0E91620044AC2604FF40062028208BDFE
:10A52000CC85002069A901001200000810B504467E
:10A530000020F3F73DFC04F154010948FFF730F81F
:10A540000020FFF7F3FD08F0B9FA638923F0300328
:10A55000638108F0BBFA034B00221A6010BD00BFF4
:10A5600058850020C885002038B5C468324B0546A0
:10A570001C6008F0A3FA638913F0300F06D02F4B4C
:10A580002F4A40F215112F480BF03EFA23F030030A
:10A5900043F01003638108F099FA638903F4C06300
:10A5A000002B44D194F90900F3F702FC264A27490D
:10A5B000A079F3F717FC20B1254B264A40F26741FA
:10A5C000E1E7254BA97818786B681844F3F748FE43
:10A5D00068BBF3F7AFFBFF23237205F0C7F8D0B1D8
:10A5E000F3F7E0FEA389DA0618D59B0716D0002101
:10A5F0000846F3F7B5FB022218482146F3F746FE5A
:10A600000546A0B9E3787BB106F0FCFE0120FFF718
:10A610008DFD284638BDF3F7D5FEE3E71048214607
:10A62000F3F79EFB0022E7E706F0EEFEEEE720469A
:10A63000FFF77CFF0125ECE7C88500206EDA0200F9
:10A64000CCDA0200E4D9020055555500D6BE898EF9
:10A65000E9C502002DDB0200448C0020A1A301000B
:10A660002DA5010038B5438913F4C06F044623D0EB
:10A6700013F4007512D0436C33B1006CFEF7D6FAB8
:10A68000636C23640023636408F018FA638923F47D
:10A6900000736381BDE8384008F018BA5B050BD53C
:10A6A000806CFEF7C3FAE36CC4E9123508F006FAD1
:10A6B000638923F48063ECE738BD000010B50378AC
:10A6C00004468BB305F07CF904F1600006F0A2FCAF
:10A6D00008F0F4F9FFF730FD012809D1F3F7BCFBCE
:10A6E0000020FFF723FD114B00221A6005F090FDBA
:10A6F00008F0ECF90E4804F15401FEF7A7FF206DB5
:10A7000018B1FEF70DF80023236508F0D7F9638927
:10A7100023F03003638108F0D9F900232370204629
:10A72000BDE81040FFF79EBF10BD00BFC8850020E8
:10A730005885002038B500F134054179044600F110
:10A7400028020123284604F0C9FFE0B108F0B6F959
:10A75000638943F00103638108F0B8F9A3895A07BC
:10A7600023D56179002304F13A02284604F0B6FFAC
:10A7700090B108F0A3F9638943F002036381BDE857
:10A78000384008F0A3B92379D907DFD408F096F947
:10A79000638923F00103DEE76379DB07E9D408F07E
:10A7A0008DF9638923F00203E8E738BD0379012BB3
:10A7B00010B504460ED94389DB050BD5FFF7BAFF68
:10A7C00008F07CF9638923F480736381BDE810404D
:10A7D00008F07CB910BD00002DE9F347037804466A
:10A7E00033B95B4B5B4A41F238215B480BF00CF903
:10A7F00005F0E6F804F160062046FFF733FF04F1A8
:10A800005407304606F006FC54483946FEF71EFF52
:10A81000A07843072ED410F0020F14BF2622252261
:10A82000A379DFF84081934228D105F0F1FCA378A9
:10A83000DD0721D413F0020F14BF26232723A371B1
:10A840006069FEF71FF9A56998F800A00544C4E9FE
:10A8500006558146FEF712F92D1AB5EB0A0507D504
:10A86000A26913464B44991AE942FBD4C4E9063362
:10A87000002515E02722D3E72523E0E75A1CD2B2B2
:10A88000A2F125050121A940084206BF0233A371A8
:10A89000A271FEF7F3F898F800301844E061012542
:10A8A000A389180711D5D4E907239A420DD323466B
:10A8B0000020226D3C2102F07DFA00232365204612
:10A8C000FFF7FCFE02B0BDE8F0872046FFF76EFF01
:10A8D0002046FFF73DFD002D33D1237823B91C4BD3
:10A8E0001F4A41F2062180E794F86130002BE9D13C
:10A8F000A38919071AD442F21070FEF7C3F8024672
:10A9000001A9304606F0A6FAA0B1304606F082FB57
:10A91000A3785A070CD413F0020F14BF2623252363
:10A92000A3710E483946FEF73BFECBE72A46E7E720
:10A930002723F5E798F80030019A1344C4E9063359
:10A94000C0E7304606F02EFB0028BBD0E9E700BF89
:10A95000ABDA020060DB0200E4D902005885002077
:10A9600044DB0200448C00208068FFF735BF000004
:10A9700010B5084C237863B12379012B09D908F06D
:10A980009DF8638943F480736381BDE8104008F04B
:10A990009DB810BDCC85002083785A070AD413F0E7
:10A9A000020F14BF26232523837100F154010248AE
:10A9B000FEF7F6BD2723F7E75885002038B50D4C84
:10A9C0002568ADB10020F3F7F3F905F154010A4809
:10A9D000FEF7E6FD0020FFF7A9FB256808F06EF8FA
:10A9E0006B8923F030036B8108F070F8002323603B
:10A9F00038BD00BFC8850020588500200F29F0B55C
:10AA0000024601D0122043E0304B197800295AD178
:10AA1000017906884588847B0429F3D8DFE801F0B2
:10AA200051394F034500102108070DD4AE42E9D833
:10AA3000A6F1200080B243F6E077B842E2D8A5F153
:10AA4000200080B2B842DDD850790328DAD897794F
:10AA5000012FD7D8002701285F7206D9174657F86B
:10AA6000070F58631A48BF888780577B17F0F80094
:10AA7000C8D1002FC6D0032CC4D892F805C0927953
:10AA800083F804C05A71DC709F70DE811D82998149
:10AA9000F0BD1146002451F8070F586388880C490F
:10AAA0002546888026461D21BEE71146002451F820
:10AAB000070F58638888064988801521B4E712215A
:10AAC000B2E71321B0E70C20E2E700BFCC850020FD
:10AAD000008600200023012203700A701846704788
:10AAE0000129F8B501D01220F8BD0578FFF7F2FC76
:10AAF0000446002800F09080012D40F08780037804
:10AB0000002B7FD107F0DAFF638923F00B03638109
:10AB100007F0DCFF42492079FFF77EF90028E2D0F8
:10AB2000A389DF0707D5236D2BB90220FDF7D2FDDE
:10AB3000002873D020652279D60749BF6389394B35
:10AB400043F00103638148BF354B1968A1629B88BC
:10AB5000A385A3895D070DD5234653F8341FC4F898
:10AB60003A109B88E3876379D80742BF638943F033
:10AB700002036381012A02D92046FFF7DBFD01238E
:10AB800023700023A4F87E3006F0C0FAA3891907C9
:10AB90005DBF228A40F27123534340F6A66363618E
:10ABA000A37880EA1040DA07A4F87C002CD413F0D4
:10ABB000020F14BF26232723A37104F019FF0546B3
:10ABC00004F086FA0746FDF759FF42F21073064675
:10ABD000B7FBF3F003FB1070FDF754FF3044E06166
:10ABE0002046FFF7B5FB626E531B002B04DAA36E01
:10ABF00065669A1A2A44A2660B49002204F1600095
:10AC000006F0C4F800206FE72523D5E7002D7FF478
:10AC10006AAFFFF753FDF5E7422065E7072063E7DA
:10AC2000388500203E85002029A30100202937B562
:10AC300002D0122003B030BD05781F2DF9D8411C79
:10AC40000091FFF747FC0446002833D0838903F0C6
:10AC50001203002BEDD0AAB2057800991DB3C36C86
:10AC60007BB1019207F02AFF638923F4806363813B
:10AC700007F02CFFE06CFDF7D9FFDDE9001200239F
:10AC8000E36404F14C00FFF705FCE36C0BB907200B
:10AC9000D0E707F013FF638943F48063638107F013
:10ACA00015FF0020C6E74830FFF7F4FBA36C002B2C
:10ACB000F7D1ECE74220BDE7202973B502D012207E
:10ACC00002B070BD05781F2DF9D8461CFFF702FCB5
:10ACD0000446002843D08389D90619D55A0712D4CF
:10ACE00007F0ECFE638923F04003638107F0EEFE7A
:10ACF000AAB225787DB9314604F14000FFF7CAFBBE
:10AD0000236C53BB1FE003F0ADFC0028E8D0D6E76E
:10AD10009B07E5D5D3E7636C73B1019207F0CEFED4
:10AD2000638923F40073638107F0D0FE606CFDF744
:10AD30007DFF0023019A6364314604F14400FFF76C
:10AD4000A9FB636C0BB90720BAE707F0B7FE63896C
:10AD500043F40073638107F0B9FE0020B0E742209E
:10AD6000AEE700002DE9F84FDFF8589107460D4691
:10AD700049B9D9F80000FFF7D9FB4FF0FF340020A4
:10AD8000FFF7D4F96BE01AB90023C9F80030F4E7F3
:10AD9000032801D00528F7D1D9F800A02C68062295
:10ADA00004F108010AF128000FF022F8834628B1C7
:10ADB0004FF0FF340023C9F80030E0E79AF8038031
:10ADC00014F8026B032F0CBF08F0010808F002080A
:10ADD000C6F3801604F0CAFC48B9B8F1000F28D0B9
:10ADE0005A463146204606F0B9FA10BBE0E7314634
:10ADF0002046FEF7AFFF002834D006F09DFC40B29D
:10AE000000288AF8080011DB2B8B43F480632B8326
:10AE1000B8F1000F0DD036232424264A13FB00443A
:10AE200058431444165C4FF0010BD9E7B8F1000FFA
:10AE3000BED12B8B032F43F040032B831FD11E4821
:10AE40005146F2F78DFF1D4800225146F3F71EFAD6
:10AE500004460028AED12B8B43F010032B832046F1
:10AE6000BDE8F88F3146204604F04AFA0028B4D0F5
:10AE70004378002BB1D1C378002BAED098E7052FD3
:10AE800096D10F4B1D68002D92D00622214605F168
:10AE900093000EF0ADFF38B995F89230012E03F013
:10AEA000010304D1002B83D1D5F8B450EBE7002B7C
:10AEB000FAD17DE7008B00202DA501003DA4010003
:10AEC000D08A0020C88500202DE9F8433D4C237826
:10AED00088469146002B72D013881D060CD407F0CB
:10AEE000EDFD638923F03003638107F0EFFDBDE8DA
:10AEF000F8433448FFF770BC05285CD1A18962890A
:10AF000001F0100002F008020243E8D05806E6D52E
:10AF10004746490717F8025B03F48066C5F38015BE
:10AF200014D5002E45D094F90800274A3623242151
:10AF300013FB001143431144D55C6379AB42CED17E
:10AF4000224806220EF054FF0028C8D1EEB13B681B
:10AF5000C4F82E301E4BBA889A8094F908003946FE
:10AF600004F090FB94F908203623242113FB0212ED
:10AF7000154950188A58C8F802208288BA8094F976
:10AF800008205343CD5C0235EDB2A38983F0100352
:10AF9000C3F300134A462946404601F08FFD0028BE
:10AFA0009DD063891A070AD4BDE8F8430548FFF726
:10AFB00085BB3946C1E7032891D1DB068FD5BDE8B3
:10AFC000F88300BFCC850020008B00200086002085
:10AFD000FA85002008B50C4B03281A6808D193891C
:10AFE00098070FD41046FFF7A1FA4FF0FF3008E0A2
:10AFF0000528F7D19389D907F4D583F01000C0F361
:10B00000001008BD0120FCE7C8850020044B1A7819
:10B0100022B1D878B0FA80F040097047012070471B
:10B02000CC8500200A4B1A6D10B5044632B9094B85
:10B03000094A0A4841F26D310AF0E6FC002119651F
:10B0400001F0B8FE2046BDE8104003F0CDBF00BFC0
:10B05000CC850020BEDA020070DB0200E4D90200D9
:10B0600010B50379012B02D80024204610BD438976
:10B07000DB07F9D500F1280401212046FEF76AFE1E
:10B080000028F2D1F0E72E307047000008B5F2F743
:10B09000E3FE034B1868BDE80840FFF747BA00BF5E
:10B0A000C885002010B5074C2046FFF707FB206C31
:10B0B000FDF7BCFDA06CFDF7B9FDBDE81040FFF742
:10B0C0001DBA00BFCC850020024B1878003818BF8D
:10B0D00001207047CC850020FFF710BA08B5F2F7C1
:10B0E000BBFE0020FFF722F8014B00221A6008BDCA
:10B0F0006886002010B50446FFF7F0FF2CB104F17C
:10B100009C00BDE81040FFF71DB810BD82786FF3BA
:10B1100041028270FFF7EEBF827842F00202827035
:10B12000FFF7E8BFFFF7E6BF0320FEF7FFBF0020F1
:10B13000FEF7FCBF07B5837843F002038370C37941
:10B14000013B18BF0123009300F5807200F5947352
:10B150000021D0F8F000F2F7BBFD03B05DF804FB6E
:10B1600083786FF341038370F2F7E4BDC279D0F8BE
:10B17000F000013A18BF01220021F2F7D3BD38B523
:10B18000058B044601212846FFF724F80221607749
:10B190002846FFF71FF80321A0772846FFF71AF883
:10B1A0000021E0772846FFF715F8207738BD00002A
:10B1B00013B5C36F446F90F879201C440A4B1B7879
:10B1C000E41A90F8783013441E2B01A8C8BF01344C
:10B1D00005F052FF28B1019B1A1B34EA220428BF54
:10B1E0001C46204602B010BD448C002070B50546B8
:10B1F000B0F8680040F2E24444432046FDF742FCC8
:10B200000646FDF747FC241AE4B21F2C05BF0023B5
:10B21000013685F8794085F87930EE6770BDF8B56C
:10B2200004460D46174605F0F1FA0346064653F864
:10B23000012F22609B88A380034604F10C0053F881
:10B24000072FC4F806209B886381696DFDF7F8FA23
:10B25000AB6D2374AB6D1B0A6374B5F85A30A374DD
:10B2600095F83A30E374B5F8721004F11400FDF764
:10B27000E3FAB5F8681004F11600FDF7DDFAB5F849
:10B280006A1004F11800FDF7D7FA04F11A00B5F8B6
:10B290006C10FDF7D1FA2B46222053F8202FE261E3
:10B2A0001B7984F8203095F8392095F82E3043EA40
:10B2B000421384F8213033783B70F8BD8378D90786
:10B2C00010B504460BD503F00FFE20B10622032172
:10B2D000204603F05DF9A3786FF30003A370637851
:10B2E0009A070FD5B4F84810CB070CD5002120469B
:10B2F00002F02AFE0021204603F09DFD63786FF3E3
:10B300004103637010BD11F04001F4D006212046C6
:10B3100002F01AFE94F83710EDE700002DE9F04F27
:10B3200090F800B01BF0040B8FB0044667D0637830
:10B33000002543F020036370AA460126AB466378DC
:10B34000990609D50EAB04930023ADF828308DF88B
:10B350002A300AAD0DF1100A94F832300BB146F0E4
:10B360000806BBF1000F01D046F0100694F8333008
:10B370000BB146F004062378EE705A0740F11F81A6
:10B38000B34E0027EB7803F00303032B40F04B810F
:10B39000DAF800301B78062B40F02A81A378D4F825
:10B3A000EC0043F00203A370012384F8E930E37951
:10B3B00003F1FF3CDCF1000343EB0C03009304F5C5
:10B3C000807204F594730021F2F782FC2146304626
:10B3D000F2F7C6FC9F483A465146F2F757FF58B974
:10B3E00063786BF386139906637005D523785A0743
:10B3F00002D543F0080323700FB0BDE8F08FD0E909
:10B400002AA7BAF1000F60D190F8018018F0200847
:10B4100001D1002F8BD094F8E830B8F1000F40F044
:10B42000AC807A680392022BA7F1100A16D9E27950
:10B43000012A03D0032B11D0022A0FD1384602F083
:10B44000E4FB38B9637843F0200363700546834614
:10B45000012674E7039BEBB900230393D4F8AC30C7
:10B460005B68C4F8AC301BB904F1AC03C4F8B0306D
:10B47000FB7A3D4603F00303032B35F8089B17D1F5
:10B480005FFA89F3FE7ABB72039FC4F8A8A0002F6D
:10B4900040D17BE0039802F0B8FB0028DED1E379CD
:10B4A000012BD9D0504602F0C2FB0028D4D0D5E7FA
:10B4B000208B0121FEF78EFEA37B4B4528BF4B4618
:10B4C000984228BF1846C3B2DCE79AF81980BAF848
:10B4D00010909AF81A300AF11805B8F1000F4AD105
:10B4E0009AF81B6006F0030694F8E820022ACED9E9
:10B4F000002F4BD03846039302F087FB039B48B9DB
:10B50000E279012A42D0D4F8A80002F090FB039B14
:10B5100000283BD020460393FFF74AFE039B08EB2D
:10B5200003024A45834644DAA9EB0300A0EB080076
:10B53000C0B20121678B0393FEF748FE039B0121F4
:10B5400080461846FEF742FE07F5E17303EB080755
:10B55000E379012B08BF638B384404BF9633C018CE
:10B56000FDF790FA0746FDF789FA3844A0EB0B0B7C
:10B570004FEADB7BE3E60126B6E7022B40F28B8045
:10B580005FB90025A8462B46A946012608EB030211
:10B590004A45BFF6D4AE0027BCE7384602F035FB7B
:10B5A0000028EED04FF0000845464346C14601262C
:10B5B000B0E73A88A07B824298BFD0B2B9E7E3797E
:10B5C000022B12D1BBF1000F0FD194F8343063B9C4
:10B5D00094F83630DB0608D4DAF8003030461978B3
:10B5E00002F00EFC00283FF4CBAE00260227C9E68D
:10B5F000052B37D1A3786FF34103A3700823A4F878
:10B60000E830F2F797FB144A144B002E0CBF164695
:10B610001E46DBE66FF34103A3700623A4F8E8306F
:10B62000F2F788FBD2E6A3789D077FF5CFAEE279EB
:10B630000123D01A4242424184F8E930D4F8EC00A8
:10B640000021F2F76FFB064B002E08BF1E46BDE639
:10B6500025B101009DA0010035B1010019B1010023
:10B660006DB101000B2BDED1E379022BA378D1D190
:10B6700043F00203A3700021012384F8E93004F5AC
:10B68000807204F59473D4F8EC000091F2F720FB7B
:10B69000034A044BB9E7002F84D1BA463D46D7E6AA
:10B6A00061B101000DB101002DE9F341C4683E4EC6
:10B6B0000546346034B93D4B3D4A40F24B513D485C
:10B6C0000AF0A2F9A37923B93B4B394A40F2515110
:10B6D000F5E705F099FE0420FEF728FDD4E91512E0
:10B6E00094F82F00354FF2F77DFBF2F76BFE94F8DC
:10B6F0000780B8F1010F29D138786B68A978184410
:10B70000F2F7AEFD014688B9A3789A071BD5D4F8A5
:10B71000EC00CDF8008004F5947304F58072F2F724
:10B72000D7FA2046FFF7FAFD054690B304F19C00D6
:10B73000FEF708FDF2F790FB0020FEF7F7FC002370
:10B740003360012525E0F2F7F5FAEAE7A3789B07D5
:10B7500026D50123D4F8F000009304F5807204F597
:10B7600094730021F2F7B4FA6B683878A97818441A
:10B77000F2F73EFD05460028D8D1237843F0200398
:10B780002370D4E921323D3303EB42020146F2F744
:10B79000CDF9FDF773F96066284602B0BDE8F08187
:10B7A000F2F7C8FAE0E700BF688600208DDB0200F0
:10B7B00067DC020094DB020036CA0200448C0020E1
:10B7C000406E4B6EC01AC00F70470000034B1B68E1
:10B7D0000BB1D86D7047FDF751B900BF68860020E6
:10B7E000013883B2022B09D8054B4FF4B87202FB23
:10B7F00000308379002B08BF00207047002070477D
:10B8000080860020044B186820B1D0F8B4201A605C
:10B8100002B95B60704700BF708600208378DB064A
:10B820002DE9F04104460D460AD590F83120818D6E
:10B8300000F12003BDE8F041B0F84A0005F000BD7A
:10B8400090F82F00012604F120070DB9BDE8F08122
:10B8500094F8303094F82E000344D8B2252884BFE1
:10B86000A0F12503D8B2C0F3C702224484F8300007
:10B8700092F8202000F0070306FA03F3134209D1DF
:10B8800094F83120B0FBF2F302FB13003946C0B24A
:10B8900005F094FC013DADB2D7E7000070B5044659
:10B8A000FFF70CFD94F83C3033B194F90030002BD5
:10B8B00002DB204602F0AEFA94F900302278002B29
:10B8C00005DAE379022B04BF0023A4F86A3021686B
:10B8D0007E4BB4F868000B4040F2E246102B06FBAA
:10B8E00000F640F0BD80D00740F1BA80B4F86A504D
:10B8F0000135ADB26E43B4F84A30012D2B44A4F8A3
:10B900004A3040F0AF80636FE26F1344636794F88E
:10B91000792094F87830134484F8783094F87830AB
:10B920001E2B05D9626F1F3B0132626784F87830A5
:10B930006378D90762D5B4F84A20B4F850319A42F6
:10B940005CD1E379012B17D0022B03D1B4F8483036
:10B950005A0611D4B4F86820B4F84A319A420BD18F
:10B96000B4F86A20B4F84C319A4205D1B4F86C208E
:10B97000B4F84E319A4203D0637843F00203637007
:10B98000B4F84E31A4F86C30B4F84C31A4F86A30F5
:10B9900094F8463184F83A3040F2E2467343C4F8F2
:10B9A0008430B4F84831A4F87230B4F84A31A4F8BD
:10B9B00068302046FFF71AFCB4F84801B8B1464396
:10B9C0003046FDF75FF8636F03446367FDF762F885
:10B9D00094F87830301A1844C0B21E2884F87800E1
:10B9E00005D9636F1F380133636784F87800636F8C
:10B9F000C4F88C3063786FF3000363706378DB0600
:10BA00001CD5638DB4F84A209B1A1BB2002B15DCA1
:10BA100004F12506304605F0F9FBD4F82530236201
:10BA200094F8293084F82430637884F831006FF377
:10BA3000041363700121204602F086FA294620464D
:10BA4000FFF7ECFE94F9003084F82F00002B18DA91
:10BA5000236E626F9B1A002B13DC4FF0FF3070BD1A
:10BA6000012548E73046FDF70DF8636F034463672F
:10BA7000FDF710F8301A94F87860304484F87800B4
:10BA80004CE7E379022B1FD194F83920D4F88010C9
:10BA9000606F05F00BFCB4F8682040F2712353434B
:10BAA000963B9842D9D2D4F884301030C4F888003C
:10BAB0001844FCF7E7FFA430054B1A78636F9B1A14
:10BAC0000344E3650020CAE7A420F5E71011400015
:10BAD000448C0020F8B501238371037804466FF38A
:10BAE000000303700F46FCF7C9FFE3796066022B81
:10BAF000C4F88C0060D1B4F87250FE68BB68C4F81A
:10BB0000803040F2E24000FB0565B9792220FEF763
:10BB10005DFBBB78242B054444D897F90530022BF4
:10BB200034DC002B34DD05F6C4152846FCF7AAFFEB
:10BB3000BB6803446367FCF7ADFF281AC0B21F2837
:10BB400084F8780005D1636F01336367002384F8BC
:10BB5000783094F83A30656F40F2E2405843C4F8C8
:10BB60008400FCF78FFFA53505441023E565C4F874
:10BB70008830204605F08AF8B8B9E379022B1BD14A
:10BB800039462046FFF74EFA0120F8BD032B06D0B8
:10BB9000144B154A40F69811144809F035FF05F684
:10BBA000A665C2E705F2E245BFE72046FFF776FE4D
:10BBB0000028DED00020E8E70D490A6822B90D4BC5
:10BBC0000D4A4FF4E871E7E700230B602046194661
:10BBD00001F0F0F8204603F007FA0321204602F0B6
:10BBE00041F9D1E736CA020082DC020094DB020090
:10BBF0006C860020EEDB02004ADC020010B5044631
:10BC000069B1837843F010038370436D83EA134373
:10BC100083850021FFF702FE84F82F0010BD80F815
:10BC200030100121F6E70000014B1868FFF762BAF7
:10BC3000688600207047704738B50123C37102231E
:10BC400080F83A300023A0F87230042380F83930AD
:10BC500004460D4603F03CFA0C23B0FBF3F202FB62
:10BC60001303053384F82E301D4B5A7984F83120A4
:10BC70001A681B7984F82430226205F047FA60655F
:10BC800003F026FA174BC4F8DC306B8AA4F86A304C
:10BC900020F07F40AB8AA065A4F86C302B7B84F841
:10BCA00091302B7953B92B4653F8062FC4F89320C3
:10BCB0009B88A4F897306B7984F89230298AEB8AB4
:10BCC000A4F868104A00B3EB410FC8BF93B2A4F8C0
:10BCD0006E302B8B9A42B8BF93B2A4F8703038BD47
:10BCE00050860020A9B6010038B54FF67F73038156
:10BCF000FF2380F83B304FF00853C363214BC0E96A
:10BD000028300346002585710560056480F83750AA
:10BD1000C0F8435080F89050A0F83851C0F89C50BB
:10BD200043F8AC5FC0F8B0304FF480738386164B95
:10BD3000C0F8A8501A7A8272DA79C2729A899B8AFC
:10BD40004382124B02820446C0E905334FF01B3395
:10BD5000C0E912554586A0F85050C360FFF70FFAAE
:10BD60005022294604F1E8000EF078F8012384F807
:10BD7000E8302046FFF73AFA054B1A68C4F8B420B9
:10BD80001C6038BDEDBE010050860020480148010E
:10BD9000D08A0020438A828AC18A934228BF1346F0
:10BDA000428B9A42028A10B50EBF002343830123BF
:10BDB0008A4228BF0A46018B9142044603D002837F
:10BDC000FFF7DDF90123E27A217B8A4228BF0A4688
:10BDD000E17B914218BFE273617BA27A18BF012315
:10BDE0008A4228BF0A46A17B914205D0A273204611
:10BDF000BDE8104002F0D6BF002BF8D110BD000006
:10BE0000F8B50446CC300D4605F004F906F056FEB0
:10BE1000324B1B68A34201D1FFF760F906F056FED2
:10BE200004F1B800FDF718FE2D4A1368A3421AD199
:10BE3000D4F8B4301360D4F8A80020B1FCF7F6FEB3
:10BE40000023C4F8A83004F1AC07D4F8AC60A6B164
:10BE50007368C4F8AC300BB9C4F8B070A6F1100028
:10BE6000FCF7E4FEF1E71A46D3F8B430A342FAD166
:10BE7000D4F8B430C2F8B430DDE71A4804F19C01BC
:10BE8000FDF7E4FBE378A67103F01803182B07D144
:10BE90003146204603F04EF8E37866F30413E3706E
:10BEA000E378DA0607D52946204603F043F8E3781D
:10BEB0006FF30413E37045B1022D02D123785B07C1
:10BEC00003D52946204601F0AFF80023C4F8B4306A
:10BED000054B5A681460B4345C60F8BD6886002075
:10BEE000D08A0020588500207086002038B504468E
:10BEF00003F066FDA46834B9394B3A4A40F6F811AC
:10BF0000394809F081FDA37923B9384B354A40F609
:10BF1000FF11F5E704F07CF9237813F002051BD13B
:10BF200003F00C030C2B09D194F83D10002908BF35
:10BF300013212046BDE83840FFF762BF2C4804F1CA
:10BF40009C01FDF783FB2378DB0748BFC4F88450CE
:10BF50002046FFF7A3FC08B11621EAE7237884F80E
:10BF6000340060F300032370204601F0BBFF214B37
:10BF7000C4F8DC30204604F02DFDC8B9A379012BAC
:10BF80000BBFB4F86830B4F86C3041F64C5042F254
:10BF900010700BBF584358433E250825FCF772FD2F
:10BFA000636FD4F88C209B1A834207D32946C0E7DD
:10BFB0002046FFF773FC0028DCD0CDE7204600F0D8
:10BFC000C1FFE37803F01803182B07D100212046A6
:10BFD00002F0B0FFE3786FF30413E37038BD00BFE5
:10BFE0008DDB020096DC020094DB020036CA020000
:10BFF00058850020A9B6010038B505460C4649B958
:10C000000648F1F7ADFE224629460548BDE838400E
:10C01000F2F73CB903480021F3E700BF2FB101005C
:10C020001FB2010029B1010010B5084C0020FEF735
:10C030007DF8206840B103786FF3000300F89C3B63
:10C04000FEF780F80023236010BD00BF6886002043
:10C050002DE9F041414F88B03C684FF0FF330D4669
:10C0600016460793002C5BD013881B0673D594F9F2
:10C070000130002B6FDA07AB03930DF1130302932A
:10C0800006AB01930DF11203009305AB03F010FF13
:10C09000002860D194F90930DDF81480002B42DBD0
:10C0A000362101FB03F02E4A105C023001FB032312
:10C0B000C0B284F892005A6AC4F893201B8D8DF8A0
:10C0C0001200A4F89730404604F096FB94F909005A
:10C0D000A91C03F0D7FA9DF813100698FDF73AFE55
:10C0E00020B1069994F9090003F0E2FA002108460C
:10C0F000396003F087FEB378242B25D8A37843F06A
:10C100001003A370636D83EA1343A38500212046C7
:10C11000FFF784FB84F82F0000212046FFF7DAFCAC
:10C1200008B0BDE8F08104F075FB0028DED09DF872
:10C13000123084F89230D8F80030C4F89330B8F850
:10C140000430A4F89730D1E729782046C1F3401194
:10C15000FFF754FDE0E704F05BF8E1E778860020A4
:10C16000008B0020064B1B6833B1012806D9A0F1D3
:10C1700008035842584170471846704701207047DD
:10C18000788600202DE9F04F00238DB0CDE90933EA
:10C19000B24B04901E684FF0FF3417460B941EB943
:10C1A0000020FDF7C3FF1EE0049B5B780593F1B907
:10C1B0004FF0FF3405980230FDF792FD0546002848
:10C1C00040F0C38196F90130002B09DA336830461C
:10C1D00023F0806323F4004340F8CC3B04F01AFFC3
:10C1E000F2F722F8002420460DB0BDE8F08F049B42
:10C1F00004991D780BAB03930DF1230302930AAB53
:10C20000019305F00F050DF122030093284609ABB9
:10C2100003F04EFE04460028CAD185B1012DC7D1D6
:10C220009DF823100A98FDF795FD10F0FF0506D143
:10C230009DF823100A98FDF727FE0028B8D0DDF8F6
:10C2400024909DF822B004F0E5FA9DF82210824671
:10C250000998FDF77FFD002800F0AC8003F086FA16
:10C26000002800F0A78005F067FAB0F100087BDB3A
:10C270003A880A9842F480623A803624784A86F8EE
:10C28000098004FB08F4111904F1240991F801C094
:10C2900012F804B055EA0C03914451D110B18A78D8
:10C2A000002A85D10124BAF1000F66D022465946F2
:10C2B000484605F053F800283FF47AAF3A8842F038
:10C2C00040023A803946059A304604F041FC002885
:10C2D0007FF46EAF04F09AFA8146B8789DF8221088
:10C2E0002528DDE909A234BF0524252409B144F03D
:10C2F000800409F1010B002A00F0E98011689DF823
:10C300002330C9F801109288ABF804200BB144F037
:10C310004004DAF80030C9F80730BAF80430A9F858
:10C320000B3089F8004000213046FFF765FE0446D7
:10C33000002800F0FF8006F1CC0004F06BFE39E726
:10C340000028AFD0002DADD0211D114403F0DEF93F
:10C3500000283FF42DAF424A0A992A34A0181259F6
:10C360000A6082888A809DE7BAF1000F7FF420AFCF
:10C370000A9A12B1002D7FF41BAF384AD2F8009010
:10C38000B9F1000F3FF414AF99F89220022A00F09F
:10C390008F8051D9032A7FF40BAFB8F1000FFFF65D
:10C3A00007AF36242E4A04FB08F4115D01297FF4FF
:10C3B000FFAE89E00A9B3BB345B99DF8221009986E
:10C3C00002F09EFF804630B965B1F1E603F0CEF988
:10C3D0000028F2D1ECE645B942781AB98378002BEF
:10C3E0007FF4E6AE4FF0FF385DE7011D0A9803F0D9
:10C3F0008DF900283FF4DCAE43460A9A53F82A1F11
:10C4000011609B889380EDE79DF822100998FDF755
:10C41000A1FC80460028E5D19DF82210099802F081
:10C420006FFF04460028DDD042781AB9C478002C8A
:10C43000D8D0BDE64446D5E79DF822A0099C5146D8
:10C440002046FDF792FC68B9B8F1000F99F89210F8
:10C4500019DA8A457FF4ACAE04BBA9E678860020E1
:10C46000008B002003F082F90028EDD051462046D1
:10C4700002F046FF0028E7D04278002AE4D1C278D3
:10C48000002AE1D094E63622354802FB08F210F883
:10C4900002C08C45DDD102F124040444062209F1D6
:10C4A000930120460DF0A4FC00287FF481AE05E73F
:10C4B000B8F1000FFFF67CAE3624294A04FB08F4DD
:10C4C000115D00297FF474AE24341444E6E7254A54
:10C4D0001368069393F89100C3074ABF224F234F76
:10C4E00044F0400401281AD950460791FDF732FC68
:10C4F000079978B1B8F1000F11DB1949362000FB1C
:10C50000081083785BB15A46012144F0400403F0DF
:10C510007DF8FEE6504602F0F3FE0028F1D13B68BC
:10C52000C9F80130BB88069AABF80430012382F8C1
:10C530009030EEE60A9B1BB115B9012386F89030C6
:10C54000737843F08003737034E601460498F1F782
:10C5500099FA2846FDF7DCFC002C3FF444AE1FE6B8
:10C56000008B002078860020388500203E85002042
:10C5700038B504460D4606F0A1FA094B1B68A342E4
:10C5800007D006F0A3FA29462046BDE83840FFF759
:10C5900037BCFEF7A3FD06F099FA03F039FEF2E787
:10C5A0006886002038B5144D2C680CB901200DE0C8
:10C5B000636D8B420BD00020FDF7B8FD04F19C00A9
:10C5C000FDF7C0FD00232B604FF0FF3038BDA3887E
:10C5D000C3702378022243F00103A2719A062370EC
:10C5E000E4D56FF3451323708368C4F88030636724
:10C5F000C36884F87830D9E7688600202DE9F843CD
:10C600000B880F461906054606D43E4B3E4A40F6B7
:10C6100038613E4809F0F8F9F878FFF7E1F8044688
:10C62000E8B1FEF74BFE2B681E7816F0030816D013
:10C6300093F80190B9F1000F02D1B8F1010F0ED1BA
:10C6400094F8E820E379052A0ED9012B0ED128466B
:10C6500001F0CAFA60B93D212046FFF789FF28465C
:10C66000BDE8F843FCF7E2BA022A01D9022BEED06A
:10C670003B792372E379022B05D1720742BF2378FD
:10C6800043F01003237094F8353006F00806B342E7
:10C69000E5D0B8F1010F84F8356002D1B9F1000F8F
:10C6A000DDD03B889B06D6D4B8F1030F05D12946CF
:10C6B0002046BDE8F84301F061BC6B79072B98BFB9
:10C6C000002305F110021A442B689B1A9BB2012B20
:10C6D00004D80F4B0C4A40F6A9619AE7022128467C
:10C6E000FCF734FC2E68A188304641EA0831FCF79B
:10C6F000A3F8B01C4946FCF79FF82846BDE8F8436C
:10C70000FBF7CEBF03DC0200ACDC020094DB0200CE
:10C7100028DC02002DE9F04F0D889A4B90F800803C
:10C720001C6890F801A015F0800585B006460F46FC
:10C7300000F021810AF10200FDF7D2FA0546ECB1C2
:10C74000BB68D7F80C90019301215046FDF73EFDE0
:10C750003B881A06814414D494F834300133DBB298
:10C76000012B84F8343009D8E379012B40F0E380C1
:10C770006378C3F38013002B40F0E4804FF0FF3761
:10C7800085E04FF0000B84F834B04846FCF77AF9A6
:10C79000019B184418F00303C4F88C000093EDD0FB
:10C7A00084F83680032B08BF96F802B02DB118F03C
:10C7B000080F94F8333018D0CBB9627894F832303F
:10C7C00012F0200208F0040002D1D4F8A81029B316
:10C7D00010B31BBB83F0010384F83230002A3BD036
:10C7E00063786FF34513637018E0002BE5D183F095
:10C7F000010384F83330A3789B07DED5337803F048
:10C800000303012B02D17378002BD6D0D4F8F0307B
:10C810000133C4F8F030D0E7002BDBD1009B032BB1
:10C820000CD1BBF1020F09D1BAF1020F06D1237866
:10C8300043F004032370F37884F83D30E379012B4F
:10C8400079D1637808F0100803F0400353EA080335
:10C8500014BF012300238EE7D4F8A870002FDDD089
:10C8600094F8E93023B1D4F8EC300133C4F8EC305B
:10C87000FB7E03F00303032B19D100233846C4F8D1
:10C88000A830214601F0A7FE07460028C6D03DB1DA
:10C8900030462946F1F7F6F82846FDF739FB17B17F
:10C8A0002046FEF727FC384605B0BDE8F08F7A7EBB
:10C8B000B97E3B8A0A44D2B29A427A7614D361B1E5
:10C8C000B4F84C3001339BB2022BA4F84C3004D99D
:10C8D0002D49A1F15000FCF763FE3846FCF7A6F99C
:10C8E0000023C4F8A83099E70121208BCDE9022369
:10C8F000FDF770FCDDE90223991AA37BC9B28B42D4
:10C9000028BF0B46984228BF1846B87686E702F142
:10C91000100025E00121FDF759FC0746608B019BC3
:10C9200000F596708144A8EB0300FCF7B3F84F4480
:10C93000B8427FF623AF2046FEF7F0FC0746002DF5
:10C94000A6D1ACE72046FEF733FCD4F8A8208046F9
:10C95000002ADCD1D4F8AC000028DBD0A0F1100212
:10C960000378507E1B1AA07BDBB298424FF0010186
:10C9700028BF1846CFE7002C7FF4E2AE4FF0FF3718
:10C980008EE700BF68860020A8850020032A08BF24
:10C990009BB270B504BFCB800B8200230B83CA7699
:10C9A0000C4690F8E8100229054604F110060DD84F
:10C9B00006F084F8002344F8143FD5F8B0301E6028
:10C9C000C5F8B040BDE8704006F080B802F0030240
:10C9D000032AEDD123681B78023B0F2BE8D801A274
:10C9E00052F823F02BCA010043CA010043CA0100D8
:10C9F0002BCA01002BCA0100B1C90100B1C9010055
:10CA0000B1C90100B1C9010025CA0100B1C90100C5
:10CA10002BCA0100B1C90100B1C90100B1C90100AF
:10CA20002BCA0100C379012BC2D106F047F8D5F813
:10CA3000AC30636113B91434C5F8B040C5F8AC60CC
:10CA4000C0E70629F0E700BF70B50446C1F30B004C
:10CA50001546FEF7C5FE58B111F4405FEBB2214612
:10CA600008BF0222BDE8704018BF0122FFF78EBF49
:10CA70002046BDE87040FCF7D9B8000070B50D4CF9
:10CA80000646052220460D460DF0B2F938B1667112
:10CA90002B6823602B792371074B1C6804B970BD88
:10CAA000E179012902D1204601F0DCF9D4F8B44043
:10CAB000F4E700BF50860020D08A00202DE9F84F0F
:10CAC000654F3C6805468A469046994600F1020B40
:10CAD000002C40F09C80FEF795FE0446002800F0F4
:10CAE000A58005F10E00FBF7C7FE6065B5F81320C1
:10CAF000AB7C43EA0223A3656B7D84F83A3005F1F1
:10CB00001600FBF7B4FEA4F8720005F11800FBF75D
:10CB1000AEFEA4F8680005F11A00FBF7A8FEA4F821
:10CB20006A0005F11C00FBF7A2FE2B46A4F86C007E
:10CB300053F81E2F2262014604F120001B79037175
:10CB400095F82330B4F8686003F01F0384F82E30A2
:10CB500095F823305B0984F83930B4F87230B34269
:10CB600076D8B31F9BB240F67A42934270D894F8BD
:10CB70003A20002A6CD0B4F86A30B3F5FA7F67D255
:10CB800042F2107C0CFB01F103FB066340F6C41C6F
:10CB90000CFB03F399425BD9013E082E28BF0826FF
:10CBA000964255D3DBF80030C4F89330BBF804301C
:10CBB000A4F8973084F892A004F028FB012884F8A8
:10CBC000310045D90223E3712046FFF78DF8B9F112
:10CBD000000F33D12978C1F340112046FFF70EF83A
:10CBE0001E4BC4F8DC3041462046FEF773FFF0B917
:10CBF0003B68D4F8B420A34222D13A600023C4F8A1
:10CC0000B430174B5A681460B4345C600FE00622ED
:10CC1000594604F193000DF0EBF860B92A7894F8C6
:10CC20009230520603F0010303D523B10020BDE882
:10CC3000F88F002BFAD0D4F8B44049E70121CCE7B3
:10CC40001946D3F8B430A342FAD1C1F8B420D5E7DD
:10CC50000020C4F8B400D4E7D08A0020A9B60100AF
:10CC600070860020F8B5274B186818B100211960AC
:10CC7000FFF7C6F8244C206818B1FBF751FD0023DC
:10CC80002360224B224C00221A60206818B1002138
:10CC9000FFF7B6F8F9E7F1F783FBFB28064628BF54
:10CCA000FB26F6B21B4D371D044601213846EE71B6
:10CCB000FDF78CFA0121A8823846AE71FDF786FA9D
:10CCC0001B2C28BF1B24E4B22C720434688201217F
:10CCD0002046FDF77BFA0121A8812046FDF776FA70
:10CCE0000321E8812046FDF771FA1B236B724FF494
:10CCF000A4736B814FF0FF332B6042F21F532882E5
:10CD0000AB80F8BD688600206C8600207886002005
:10CD1000D08A002050860020F8B5124D124B002416
:10CD2000C5E900451C60114B274603264FF4B87235
:10CD3000184600210DF092F801346A68C0F8B4700A
:10CD4000A4B28480032C106000F1B4026A6080F801
:10CD5000CC60C0F8D80000F5B873E7D1BDE8F84062
:10CD6000FFF780BF70860020D08A002080860020D8
:10CD7000884210B51BD8052819D9B1F5486F16D8C7
:10CD8000B2F5FA7F13D2A3F10A0080B240F67644DE
:10CD9000A0420CD842F2107402FB011240F6C410FB
:10CDA00063435043834294BF1220002010BD1220E1
:10CDB000FCE700002DE9F04105460E469846144672
:10CDC0002AB94F4B4F4A50488E2108F01DFE0A20C9
:10CDD00001F054FF074600285DD03E231F22237038
:10CDE00062700021A01C0DF039F80A23A370E670D0
:10CDF000002D43D0AB88A380EB79013BA37195F85C
:10CE00009230E3712B4653F8932FA2609B88A38145
:10CE1000EB79012B37D195F890305BB995F89130CB
:10CE2000012B07D903F0E4FC20B10368C4F80E30ED
:10CE30008388638295F89230012B06D895F90930E2
:10CE4000002BA2BFE3790233E371E379012B08D908
:10CE5000EB79012B1BD103F0C7FC03686361838866
:10CE60002383B5F868306383B5F86A30A383B5F8D7
:10CE70006C30E38395F8393084F820302046BDE8E3
:10CE8000F04101F0F1BB4046FEF7EAF8CCE740463E
:10CE9000FEF7F9F8E1E7012001F0F0FE50B33E2380
:10CEA0001322237062703946A01C0CF0D7FF0123B7
:10CEB000A370E670002DE1D0AB88A380EB79013B35
:10CEC000A37195F89230012B88BF023BE3712B468A
:10CED00053F8932FA2609B88A381B5F86830E38153
:10CEE000B5F86A302382B5F86C30638295F8393032
:10CEF0002375C3E72046BDE8F041FBF711BC00BF36
:10CF0000C4DC0200A6DD0200CADC020010B5094C38
:10CF1000226832B9084B094A094840F2324108F008
:10CF200073FD002318460221FFF744FF002323600E
:10CF300010BD00BF6C86002028DD0200E2DD02008B
:10CF4000CADC02002DE9F041044620B306F046FC9D
:10CF5000334B1B68C01AB0F5006F1CD2B4F84C30CC
:10CF6000002B5AD00220FBF7B5FB002855D0132226
:10CF7000027001228270A288A0F80320B4F84C202D
:10CF8000A0F80520052242700023A4F84C30BDE82B
:10CF9000F04101F069BB234B00251C682846A846D8
:10CFA0002E4601273CB9B0B301F05EFB06F016FC3B
:10CFB0001B4B186031E0A37953B3B4F84C3013B96C
:10CFC000D4F8AC3023B348B90220FBF783FB10B38D
:10CFD00013230370477000F10208867098F8003040
:10CFE000A18808EB83020133A2F80110B4F84C10B9
:10CFF000A2F803104278DBB20432112B427088F899
:10D000000030A4F84C6003D101F02EFB0125002074
:10D01000D4F8B440C6E7002DC8D1BDE8F08100BF08
:10D0200018590020D08A002038B5054605200C4646
:10D0300001F04CFE88B10220FBF74CFB68B10522E1
:10D0400002700422427000228270AA884471BDE8F6
:10D050003840A0F8032001F007BB38BD30B589B0D7
:10D060000D4604461A22002101A80CF0F7FE182DE7
:10D0700002D8122009B030BD474D2B680BB10C20EF
:10D08000F8E703F0ABFB0028F9D12388ADF80430B2
:10D0900099B26388ADF806309AB20B1F9BB243F683
:10D0A000FC708342E5D8131F9BB28342E1D89142C2
:10D0B000DFD323798DF80830012BDAD863B963798F
:10D0C0008DF80930032BD4D8234653F8062FCDF81A
:10D0D0000A209B88ADF80E30237B8DF81030032B8F
:10D0E000C7D8B4F80D00ADF81200B4F80F10ADF8C1
:10D0F0001410B4F81120ADF81620B4F81330ADF8C0
:10D10000183092B29BB289B280B2FFF731FE00288C
:10D11000B0D1B4F81530ADF81A3099B2B4F8173070
:10D12000ADF81C309AB29142A3D81C4C236823B9A5
:10D130000220FBF7CFFA50B32060FEF763FB0446F2
:10D1400038B301A9FEF778FD2046FEF7CDFD04F5C2
:10D15000B67101A803F016FBB8B11149D4F8B42098
:10D160000B68A34209D10A600023C4F8B4300D4B08
:10D170005A681460B4345C607CE71946D3F8B43064
:10D18000A342FAD1C1F8B420EEE72C6072E7072081
:10D1900070E709206EE700BF788600206C860020CB
:10D1A000D08A002070860020022938B50C4625D18F
:10D1B0000088FEF715FB054610B3C378DA0601D5E3
:10D1C0000C2038BD1B070BD4B0F8483013F008040E
:10D1D00006D1C379022B09D00321284600F042FE74
:10D1E000EB7843F01003EB700020EAE7FCF7B6FFA2
:10D1F000234600F008021343EED1E1E71220E0E7F6
:10D200002046DEE7F8B507880546B8B2FEF7E8FA2B
:10D210000446002850D0B0F8483003F04103002BFA
:10D220004CD190F83F6016F0020604D1C379022B6E
:10D2300002D11A253EE0062623785A060BD5E2795C
:10D24000022A3DD06FF3861394F8381023702322FE
:10D25000204601F09DF96378DB0602D5E379022BC5
:10D2600030D06B88A4F83A3198B2AB88A4F83C313E
:10D2700099B2EB88A4F83E31B5F808C0A4F840C1D3
:10D280009AB21FFA8CF3B5F80AC0A4F842C1AD896E
:10D29000A4F844511FFA8CFE1FFA85FCE64513D80A
:10D2A000FFF766FD054628B9A4F8387131462046D7
:10D2B00000F0D8FD2846F8BD0225FBE70C25F9E76C
:10D2C0002325F7E72A25F5E71225F3E70E292DE9AF
:10D2D000F047054690461F4674D1B0F80090FCF721
:10D2E0003DFF002300F0020213431FFA89F465D0CA
:10D2F0002046FEF775FA0446002861D083882A8804
:10D30000A0F838319A4206D02F4B304A304840F2CC
:10D31000073108F079FB6888A4F83A01A988A4F8D5
:10D320003C11EA88A4F83E212B89A4F84031B5F8D5
:10D330000AC0A4F842C1AD89A4F844519BB292B28C
:10D3400089B280B21FFA8CF6FFF712FD1FFA85FA38
:10D35000054650BB564588BF122523785B061DD570
:10D360002DBB10211B20FBF749FC064690B1D0F8DD
:10D3700000A004F5A9725146204600F084FC154B2C
:10D380008AF800001B5C0133DBB2032231462046E1
:10D39000FFF7FCFA23786FF3861323700223A8F8B3
:10D3A00000903B702846BDE8F0871225D5E794F839
:10D3B00038103B22204601F0EBF8EBE70125EDE7C2
:10D3C0000225EBE71225EDE73EDD0200C2DD02009B
:10D3D000CADC020030DF020003292DE9F843804651
:10D3E00016461D4629D10788FCF7B8FE4FF0000904
:10D3F00000F002024B461343BCB218D02046FEF7A1
:10D40000EFF90446A8B1017811F0400113D098F863
:10D41000022090F8381001F0BBF8237869F38613E6
:10D4200023704846022337802B70BDE8F883012023
:10D43000F8E70220F6E70846F4E71220F5E70000D7
:10D4400070B5054605F03AFB0A4B1E687EB1B4790B
:10D450006CB901201C6002F0D5FC02213046FEF7B9
:10D46000CFFC054B2B6005F031FB204670BD0C2432
:10D47000F9E700BF788600200DCF010038B50546DA
:10D480000088B0F5706F0AD2AB781A2B09D8042B3C
:10D4900005D9012202FA03F3124A134205D11220E0
:10D4A0001AE0292B01D03B2BF9D1FEF799F9A0B155
:10D4B00090F83C409CB990F90020002A06DA0A4B0B
:10D4C0000A4A0B4840F2874108F09EFAAA7880F891
:10D4D0003C2000F09FFC204638BD0220FCE70C20D9
:10D4E000FAE700BF2000380474DD02000DDE020000
:10D4F000CADC0200022910B50C4617D10088FEF7DD
:10D500006FF958B1B0F8482012F0100110D14478EA
:10D5100014F0040404D1042100F0A4FC204604E02B
:10D5200042F01002A0F84820084610BD1220FCE787
:10D530000C20FAE70229F8B50C4615461E460FD115
:10D540000088108080B2FEF74BF930B190F90830B6
:10D550000020AB7003233370F8BD7F232046F8E72B
:10D560001220F9E70229F8B50C4615461E4621D1CE
:10D570000788B8B2FEF734F9AB1C38B9C5F8020019
:10D580001871204607232F803370F8BD417811F0C1
:10D59000100107D050F8252FC5F8022002791A7122
:10D5A0000020EFE750F8202FC5F8022002791A7109
:10D5B0000846E7E71220E8E7052938B5054601D017
:10D5C000122038BD03F022FE0128F9D92B7913F07F
:10D5D000E004F5D12946FFF751FA2046F1E7062984
:10D5E0002DE9F047054617461E462CD1B0F80090AD
:10D5F0001FFA89F0FEF7F4F8044610B3B5F802807C
:10D60000AD8840461FFA85FAFCF794FB30B912202A
:10D610000223A7F800903370BDE8F0875046FCF76E
:10D620008FFB0028F3D0238A534502D1A37A4345C8
:10D6300005D0258284F80A80204600F03DFC0020B9
:10D64000E6E70220E4E71220E6E71C2938B50546A4
:10D6500024D10088FEF7C4F8044608B3C379022B2E
:10D6600020D090F83B30022B1ED0D5F80220D5F800
:10D670000630C0E93E23EA7AAB7A43EA0223A0F8F7
:10D68000EA30102205F10C0100F58470FBF70BF96C
:10D690002046022100F0E6FB002038BD1220FCE706
:10D6A0000220FAE71F20F8E70C20F6E712292DE9FF
:10D6B000F041054617461E4627D1B0F800801FFAF4
:10D6C00088F0FEF78DF80446C8B1C379012B18D055
:10D6D00090F8E830092B16D11022A91C00F58470AF
:10D6E000FBF7E1F8204600F076FA204600F0ACFAAD
:10D6F00000200223A7F800803370BDE8F0810220EB
:10D70000F7E71F20F5E70C20F3E71220F5E70229E1
:10D710002DE9F0410C4617461E4622D1B0F8008094
:10D720001FFA88F0FEF75CF80546A0B1C379012B1B
:10D7300013D090F8E830092B11D10622032100F014
:10D7400027FF0A2385F8E83000200223A7F800808D
:10D750003370BDE8F0812046F7E71F20F5E70C2085
:10D76000F3E71220F5E780682221FEF701BFF8B544
:10D77000B0F84A50B0F86A301D44073504460E46EA
:10D78000ADB2002A5CD09089B2F802C04FF6FF73A8
:10D79000984253D0B4F86810B2F80AE040F2E24779
:10D7A00007FB0CF379434743AEEB050010F4004F41
:10D7B0003AD101FB0077B7FBF3F103FB117340F2A1
:10D7C000E241B3FBF1F3A4F84831D388A4F84E3119
:10D7D0009388A4F84C31A4F84AC1012384F8463157
:10D7E000304694F84631A4F8505100F8013BB4F8A3
:10D7F0004811FBF721F8B4F84A11F01CFBF71CF8AC
:10D80000B4F84C11701DFBF717F8B4F84E11F01D69
:10D81000FBF712F8294606F10900FBF70DF86378CB
:10D8200043F001036370F8BDA5EB0E004843C01B35
:10D83000B0FBF3F103FB11001B1AC0E70023C2E7A2
:10D84000B0F83C31A0F84A31B0F84031A0F84E3180
:10D85000B0F83E31A0F84C31A0F8482190F83A30A9
:10D86000BCE738B50C460546C17A601CFAF7E4FF00
:10D87000698AE01CFAF7E0FFA97A601DFAF7DCFF7D
:10D88000298AE01DBDE83840FAF7D6BF2DE9F843F4
:10D8900005460C46164601F1020901F104088F1DE8
:10D8A000002A3DD011882046FAF7C6FF7188484605
:10D8B000FAF7C2FFB1884046FAF7BEFFF188384652
:10D8C000FAF7BAFF00232372B5F84A1004F10900F1
:10D8D000FAF7B2FF04F10B004FF6FF71FAF7ACFF55
:10D8E00004F10D004FF6FF71FAF7A6FF04F10F00E7
:10D8F0004FF6FF71FAF7A0FF04F111004FF6FF7128
:10D90000FAF79AFF04F113004FF6FF71FAF794FF4C
:10D9100004F115004FF6FF71BDE8F843FAF78CBF2C
:10D92000B0F8383133B90C4B0C4A0D4840F25A610B
:10D9300008F06AF8B0F83A112046FAF77DFFB5F81A
:10D940003C114846FAF778FFB5F83E114046FAF721
:10D9500073FFB5F84011B2E72CDE0200C7DE02000B
:10D960003DDE02002DE9F04104460E461B20102149
:10D97000FBF744F90746E0B1056805F10108082EF8
:10D9800000F29080DFE806F00518683845565B9590
:10D990006200002241462046FFF7E9FE0026474B81
:10D9A0002E709B5D0133DBB2032239462046FEF721
:10D9B000EDFF3846BDE8F081414B1A68C5F80120FB
:10D9C0001B7988F80430D8F80030C4F8253098F86E
:10D9D0000430B4F84A1084F82930B4F86A30194495
:10D9E000073189B26185A81DFAF726FF637843F0F5
:10D9F000100363700126D2E7E379012B0CBF0826E0
:10DA00000E26FCF7ABFB02460B464046FAF720FF1A
:10DA1000C5E7637843F00403637009236B704FF626
:10DA2000FF71A81CFAF708FF0021281DFAF704FF70
:10DA30000C26B4E794F83C306B700226AFE7002266
:10DA400041462046FFF722FF0F26A8E72946204639
:10DA5000FFF707FF1426A2E794F8E830022B2AD03C
:10DA6000D4E93E234046FAF7F3FE04F59076B4F885
:10DA7000EA1005F10900FAF7DFFE0821304601F04F
:10DA8000EFFA3146082205F10B00FAF70CFF0421EA
:10DA900004F5807001F0E4FAD4F80031C5F81330D1
:10DAA00003267CE7074B084A08484FF40D6107F04E
:10DAB000ABFF122673E70A2671E700BF30DF0200D2
:10DAC0005086002036CA0200E7DE02003DDE02007A
:10DAD0002DE9F041044608460D46FAF7C8FE074610
:10DAE000A81CFAF7C4FE8046281DFAF7C0FE0646B9
:10DAF000A81DFAF7BCFE1A2F12D9B8F5A47F0FD3D0
:10DB00001A2E0DD9B0F5A47F0AD3A082A4F81680EE
:10DB1000204667732673FEF73DF90020BDE8F081CB
:10DB20000120FBE702380F280BD8DFE800F00808D7
:10DB30000808080A0A0A08080A080A0A0A08012046
:10DB4000704700207047000007B50346064A0749A2
:10DB5000B8300190FBF7FCFE01984FF4204103B070
:10DB60005DF804EBFBF724BF67D701005885002060
:10DB700070B50E2B16460446C2790D4627D1012AF0
:10DB800027D1FCF7EBFA2A7884F83F200B4655F8AA
:10DB9000011F2164A988A4F84410A979E57884F8C4
:10DBA0004610290758BF25F0280502EA000258BF91
:10DBB00045F0280584F83F2058BFE5700246701CE8
:10DBC000FAF746FE94F83F307370092070BD022AC0
:10DBD000D6E70720FAE710B500F58474204603F075
:10DBE00007FD0028FAD110BD02681378507803F0C1
:10DBF0000303032B02D19078FFF794BF012B06BFDC
:10DC0000B0FA80F0400900207047C27A837A02F0AF
:10DC10000302032A04D150F8103C1878FFF782BFA2
:10DC2000012A06BFB3FA83F0400900207047C37E83
:10DC300003F00303032B05D103681878831F5842B0
:10DC4000584170470020704710B5102104461B2032
:10DC5000FAF7D4FF014698B1036805221A702046EE
:10DC600001230322FEF792FE94F83B30FF2B05D1EF
:10DC7000022384F83B302046FFF766FF002001E0D6
:10DC80004FF0FF3010BD08B5C379022B01F101013F
:10DC900003D1FFF7FBFD102008BDFFF768FD002052
:10DCA000FAE7F7B5044608460D4617461E46FAF74A
:10DCB000DEFDA4F85201A81CFAF7D9FDA4F854011E
:10DCC000281DFAF7D4FDA4F85601A81DFAF7CFFDD8
:10DCD000A4F858012B7A84F85A3105F10900FAF7B3
:10DCE000C6FDA4F85C0105F10B00FAF7C0FDA4F82D
:10DCF0005E0105F10D00FAF7BAFDA4F8600105F127
:10DD00000F00FAF7B4FDA4F8620105F11100FAF76B
:10DD1000AEFDA4F8640105F11300FAF7A8FDA4F81C
:10DD2000660105F11500FAF7A2FDB4F85831A4F820
:10DD30006801B4F85621B4F85411B4F85201FFF751
:10DD400017F8002855D10F2E04F5A97215D1B4F893
:10DD50006830B4F8521199420FD8B4F8541199426E
:10DD60000BD3B4F86C10B4F85831994205D1B4F81B
:10DD70006A10B4F85631994236D0E379022B01D0BB
:10DD8000102E1ED1B4F83831DBB1B4F85231B4F8EA
:10DD90003A01834215D3B4F83C118B4211D8B4F840
:10DDA000543198420DD899420BD3B4F85611B4F8B7
:10DDB0003E31994205D1B4F85811B4F84031994236
:10DDC00012D00620019200F059FFB8B1019A204606
:10DDD000114601F00BF8237884F8386043F04003D3
:10DDE0002370FF2003B0F0BD39462046FFF74BFFFC
:10DDF000F8E71E237E70BB701120F3E71A23F9E7C2
:10DE000000F00300032803D18B1E5842584170478D
:10DE10000020704770B590F83C30044633B90E4B83
:10DE20000E4A0F4840F6181107F0EEFD0521FFF7E6
:10DE300099FD80B1237843F080032370B4F86C30EF
:10DE400042F210765E43FAF719FE05463046FAF7BD
:10DE500019FE2844206670BD97DE0200FDDE020038
:10DE60003DDE0200052938B504460D4606D10F4BAC
:10DE70000F4A104840F6341107F0C6FD90F83B30C9
:10DE8000FF2B09D1FFF76EFD30B1012D84F83B5017
:10DE900002D02046FFF758FE012101FA05F5B4F83B
:10DEA00048100D43A4F8485038BD00BFB6DE02004C
:10DEB00019DF02003DDE020090F83F309B0610D5CE
:10DEC000837A1B2B0AD8C37A1B2B07D8038AB3F596
:10DED000A47F03D8438AB3F5A47F02D90821FFF7B2
:10DEE000C1BF704738B590F83C5004463DB190F939
:10DEF0000030002B21DBBDE83840FFF78BBF90F8E6
:10DF00003B30FF2B19D1B0F84830B3B1B4F84830EA
:10DF10002B41DA070ED5042D10D163781B070DD5E0
:10DF20000021204601F02CF8B4F8483023F010030B
:10DF3000A4F8483001350C2DE8D138BD29462046DB
:10DF4000BDE83840FFF78EBF38B590F83B308B42C4
:10DF500004460D4605D1B830FBF77EFDFF2384F85B
:10DF60003B300121A940B4F8485025EA0105A4F846
:10DF700048502046BDE83840FFF7B4BF2DE9F84FC0
:10DF80000E68DFF808967378B778013B222F0446B5
:10DF90008846DBB200F2EE8219F807209A4240F080
:10DFA000E982FB1E192B53D8DFE803F023522352DA
:10DFB0005252522352525227252552215229521E83
:10DFC00052521B52520D4FF00075FCF7C7F8284013
:10DFD0003ED1032F15D04FF0000A4FF0000B07255C
:10DFE0001FE04FF48035F0E74FF41065EDE71025A2
:10DFF000EBE70125E9E70225E7E70825E5E7202526
:10E00000E3E794F83FA01AF0040A4FF01A031FBF89
:10E0100082467770B370D34611BF11257370D34613
:10E020000D2519F805303570072D03F1010308BFE0
:10E030007770DBB2032241462046FEF7A7FCBBF116
:10E04000000F00F0B58002212046FFF78BFCAFE007
:10E0500006F1010BF51C152F00F29280DFE817F096
:10E060001600540090007801B001CB01DA01B40031
:10E070000E011601F80109023F01580276011B0248
:10E08000450258028D02160270008C00E379012BC4
:10E0900000F0BE81F37884F84631301DFAF7E7FBD3
:10E0A000A4F84801B01DFAF7E2FBA4F84A0106F112
:10E0B0000800FAF7DCFBA4F84C0106F10A00FAF7B5
:10E0C000D6FBA4F84E0106F10C00FAF7D0FBB4F829
:10E0D0004A30A4F85001C31A9BB247F6FE7293422D
:10E0E00004D928212046FEF743FA0BE0627842F07B
:10E0F0000102627033B90130A4F8483184F8463126
:10E10000A4F85001FF259CE0E379012B00F0808109
:10E1100006F10800FAF7ABFBB4F84A30C31A9BB219
:10E1200047F6FE729342DCD860852B68C4F8253030
:10E130002B7984F82930637843F010036370E1E7AA
:10E1400029462046FFF7C4FC8346002840F012828F
:10E1500094F83B30082B07D0B4F84830DA0544BFB8
:10E1600023F48073A4F8483031462046FFF779FB4A
:10E170004FF0000A152554E794F83B30082B02D0E5
:10E180004FF0000A11E029462046FFF7A1FC0821C4
:10E1900000288246204616BF4FF0FF3AFF2507258C
:10E1A000FFF7D2FEFF2D40F05F814046FAF73EFDBB
:10E1B000E3789A0605D56FF34513E3702046FFF721
:10E1C0007BFE5046BDE8F88FF57895B10E3DEBB279
:10E1D000062B40D8062D3ED8DFE805F01A223F3D39
:10E1E000353D040094F83F3023F0200384F83F309D
:10E1F000082594F83B30AB4284D129462046FFF7EE
:10E20000A3FE062D2BD11A21204600F014FE79E73B
:10E2100094F83F3023F0080384F83F300325E8E703
:10E2200094F83F3023F0020384F83F30E379012B68
:10E2300013D10022594620460025FFF798FA84F8AA
:10E240003750EDB27DE094F83F3023F0100384F8AE
:10E250003F303D46CDE70C25CBE70625C9E7032D2A
:10E260007FF450AFE378DB0603D51A21204600F097
:10E2700061FEE3786FF30413E37043E7082332464B
:10E2800029462046FFF774FCC5B25AE0F37884F8BB
:10E290003F3056F8043F2364B388A4F84430B37980
:10E2A00084F84630E3781E075EBF23F0280343F06E
:10E2B0002803E370B4F848301D0703D50321204636
:10E2C000FFF742FEE378D8067FF55AAF00212046DB
:10E2D00000F030FEE3786FF30413E37050E7F37857
:10E2E00084F83E30351D2846FAF7C1FAA4F84E00EE
:10E2F000B01DFAF7BCFA6378A4F8500043F00803A5
:10E3000013F0040A63701FD143F004036370092300
:10E3100073704FF6FF71B01CFAF78EFA284651461B
:10E32000FAF78AFA3D46B4F8480010F0100000F001
:10E330001F810021204600F023FE04212046FFF724
:10E3400003FE4FF0000A2DE7FF25ECE70E2396E7CA
:10E35000E379022B7FF43FAE03234FF0000AA4F8C9
:10E36000E8302846C4E93BAAFAF788FAC4E93E0136
:10E3700006F10B00FAF77BFA0822A4F8EA0006F18E
:10E380000D0104F59070FAF78EFA04F58C75D6F845
:10E390001530C4F800310821284600F061FE2946F6
:10E3A00058460822FAF77FFA042104F5827000F03B
:10E3B00057FED4F80431C6F80930D346042530E6B8
:10E3C00094F83B30022B7FF4DBAE0027082229466D
:10E3D00004F58C70C4E93B7784F8E970FAF763FAC6
:10E3E000D6F80B30C4F804312046FFF7F4FB0723BE
:10E3F00084F8E830C4E6E379012B09D194F8E830D9
:10E40000072B7FF47FAE082384F8E830062518E751
:10E41000072516E794F8E830082B7FF4B1AEE379CE
:10E42000012B0CD102212046FFF78EFD022384F838
:10E43000E830FF250021204600F01FFD01E794F899
:10E440003B10022902D12046FFF77EFD0625F1E7A9
:10E45000E379022B0BD194F8E830022B14BF072587
:10E460000B25EDB24FF0000A4FF0000BD9E5072560
:10E47000F7E794F807B0BBF1010F00F0838094F840
:10E48000E830052B7FF4A7AD0623B1E7072120462E
:10E49000FFF75AFD74E62378590637D4B4F84830AC
:10E4A0005A060AD5E379022B11D106212046FFF73F
:10E4B0004BFD2321204600F0BEFCE379012B0CD15B
:10E4C0006378DB0609D50F2373702A2302E00F233C
:10E4D00073702323B3701120D6E60F2332462946EA
:10E4E0002046FFF7DEFBC0B2CEE6E379022B0BD06D
:10E4F0002378580644BF6FF386132370B4F848306E
:10E50000590603D51023E9E70720BDE6FF20BBE647
:10E5100094F83B100D2F0CBFF578357906290DD0F6
:10E520000829B4D002297FF42BAE2046FFF70CFD5A
:10E530002946204600F0A1FC012359E7112F7FF462
:10E540001FAEE379012B0BD1594620460022FFF77D
:10E550000EF9002084F8370082468346054660E5C0
:10E560002046FFF7F1FC2946204600F064FC07E650
:10E57000824617E64FF0FF3A2FE54FF0000AD346E8
:10E5800013254EE53D464FF0000A4AE530DF020014
:10E5900070B504460E461B2010211546FAF72EFBD7
:10E5A0000146B0B1032E036805D011221A705E70C7
:10E5B0009D70032307E094F83F205207F5D40D2205
:10E5C0001A705D70022320460322FEF7DFF9002057
:10E5D00070BD0120FCE710B502681378023B0F2BD9
:10E5E00027D8DFE803F0082C2E26362626262C3ADC
:10E5F0002628262626120B7843F002030B704FF0D4
:10E60000FF34FAF713FB204610BD91F83B30062B80
:10E610000BD153780F2B08D19378232B1FBF81F890
:10E6200037304B7843F002034B7091F8E830022BFF
:10E6300001D80024E5E7012381F8E830F9E7042355
:10E64000FAE7092381F8E8308B7843F001038B70F7
:10E65000EFE7CB79022BECD1EEE7CB79022BE8D1B7
:10E660000523E9E70020704708B543780233462BBD
:10E6700005D9054B054A06486A2107F0C5F9BDE8EA
:10E680000840F9F7D9BF00BF53DF0200F0DF0200F6
:10E690007CDF02002DE9F04185688EB000210191F8
:10E6A00035B9AB4BAB4A40F23B61AB4807F0ACF934
:10E6B0002E4636F8067B8DF80310C7F38520082810
:10E6C000C7F3090309D858B1421E072A08D8DFE862
:10E6D00002F0090723429B0707A63F2800F0928219
:10E6E00001249FE1062BA97805F1030004D01D2B1E
:10E6F000F6D1FEF7FFFE03E003290BD1FEF7BEFEC5
:10E7000000F58074002C80F29082944B914A40F284
:10E710006A61CAE71220F3E7032BAA780FD0632BB4
:10E7200014D0012BDCD1082A40F08B828C4A2B4676
:10E7300053F8031F5B68C2E90013002472E1002A4A
:10E7400040F07F82FBF710FD0446DBE7082A40F02B
:10E750007882844AEBE7013BAC78082BC0D801A251
:10E7600052F823F089E70100A9E70100D9E7010089
:10E77000E1E60100E1E60100E1E60100E1E6010079
:10E78000E1E60100F3E70100002C40F05A82092382
:10E79000AB716B724FF0FF33EC712C72AB72EB729A
:10E7A0002C736C730823A2E0002C40F04A821422E0
:10E7B000214605F132000BF051FB6B4B03F12C02AB
:10E7C00053F8041B46F8041B9342F9D11B783370AD
:10E7D00040238DF80330B0E7002C40F032826023F4
:10E7E000AC717470B470F47033717471B471F4718D
:10E7F000D8E7002C40F025825C4B1A68C5F806204B
:10E800009B88B380062372E0052B7FF469AFA9785B
:10E810000DF103033246E81CFEF78CFE94E7013B42
:10E82000AC78E81C4D2B00F2EB81DFE813F04E00D2
:10E8300057006300E9016C0077007B0084008800CA
:10E840008C00A500A900AD00B200B900C200C8004C
:10E85000CC00D000D400D800DF00E3000F01170186
:10E860001B0122012901E901E901E9012F0136011A
:10E870003D0144014E01E901E9017A017E01820175
:10E880008801900197019E01A201A601E901E90119
:10E89000E901E901E901E901E901E901E901E90128
:10E8A000E901E901E901E901E901E901E901E90118
:10E8B000E901E901E901E901E901E901E901E90108
:10E8C000E901B201BD01C501E501082C40F0B981A3
:10E8D000274B01684268C3E900122EE7002C40F084
:10E8E000B081244B5A89EA805B7A2B7203238DF81E
:10E8F000033097E0002C40F0A481FBF72FFCC5F813
:10E90000060071604EE700222146FBF795FA0128C8
:10E9100004467FF4F7AE04F58074F3E62146FCF775
:10E920006DF8F4E7002C40F08C810DF103013046C6
:10E93000FCF7D0F8EBE72146FCF7BEF9E7E7214604
:10E94000FCF774F9E3E72146FCF7CAF8DFE700BFFC
:10E95000D5DF020006E002007CDF0200E8DF0200F3
:10E96000285900203059002024E502003E8500206F
:10E970003859002048850020214601F05DFEC6E799
:10E98000214601F099FEC2E72146FEF767FB0446E7
:10E99000C1E7002C40F0558101A8FEF751FDB6E714
:10E9A000002C40F04E810DF10301304602F0D0FC06
:10E9B000ADE7002C40F0458102F0B6FCA7E7214608
:10E9C00002F0D2FCA3E7214602F0FCFC9FE72146BF
:10E9D000FEF718FCDBE72146FEF7EEFD97E70DF1A9
:10E9E000030332462146FEF7BDFD90E72146FEF7C0
:10E9F000DBFBCCE70146102202A8F9F754FF1022F6
:10EA000005F1130106A8F9F74EFF02A802F0F0FD88
:10EA1000044630B910220AA93046F9F744FF102302
:10EA200065E73A240E232B709DF80330A5F8037098
:10EA300004336B700123AB706C712846FFF714FE32
:10EA4000019B03B198470EB0BDE8F081002C40F067
:10EA5000F8800821304600F003FBA3E62146FEF7CC
:10EA6000F4FD94E70DF1030332462146FEF71EFE46
:10EA70004DE70DF1030332462146FEF748FE46E717
:10EA8000002C40F0DE80FBF763FB38E70DF1030359
:10EA900032462146FEF71AFC39E70DF103033246F0
:10EAA0002146FEF799FC32E70DF103033246214679
:10EAB000FEF795FD2BE7002C40F0C380624B5A7A9D
:10EAC0005B892B81EA80042311E7042C40F0B98094
:10EAD000B5F80340B5F8058020461FFA88F6FBF725
:10EAE00029F9002800F0AD803046FBF729F900280D
:10EAF00000F0A780544B588A9979A3F80A80E2B2B3
:10EB00005A728C4228BF0A46B04228BF30461A7259
:10EB100040F64802824228BF02469881DA81188274
:10EB20000BE6214600F00CFCF1E6214600F09AFCD1
:10EB3000EDE6002C40F0858000F0C4FBE7E6002CF9
:10EB40007FD10DF10301304600F0D0FBDFE60DF17F
:10EB500003033246214600F0E5FCD8E60DF103033D
:10EB60003246214600F0F7FCD1E6214600F0C6FC13
:10EB7000CDE6214600F008FDC9E6002C61D1324BFC
:10EB80009A79EA805A8A2A81DA799B8A6A81AB81EA
:10EB900008E66FF07E00EFF7E9F8A8717E20EFF746
:10EBA000E5F80223E87114E6284B1B882B81284BDB
:10EBB0001B88EB8004230CE6042C42D1B5F903300A
:10EBC000194603F5A0639BB2B3F5206F39D8B5F9A8
:10EBD00005301A4618B203F5A0639BB2B3F5206F57
:10EBE0002FD81B4B1980194B1A800A2390FBF3F086
:10EBF00040B2EFF7F1F8A0E5214600F0E5FC86E62B
:10EC0000012488E6012B7FF46BADAC78CCB902A867
:10EC100002F02EFC002806DBDDF80930C5F80630CE
:10EC2000BDF80D30EDE51F24FCE6FF2C7FF7FAAEB2
:10EC30000F232B7004236B700123AC70EB70AF803B
:10EC4000FBE61224EEE600BF50860020405900206B
:10EC50004259002008B50220F9F73CFD60B10E22B0
:10EC6000027003224270012282700022BDE8084037
:10EC7000C2700271FFF7F8BC08BD0000114B5A6862
:10EC8000002330B51C4602F0005554EA050216D0A8
:10EC9000411E0122A0F12103C0F1210002FA03F379
:10ECA00022FA00F01843084B8A40D3E900131840B9
:10ECB0000A4052EA000314BF0120204630BD184626
:10ECC000FCE700BF28590020385900203F284FF0AA
:10ECD000010315D9A0F14001A0F16002C0F160006C
:10ECE00003FA02F223FA00F010430C4A8B40D2E9F7
:10ECF000001210400B40034314BF01200020704756
:10ED0000411EA0F12102C0F1210003FA02F223FA10
:10ED100000F010438B40024AE9E700BF3059002061
:10ED200028590020054910B50C782CB98860044892
:10ED3000FAF736FC204610BD0720FCE71C590020DE
:10ED40005885002008B5FBF7F5F8002008BD000045
:10ED50000D4A0E4900231360C2E901130C4A1F201B
:10ED60000021C2E900010B4A4FF0FF3041F6FF716C
:10ED7000C2E90001084A00200021C2E90001074A57
:10ED80001380074A138070471C59002095E6010044
:10ED900038590020285900203059002040590020BF
:10EDA0004259002010B504460720FFF767FFE0B185
:10EDB0000220F9F78FFCC0B13E2202700B22427094
:10EDC00007228270A288A0F80320A27BA0F8052069
:10EDD000228BA0F80720E27BA0F80920628BA0F824
:10EDE0000B20BDE81040FFF73FBC10BD38B505460D
:10EDF00006200C46FFF742FFE0B10220F9F76AFC5B
:10EE0000C0B13E2202700B22427006228270AA8894
:10EE1000A0F803202288A0F805206288A0F8072027
:10EE2000A288A0F80920E288A0F80B20BDE83840AD
:10EE3000FFF71ABC38BD38B5044603200D46FFF76E
:10EE40001DFFC8B10220F9F745FCA8B13E220270AF
:10EE50000A22427003228270C570A2888280B4F8B0
:10EE60006820C280B4F86A200281B4F86C20428124
:10EE7000BDE83840FFF7F8BB38BD38B583785B078D
:10EE800005460C461AD40820FFF720FF88B102205F
:10EE9000F9F720FC68B108220270042284704270E5
:10EEA000B4FA84F4AA88A0F8032064094471FFF737
:10EEB000DBFBAB7843F00403AB7038BD3020FFF7C9
:10EEC00005FF0028F9D00220F9F704FC0028F4D04F
:10EED00030220270032242708470AA88A0F80320B6
:10EEE000BDE83840FFF7C0BB10B504460520FFF76A
:10EEF000C5FEE0B10220F9F7EDFBB8B13E22027089
:10EF00000D22427005228270A288A0F80320D4F856
:10EF1000F820C0F80520D4F8FC20C0F80920B4F887
:10EF2000EA20A0F80D20FFF79FFB002010BD4FF056
:10EF3000FF30FBE738B5044604200D46FFF79EFE80
:10EF4000E8B10220F9F7C6FBC8B13E2202700C22DC
:10EF5000427004228270C570A288828094F83F209B
:10EF60008271224652F8401FC0F807109188A0F81D
:10EF70000B1092794273BDE83840FFF775BB38BD7E
:10EF800038B504460C200D46FFF7A0FEC0B10220A4
:10EF9000F9F7A0FBA0B10C22027008224270857024
:10EFA000A288A0F8032094F83E204271B4F84E20C5
:10EFB000C280B4F850200281BDE83840FFF754BB4E
:10EFC00038BD08B51A20FFF781FE60B10220F9F7BD
:10EFD00081FB40B11A220270012242708270BDE8AA
:10EFE0000840FFF741BB08BD10B504461420FFF7E9
:10EFF00045FEA0B10220F9F76DFB80B13E22027000
:10F000000422427014228270A288A0F80320A27801
:10F01000C2F300124271BDE81040FFF725BB10BDDE
:10F0200010B5044603F04AFD0B4B1A7A1F2A10D87C
:10F030001A7A0A490132D2B21A721A6814701A681E
:10F040008A420CBF1F3A01321A60BDE8104003F03B
:10F050003DBD02F021FBF8E7D48A0020FF8A0020A2
:10F06000F8B5194D194F06460C460CB90020F8BDED
:10F0700003F024FD2B7A2A7AA34228BF2346D21A12
:10F08000D2B2E41A2A72E4B2701E1A466AB91E4459
:10F0900003F01CFD02F0EAFA002CE7D02B7AA34221
:10F0A000E3D22B7A1F2BF9D9DFE76968097800F8DA
:10F0B000011F6968B94214BF0131A7F11F01013A6C
:10F0C0006960D2B2E2E700BFD48A0020FF8A002044
:10F0D00008B5074B1A782AB1002206481A70062193
:10F0E000FFF7BEFFBDE8084002480AF023BE00BF9C
:10F0F000980100204459002038B5044640F2FD250F
:10F1000003212046FFF7ACFF22786178A3780A44F8
:10F11000D218F5D0AA42F3D003F03F0343F04003E6
:10F12000A37038BD08B5044B1B7A1F2B01D802F021
:10F130009DFA002008BD00BFD48A002008B5054A0A
:10F14000054B06480121C3E9002202F06DFA0020B8
:10F1500008BD00BFE08A0020D48A002021F0010011
:10F16000421E00F10F0312F8010F10B99A42FAD1B2
:10F1700070470120704700002DE9F0410E4B0F4D04
:10F1800093F8038006460F460023984501DC0020D3
:10F190000CE02A78BA4203F1010409D10622314673
:10F1A00005F124000AF024FE10B92046BDE8F081E4
:10F1B00036352346E9E700BFD88B0020008B0020BE
:10F1C00008B5FBF781FF40B901F008FB044B1B6851
:10F1D000034314BF0120002008BD0120FCE700BF4D
:10F1E0007886002008B5054B1B782BB1FFF7E8FFA8
:10F1F000B0FA80F0400908BD0120FCE7D88B002060
:10F20000F0B58DB061B300F12A05041DE81CFFF7CD
:10F2100073FF6A46234604F11007164618685968BA
:10F22000144603C40833BB422246F7D10D22002105
:10F2300004A80AF013FE6B798DF81D302B798DF838
:10F240001E303046EB788DF81F3002F0D1F9BDF852
:10F250002E305BBA2B809DF82D30AB700DB0F0BD19
:10F2600000F1300500F11404D0E7000070B5124C35
:10F27000124E0025F378AB4207DC71681048FAF7AC
:10F2800097FBBDE87040FBF773BBA3783BB103F07D
:10F2900015FC01212046FFF7B3FF03F017FCE378CC
:10F2A0003BB103F00BFC00212046FFF7A9FF03F060
:10F2B0000DFC36340135DDE7008B0020D88B0020B3
:10F2C000E08B002038B5FFF78DFF50B1064D0024CC
:10F2D0006C8002F0F3F905F10800FAF7BDFB204657
:10F2E00038BD0C20FCE700BFD88B0020034B5B78B7
:10F2F000037001230B700020704700BFD88B0020E3
:10F30000F8B50D4B0D4CDB78362506460F4603FB52
:10F310000545AC4202D100242046F8BD2378BB420B
:10F3200007D10622314604F124000AF061FD0028CD
:10F33000F2D03634EDE700BFD88B0020008B0020E0
:10F3400027292DE9F047064603D012273846BDE8A5
:10F35000F087FFF747FF002874D03C4D95F803A0D5
:10F360006B78534570D9B04618F8011B4046FFF73B
:10F3700003FF07460028E8D106F107094846FFF7D2
:10F38000EFFEDFF8DCC0362300284AD0AA7802FB63
:10F390000330A0F136046444AAEB02025A4321462A
:10F3A00060440AF041FD3622002120460AF056FD55
:10F3B0002346327803F8242BD8F800206262B8F88C
:10F3C00004209A804846FFF7CBFE58B1494604F125
:10F3D00014001022F9F767FA0123E3700021204698
:10F3E000FFF70EFF06F117010846FFF7B9FE40B11F
:10F3F000201D1022F9F757FA0121A1702046FFF7CE
:10F40000FFFE00236370E3788BB104F1140002F077
:10F410005BF948B10E4B0F4A0F4840F2691106F0F4
:10F42000F3FA0AFB03C4BEE7AB780133AB70EB78A9
:10F430000133DBB2012BEB7088D169680748FAF71A
:10F44000B7FA83E70C2781E707277FE7D88B0020EF
:10F450001AE00200FBE0020030E00200E08B002036
:10F46000008B00200729F8B5044634D1FFF7BAFE17
:10F4700098B3204610F8011BFFF77EFE054670B3D7
:10F48000184CE678864206DA174B184A184840F2BC
:10F49000911106F0B9FA3622471E02FB07F3A6EBDC
:10F4A000000C14489918014402FB0CF218440AF0AD
:10F4B000BBFCA378013EAB42E67005DB384602F0A8
:10F4C00021F9A378013BA370E47814B90A48FAF74C
:10F4D000C3FA002000E01220F8BD0C20FCE7022057
:10F4E000FAE700BFD88B00208CE0020012E1020096
:10F4F00030E00200008B0020E08B0020012910B5D5
:10F50000044601D0122010BDFFF75AFE28B9237817
:10F51000012BF7D8024A1370F5E70C20F3E700BF80
:10F52000D88B0020072938B514461D4611D110F894
:10F53000011BFFF7E5FE40B150F8303F23608388A0
:10F54000A380002006232B7038BD2060A0800220FD
:10F55000F8E71220F8E7072938B514461D4611D1FF
:10F5600010F8011BFFF7CCFE40B150F82A3F236092
:10F570008388A380002006232B7038BD2060A080E4
:10F580000220F8E71220F8E7022908B517D103880E
:10F590005A1E92B24AF2B7118A4210D84FF47A72C8
:10F5A00002FB03F1074BD8788902B1FBF2F15960F5
:10F5B00020B103F10800FAF7FBF9002008BD122082
:10F5C000FCE700BFD88B002070B505460E46FFF75C
:10F5D000F7FD044668B9082E0FD1284610F8011B24
:10F5E000FFF78EFE38B1EB79012B06D84370204629
:10F5F00070BD0C24FBE70224F9E71224F7E70000B2
:10F60000014B5868704700BFD88B002070B50E467C
:10F610001546044630B9154B154A40F24B211548A2
:10F6200006F0F2F922B9144B114A4FF41371F6E7C0
:10F6300003F044FA7EB1A37823B9104B0C4A4FF47F
:10F640001471ECE754F82A3F2B60A388AB80BDE827
:10F65000704003F03BBAE37823B9094B044A40F207
:10F660005321DCE754F8303FEEE700BFB4E002007E
:10F6700029E1020030E00200C6E00200DAE0020008
:10F68000EBE0020038B50C46054603F017FA3623C6
:10F6900003FB05F03030054B2168C150C218A38828
:10F6A0009380BDE8384003F011BA00BF008B002002
:10F6B00038B50C46054603F001FA362303FB05F086
:10F6C0002A30054B2168C150C218A3889380BDE839
:10F6D000384003F0FBB900BF008B002013B51C4677
:10F6E0000192FFF70DFE78B1019A2CB1837833B9FE
:10F6F0001C46204602B010BDC378002BF9D021462D
:10F70000FFF784FF0124F4E70446F2E730B58DB03B
:10F710000B6800934B6801938B680293CB6803934B
:10F720000024C378CDE9064405468DF81F300379DF
:10F730008DF81E3043798DF81D306846CDE90444BC
:10F7400001F056FF9DF82F202B789A420CD19DF89E
:10F750002E206B789A4207D1A8789DF82D40231A65
:10F76000584258410DB030BD2046FBE7014B187898
:10F77000704700BFD88B002010B5094C4FF46123AF
:10F78000636001F0D7FF042828BF04206070054A99
:10F79000054904F108000023BDE81040FAF7D8B885
:10F7A000D88B00206DF201005885002008B506486E
:10F7B000002300F8083BFAF74FF9FFF783FDBDE897
:10F7C0000840FFF7D9BF00BFD88B002010B503F069
:10F7D00087F928B9094B0A4A0A483F2106F014F96B
:10F7E000094C237843B901232370F9F747F92063C3
:10F7F000BDE81040EEF7ECBD10BD00BF45E10200D2
:10F80000BDE1020061E102004C590020024B0022E0
:10F810001A77FFF7DBBF00BF4C5900201A4890F859
:10F82000242038B590F825300546D2B1846A2BB132
:10F83000C36AE21A14EA220438BF1C462B7F3BB18C
:10F840002B6AA3421FD0002310482B77F9F714F935
:10F85000F9F714F9201A00280CDCBDE83840FFF74E
:10F86000B5BF0BB1C46AE9E70377BDE8384004309F
:10F87000F9F702B901232B772C6221460348BDE832
:10F880003840F9F7F7B838BD4C59002050590020DE
:10F8900010B503F025F928B9064B074A07484B2154
:10F8A00006F0B2F8064C23781BB1EEF793FD002367
:10F8B000237010BD45E10200D2E1020061E10200C7
:10F8C0004C59002010B503F0F9F8F9F7D7F80446C1
:10F8D000FAF732FC0A4B93F824201AB19A6AA21A5A
:10F8E000002A09DA93F825201AB1DB6AE41A002C01
:10F8F00002DA08B9FFF7CCFFBDE8104003F0E6B824
:10F900004C59002038B5094C002540F2FA502570BA
:10F91000F9F7B8F8064960802A46201D2577F9F7DF
:10F920008BF8044B6563C4E90E3538BD4C59002093
:10F930000DF80100C5F8010038B5094C0025201D5F
:10F9400025772562F9F798F8064804F13401F9F7AC
:10F950007DFEFFF79DFFC4E90B55A562A58438BD68
:10F960004C5900205885002038B505460C4603F058
:10F97000A5F8064B598883F82450641A9C62FFF757
:10F980004DFFBDE8384003F0A1B800BF4C5900203E
:10F9900010B5044603F092F8002C084B14BF012266
:10F9A000002283F825201FBF59886268521ADA6244
:10F9B000FFF734FFBDE8104003F088B84C59002031
:10F9C00010B5094C03F07AF8084804F13401F9F74E
:10F9D0003DFE237823B1054804F13401F9F7E0FD39
:10F9E000BDE8104003F072B84C5900205885002043
:10F9F00010B503F063F8FFF7E9FE084B1A78022A06
:10FA000006D1F9F73BF8044603F060F8204610BD34
:10FA10001C6B588801340444F6E700BF4C590020A1
:10FA200030B5D0E90342856822448A1A002A036966
:10FA300009DAA54212D0CA1A002AA3BF081BC01AAD
:10FA4000C00F002030BDEA18437902610133DBB2F8
:10FA5000282B08BF252343712244E6E70120F1E764
:10FA600010B50B4653F8174F04609B8883800B46F4
:10FA700053F81D4FC0F806409B8843818B7D13705F
:10FA80000C2010BD2C30FAF75DBB0000062808B52D
:10FA900006D90E4B0E4A0F4840F2AE7105F0B4FF86
:10FAA000012313708B1C53600B780128C3F3801360
:10FAB000537003BF01F10803D3600B78002308BF24
:10FAC000DB09137218BFD36008BD00BFE8E1020074
:10FAD00092E30200F7E1020070B51C4C1C4960780B
:10FAE000FAF79AF9234670B3646E34B9194B1A4A7F
:10FAF0001A4840F2A34105F087FF01229D6E1A705B
:10FB00002522627105B16A714FF0011200265A6216
:10FB1000DE70134B13481E70F9F7EFFB124BC3E96D
:10FB20000063FFF765FF014620610120FFF71CFF1E
:10FB30001DB1D4E9032313442B6121690B48F8F765
:10FB400099FF002070BD1220FCE700BFA4590020DF
:10FB50003885002051E2020066E30200F7E102006E
:10FB60008C590020AC5A0020245A0020DC59002077
:10FB700038B5C378456E33B1224B234A40F29E31EB
:10FB8000224805F041FF6879242804D8204B1E4AFA
:10FB900040F2A731F4E71F4A1F49EEF723F9044664
:10FBA00020B11E4B184A40F2AB31E9E70146EEF7AF
:10FBB000D7F8EEF7BFF8FFF7D9FDD0B1EEF7F2FBBB
:10FBC000F8F75CFF164B1B7800211844EEF710FB8A
:10FBD00008B1062813D1AB78DB070DD501F012FC74
:10FBE0002B79022B0CBF03200220FAF79FFA204644
:10FBF00038BDEEF7E7FBE3E701F006FCF0E704466B
:10FC0000F5E700BF5FE2020054E30200F7E1020003
:10FC10007DE2020055555500D6BE898EE9C5020029
:10FC2000448C0020F8B58468676E02F047FF2578A1
:10FC30006DB904F13800F8F71FFF29462846FFF791
:10FC400093FEFFF7BDFEBDE8F84002F03FBF236E14
:10FC50000BB9E3781BB1012384F85C30F3E7F8F7C4
:10FC60000DFF01463846FFF7DBFE396905460120E6
:10FC7000FFF77AFE3E690DB1FB681E44FAF75CFAA5
:10FC8000062824D8DFE800F00C200E0420232000F2
:10FC9000EEF7E2F815B92846FAF748FAFBF7CAFF7B
:10FCA00095B102E0EEF7D8F85DB12046FFF760FFAE
:10FCB00002F00CFF314604F13800BDE8F840F8F7D7
:10FCC000D9BE2846FAF732FAFFF77AFEF0E7034B7F
:10FCD000034A044840F2815105F096FE36CA0200FC
:10FCE0007BE30200F7E10200204BDA8C10B51C46E2
:10FCF00032B11F4B1F4A40F211111F4805F084FE1C
:10FD0000DA7822B11D4B1B4A4FF48971F5E7E8B14F
:10FD10001A715B790133DBB2022B10D06371FFF7EC
:10FD2000D7F9A38C013B1840013080B2B0F5807F39
:10FD3000E08419D9124B0F4A4FF49671DDE7A38C7A
:10FD40006271012BEBD95B08A384E8E758711B793A
:10FD50000133DBB2022B01D02371E0E7A38C2071C9
:10FD6000FF2BDCD85B00EFE710BD00BFA4590020DB
:10FD700096E202001EE30200F7E102005FE20200E9
:10FD8000B1E2020070B5154C154D802200212046CD
:10FD90000AF064F81422002128460AF05FF8114B9B
:10FDA00042F21070C4E90C34F8F76CFEA86042F21D
:10FDB0001070F8F767FE012384F86C30E86003F0F8
:10FDC0000DFD0949E060224604F13800F8F734FEE1
:10FDD000064B0026C4E91536266570BDA4590020DF
:10FDE0009059002025FC010085FA010065020200FF
:10FDF000034BDA781AB10020D870FFF775BF70474F
:10FE0000A459002010B504461748F8F735FE84B110
:10FE100002F054FEFAF790F9022803D0032806D125
:10FE2000012C04D1EEF718F80020FAF77FF902F060
:10FE30004DFE02F043FE0D4BDA780020187083F877
:10FE40005C0012B1D870FFF74FFF02F03FFE02F0E6
:10FE500035FE00210846FFF787FDFFF7B1FDBDE83D
:10FE6000104002F033BE00BFDC590020A45900202E
:10FE700010B50E4B5A6E1479012C15D110B1821F9A
:10FE800054425441DA783AB100220428DA7005D19C
:10FE90000B8843F008030B80204610BD0728F7D0DD
:10FEA0001046FFF721FFF7E70024F5E7A4590020EB
:10FEB000F0B5C21F012ADDE9066515D90A46059F7E
:10FEC00012F8024B0128C4F380143C701A6003D06E
:10FED000002030602870F0BD01F1080333600B781A
:10FEE000DB092B700020F6E74FF0FF30F3E700004E
:10FEF0002DE9F04F04468BB030B9AB48FAF722F940
:10FF000020460BB0BDE8F08F006890F8008008F044
:10FF10000F0859B34FF0000BB8F1060FCDF824B01D
:10FF200024D8012303FA08F313F0570F1ED09F4D76
:10FF3000014603AA4046D5F864A0FFF7A7FDB8F133
:10FF4000040F2E4628D1238B18070FD5AA7D9DF8C4
:10FF50000D30B3EBD21F06D10498062205F11D0126
:10FF600009F046FF40B10020FFF7BEFE238B6FEA89
:10FF700043436FEA53430DE001F0DEFB40B200283B
:10FF8000A8BF238BE077A4BF43F480632383238B34
:10FF900043F04003238347E0FF23D5F8649004989F
:10FFA0009DF80D10E37708908DF81C10F9F7E8FE26
:10FFB000074650B301283DD19DF80C3043B101F004
:10FFC000BBFB40B20028E07709DA00273D4617E086
:10FFD000774B784A40F2ED71774805F015FD774987
:10FFE000362210FB02F35D18504324330B44089370
:10FFF0000B5C8DF81C30238B099543F480632383BD
:020000022000DC
:100000000698C8B94FF0010B29E09DF80D1004982F
:10001000FFF776F905460028D7D009904378002BE2
:10002000EED1C378002BEBD00020FAF77FF84FF029
:10003000FF3066E75F46C9E79DF81410F9F7A0FEA8
:100040008346002833D00128DCD14DB30698291D02
:10005000FFF75CFB20B3238B43F40053238399F811
:100060000230D80733D4BBF1000F238B14BF012219
:10007000022243F04003022A2383D5D09AF80430A9
:10008000012BD1D1B8F1000F02D0B8F1060FCBD1BE
:100090004B4BDDF820909DF81C801D78494F31E0D6
:1000A00099F802309907BFD54FF0000BD7E799F8C0
:1000B00001309B0703D515B1AB78002BB4D19DF867
:1000C00014100698F9F7E0FE00289BD1ACE79DF8E4
:1000D0001C1008983A4601F041F90028C3D1A3E763
:1000E00006224946384609F083FE40B937F8043CF9
:1000F00003F00103B8F1000F0DD0002B94D1013DA6
:10010000EDB20A37002DEBD1F3783BB12E4B2F4ADD
:1001100040F60F1160E7002B86D0F0E7F38C002B40
:1001200039D19DF80D307278DDF81080002B14BFA6
:1001300083270327D10734D5254B47F04007920783
:100140000CD5099800284BD08378002B48D001AA01
:100150000121FFF75BFA01AB47F04007B7751A685A
:10016000C6F817201B499B888B80D8F80030C6F84A
:100170001D30B8F804304B81174802221739EEF7CA
:1001800085F800287FF450AF0123F370238B43F4EC
:1001900080432383B5E6013B9BB2F384002BC0D0A0
:1001A00042E70E4BCBE700BFF4590020A4590020D2
:1001B00036CA0200B8E30200F7E10200008B00201B
:1001C0008C590020F88B00205FE20200CEE3020091
:1001D00038850020BB59002061FA01003E850020CF
:1001E00003F0FCFAF368C31A002B05460BDB06216B
:1001F0000648FEF735FF737D03F03F037375FFF785
:10020000FFF92844F060014BA6E700BFB459002075
:1002100013B5134C23780BB302F050FC94F85C3008
:100220005BB1002304F12C0084F85C30F9F78AFFFD
:1002300002B0BDE8104002F049BCF8F71FFC019085
:10024000F9F77AFF01990028F2D1606EFFF7E8FB19
:100250000028EDD02046FFF78BFCE9E702B010BD87
:10026000A459002008B5074B1A784AB1DA781AB1B8
:100270000020D870FFF738FDBDE80840FFF7C8BF81
:1002800008BD00BFA459002010B5154CE3781BB180
:100290000020E070FFF728FD236EEBB11148F9F75D
:1002A00051FFEDF7D9FDF8F7E9FB0146606EFFF766
:1002B000B7FB18B9BDE81040F9F738BF636E0A4ABA
:1002C0000A495879EDF78EFD30B1094B094A0A48C1
:1002D00040F60D2105F098FBBDE81040EDF7A4BFF6
:1002E000A4590020F459002055555500D6BE898EDA
:1002F000E9C50200E8E30200F7E102002DE9F04F52
:100300001388164603F0C002C02A8DB004460F467B
:1003100040F08C811D0400F18981AB4B02931A7867
:10032000002A00F08381096805AAFFF7AFFB96F960
:100330000700069B0A9300289DF815308DF824309D
:100340000DDB3622A14910FB02F3424303F12405E1
:100350008A5C8DF824200D440B440A950B93338856
:1003600098040CD5029B587800F00100F9F7A0FD25
:10037000029B08905B7803F001038DF81C30029B10
:100380009B78002B39D0924D9DF82480D5F800B091
:10039000DDF8289008F00108DA46BAF1000F40F0C5
:1003A000A2808C48F8F7E5FF034650B96B685B689C
:1003B0001B68D3E90221002A00F0AF80D160D96820
:1003C0000A6010220021184609F048FD0022C2717F
:1003D0000246034602F8018BD9F80010C0F801105C
:1003E000B9F8041091802968024642F8081F0029D4
:1003F00000F09580CA602B60DD609DF82430DDF848
:1004000028A0DDF820B09DF81C800193012C40F05D
:10041000888041465846F9F79DFC0025A8420CBF4C
:100420004FF002094FF00B093388590541BF019A7B
:100430000232D2B201929A0448BF08F1020896F93A
:100440000430039348BF5FFA88F8B9F10B0F7CD1F1
:100450004846FEF713FC002800F0E2800120F8F780
:1004600039F9002800F0DC803E220270122242702E
:100470000122C2700271019A80F802904271DAF88A
:100480000020C0F80620BAF80420428180F80C80D1
:10049000DBF80020C0F80D20BBF80420A0F81120E4
:1004A000039AC274FEF7E0F8002840F0B980029B7E
:1004B0009B78002B00F0B480454A019B156803F03F
:1004C00001034DB12A789A4206D106225146681C92
:1004D00009F08EFC002867D03F4B404A404840F26C
:1004E000123105F091FA9AF80030434507D10622FF
:1004F00049460AF1010009F07BFC002872D0DAF8C5
:1005000008A04AE7042C0CBF03F0040303F0010326
:100510006EE0696073E06A607BE069604FE76A6083
:1005200069E72CB1062C0ED0022C0CBF0324042446
:100530003B685D780821063D3846F8F72CFCEDB2A3
:100540004FF0020970E70224F2E70220FEF796FB63
:10055000002865D005F10C0BBBF1440F60D80120D9
:10056000F8F7B8F8804600285AD03E2303700223DB
:1005700083700123C370019B80F801B00471437143
:10058000DAF80030C0F80630BAF804304381057359
:1005900000F10D032A46002138464544F8F7D5FB03
:1005A000039B6B7340467DE7B9F10B0FEB7903D1E9
:1005B00043F00203EB7133E0042C0CBF43F004035F
:1005C00043F00103F6E700BFA4590020008B002090
:1005D000245A0020AC5A0020CEE2020036E302008A
:1005E000F7E10200012C9AF807308BD103F00203E7
:1005F000D34512D0DAE90221002A8AD0D160DAF894
:100600000C100A602968524642F8081F002982D05F
:10061000CA60C5F800A0CAF80C50002B3FF4EDAE3C
:1006200033881B0702D50120FFF75EFBFFF7F0FDC3
:100630000DB0BDE8F08F00BF07292DE9F041054658
:1006400034D11B4B1C787CBB0278012A2ED8B0F821
:100650000100031F9BB243F6FC718B4226D8B5F80C
:1006600003703B1F9BB28B4220D8B8421ED36B79DC
:10067000032B1BD8AB79032B18D80E4E40F27128F0
:10068000012308FB00F0F3703271F8F7FBF9B0605A
:1006900008FB07F0F8F7F6F9F060AB79B3706B7907
:1006A00073702046BDE8F0810C20FBE71220F9E7CB
:1006B000A4590020905900200229F8B536D143787A
:1006C000012B33D80578012D30D8254C20782246CF
:1006D0002DB918B10120FFF795FB0020F8BD40B1FE
:1006E00094F86F1019B194F87010022920D093700B
:1006F000F3E7A3701B4BA066DD7804F16C06CDB167
:1007000003F1080207CA04F174051F7984F87070B8
:1007100085E807005A785B8884F86D20A4F86E306D
:1007200066666270BDE8F840FFF7D6B91220D5E7DB
:100730000C20D3E7012342F2107084F86F30666614
:10074000657084F87050F8F79DF9606742F2107098
:10075000F8F798F984F86E50A06784F86D50E1E7D7
:10076000A459002090590020054B1A7832B15B6ED5
:10077000987800F00100C0F1010070470120704737
:10078000A45900202DE9F041134C037B637000272E
:1007900004F16C036366A766037984F86E3005463E
:1007A000008840F2712808FB00F00E46F8F76AF95D
:1007B0006067688808FB00F0F8F764F90223A06717
:1007C00084F87030FFF788F91EB1B84218BF3C4674
:1007D0003460BDE8F08100BFA4590020014B1878B7
:1007E000704700BFA459002000487047AA59002054
:1007F00000487047BB590020034B0268C3F806202D
:1008000082885A81704700BFA45900200048704771
:10081000BA590020024B5B6E987800F001007047D7
:10082000A459002010B50C4B1B7813B10020FFF722
:10083000E9FA0A4B0A480024214650221C7009F0AC
:100840000DFB0848F8F759FD074BC3E90043BDE825
:100850001040FFF797BA00BFA45900208C59002020
:10086000F48B0020AC5A0020245A002007B50C4B12
:1008700000930C480C4B10220821F8F735FD30B1DD
:100880000A4B0B4A0B4840F68C7105F0BDF80A4B39
:10089000C3E9000303B05DF804EBFFF773BA00BFD0
:1008A00000E30200AC5A00202C5A002015E302009D
:1008B00002E40200F7E10200245A002043684A687B
:1008C00010B59C1A002C06DA8068801A0028D4BF64
:1008D0000020012010BD8868181AC00FFAE7000038
:1008E000064B1A683AB9014641F8142F8361C3E9EF
:1008F0000001012343701046704700BF608C002048
:1009000010B50446F9F718FC042808D1FAF75EFF81
:100910002368C01A0028D4BF0020012010BD002089
:10092000FCE7000070B5264E3468002C47D0D4E9AF
:1009300005321BB39A61A269136000236370F9F753
:10094000FBFB0546F8F79AF87DB12378042B03D119
:10095000AB1EDBB2012B08D9EDF77EFA022D0FD1C9
:100960000020F9F7E3FBFFF743FA2369D3B9154BEE
:10097000154A164840F2CA5105F046F87260DAE7A7
:10098000032D07D10020F9F7D1FBFFF731FAFBF770
:1009900051F9EAE7012D02D1FAF710F8E5E7FBF784
:1009A00043FBE2E72046984734681CB16168084879
:1009B000F8F760F82046BDE87040FEF7E9BF70BD6B
:1009C000608C002013E402000AE5020021E402002A
:1009D000488C00202DE9F047564B1A78436F9B1A3C
:1009E000C0F8D030C379022B044600F1CC0923D1E2
:1009F000D0F88800F8F746F8D4F8D030013B1B1A3D
:100A0000C4F8D030002384F8CE30E36DC4F8D4307D
:100A1000D4F8D050F8F732F8281A002809DB02F091
:100A20004DF804F1D000FFF76BFF074638B102F034
:100A30004DF84FF0FF377AE090F87830E3E73E4822
:100A4000F8F71AF83D4B1D68BA463E46984665B918
:100A5000D8F80430C4F8E430C4F8E050C3F800908B
:100A600004F1E003C8F8043026E029464846FFF7C1
:100A700025FF88B12B78032B04D0AA4606B92E4651
:100A80006D69E4E7E968D4F8D800FAF799FE002820
:100A9000F3D14FF0FF3714E0D4F8D4306A689B1AD2
:100AA000002BEDDCAB69C4F8E4302346AA6943F8B7
:100AB000E05FC2F80090AB61012384F8CD300024E0
:100AC00076B9D8F80040A14502D12046FEF760FF74
:100AD00001F0FCFF3CBB1A4B1A4A40F223111CE008
:100AE00033787569012B10D0032B12D1F0689C303C
:100AF000F9F728FBD6E9053293B19A61B269B2459C
:100B000013607470DDD02E46DAE7F068F9F744FF21
:100B1000F0E70D4B0B4A4FF486710C4804F074FF5C
:100B2000C8F80420EAE761680348F7F7A3FF3846EE
:100B3000BDE8F087448C0020488C0020608C0020A9
:100B40007CE40200A4E4020036CA020021E40200B0
:100B50002DE9F0470D46044600F1CC08F7F78EFF6B
:100B6000AB78242B1ED900F13905D4F87CA0DFF82E
:100B7000189101F0A3FFC4F8D0504046FFF7B0FE33
:100B800005F1A40730BBA4F872002E46394BE76587
:100B90001B78C4E934671E440023666784F8783004
:100BA0001C4623E095F90530012B02D100F16205C6
:100BB000DBE7022B02D100F15D05D6E7032B02D162
:100BC00000F1DF05D1E72C4B2C4A2D4840F27F2164
:100BD00004F01AFF2B48F7F74FFFD9F800102E4604
:100BE00091B9731B534538D94FF0FF34D9F80050F1
:100BF0002846FEF7CDFE01F069FF69682148F7F746
:100C000039FF2046BDE8F087C4E934674B68FB1A1A
:100C1000002B19DC731B5345E6D88B69C4F8E4300C
:100C200022468B6942F8E01FC3F800808A610123E5
:100C300084F8CD30701BF7F72DFF40F2E243B0FB94
:100C4000F3F0A4F87200A1E74046FFF737FE10B1B9
:100C50008E6806F1A4074969C2E7D9F80430C4F8E0
:100C6000E430C4F8E010C3F8008004F1E003C9F8F0
:100C70000430DCE7448C002036CA0200C1E40200E4
:100C800021E40200488C0020608C00202DE9F8430C
:100C90003B4B456F1E78044600F1CC07D0F8880026
:100CA000F7F7F0FEF643E36DC4F8D43035442D1A5F
:100CB000002384F8CE30C4F8D05001F0FFFE04F1D8
:100CC000D000FFF71DFE064630B101F0FFFE4FF0E9
:100CD000FF363046BDE8F8833846FFF701FE05468B
:100CE000002848D02748DFF8A090F7F7C5FEB046A7
:100CF0002946D4F8D4304A686D699B1A002B15DC5C
:100D000023468A69C4F8E42043F8E01F17608B612A
:100D1000012384F8CD301C4B1C68A7422BD001F076
:100D2000D5FE61681748F7F7A5FED2E73846FFF70A
:100D3000C5FD68B10B78032B1AD1C8688B6981F89F
:100D4000018095B1AB618B699C301D60F9F7FAF9B0
:100D5000002DCDD10C4BC4F8E0505A68C4F8E42003
:100D6000176004F1E0025A60D2E7C9F80430EAE7FC
:100D70004FF0FF36CFE73846FEF70AFE3C46CEE797
:100D8000448C0020488C0020608C00202DE9F0412C
:100D90000446D0E901560F46904601F08FFE2046EA
:100DA000FFF79EFDA8B977B92046FEF7F1FD25466D
:100DB00001F08CFE002D3BD1214B224A224840F20B
:100DC000454104F021FE61682546E0684246B84787
:100DD00021E0751B1D4E1E48F7F74EFE316839B9EC
:100DE0007368A36161611C6004F1140373600CE01B
:100DF000A3684A689B1A002B10DC8B69C4E90513B1
:100E00008B691C6004F114038B61012363706168BA
:100E10003568002FD9D1AC42CAD1C5E72046FFF7CB
:100E20004DFD18B18B6863602B44A3604969D6E718
:100E300069680748F7F71EFE0020BDE8F08100BF93
:100E40007CE40200D9E4020021E40200608C00206E
:100E5000488C00202DE9F047D0E90173DF1B1344D3
:100E6000836004468846164601F028FE2046FFF7B8
:100E700037FD824600283FD04548F7F7FDFD4FF08B
:100E800000094D4651462046DAF814A0FFF716FD3A
:100E900078B1894605B90D46BAF1000FF2D175B99E
:100EA0003C4B65615A68A261146004F114025A60F7
:100EB00022E0A3684A689B1A002BEDDCADB16368A1
:100EC000FA18A2602A46A16850686D69A1EB000C6F
:100ED000BCF1000F2ADC9369C4E9052393691C6007
:100EE00004F11403461A936106E08B69C4E9051303
:100EF0001C6004F114038B610123637046B1FEF79B
:100F0000E7F8B0FBF6F303FB16066368334463604F
:100F100063681F44A760C8F800301E4B1B68A342DB
:100F200002D12046FEF734FD002426E0916861607E
:100F3000C8194A45A06015D133445B1A9E421AD3A2
:100F400004F114023DB9134965614868A061046069
:100F50004A601E46D0E7A969C4E90551A9690C6039
:100F6000AA61F6E7002DADD10B4B0C4A0C4840F2BC
:100F7000F54104F049FD4FF0FF3401F0A7FD054BAA
:100F800003481B685968F7F775FD2046BDE8F087F0
:100F9000488C0020608C00208FE40200EEE4020008
:100FA00021E4020038B5044601F088FDF9F7C4F8E1
:100FB000012825D000F0FD00042821D02046FFF7AD
:100FC0008FFC054680B101462046FFF777FCB8B993
:100FD0000E48F7F751FDAB69C4E905531C6004F1F5
:100FE0001403AB6101236370094B1868FEF7D0FC52
:100FF00001F06CFD61680548F7F73CFD002038BD45
:1010000001F064FD4FF0FF30F9E700BF488C00208D
:10101000608C002070B5044640B301F04FFD63784A
:1010200003B3134D2E68B44202D11248F7F724FDE2
:10103000D4E90532A3B19A61A2690020B4421360D9
:10104000607011D12C681CB161680A48F7F712FD75
:101050002046FEF79DFC002401F038FD204670BDBF
:101060006A60E9E70124F7E70446F5E70124F5E7BC
:10107000608C0020488C002010B5044601F01EFD55
:10108000054B1B6833B15B682360012401F01EFD32
:10109000204610BD1C46F9E7608C00200148F7F798
:1010A000EBBC00BF488C002008B5DF20F7F7EAFC56
:1010B000044B0549187000220448F7F7BDFC0020D6
:1010C00008BD00BF448C002025090200488C002088
:1010D00010B500230146184641FA03F2C3F1070494
:1010E00002F00102A24001330243082B90B2F3D177
:1010F00041FA03F2C3F1170402F00102A2400133E6
:101100000243102B90B2F3D110BD0000F8B52A4C69
:10111000FDF7DEFF0546FDF7DBFFAAB283B29A4278
:101120000646F5D046F3C42340F38520584008F026
:10113000F5FB0128ECDDA8B240EA064080EA040590
:101140002022002301210D4201D02BB90123013AB5
:101150004FEA4101F7D1DBE700251F262A46194651
:1011600000EA01074900084217D08FB90132D2B214
:101170000123B1F5807F18D1022DC9D9062BC7D81C
:10118000013EEDD1B1F1004FC2D1182AC0D8F8BD4F
:101190000133DBB20135EDB2EBE717B90133DBB256
:1011A000E7E70132D2B20123F4E7B1F5803FE5D1A0
:1011B0000B2AE3D9ACE700BFD6BE898E70B50023F9
:1011C00001391A4611F8016F7EB10025012426422B
:1011D00006D0904202D15819C0B270BD0132D2B2CD
:1011E00001356400082DE4B2F1D10833DBB2282BBD
:1011F000E8D1034B034A0448B42104F005FC00BFC6
:1012000036CA0200ACE5020051E5020070B5021DCD
:10121000441E002014F8016F26B1FF2E05D100F105
:101220000803D8B29442F5D170BD082501210E42C1
:101230001CBF431CD8B24900013DC9B2F7D1F1E748
:10124000F8B548400C461E461746FFF741FF00EB35
:10125000001014FA80F080B2FFF73AFF00EB0010A4
:1012600014FA80F080B2FFF733FF00EB001014FA9D
:1012700080F080B244402523B4FBF3F503FB154511
:10128000C5F3CC020123A8B205F0070503FA05F562
:10129000B35C2B4201D0C0B2F8BD04FB07F031466D
:1012A000000CBDE8F840FFF789BF0000401A002895
:1012B00010B514460DDDF7F7EDFB074B33F814308E
:1012C0003C334FF47A72B0FBF2F05843B0FBF2F0CB
:1012D00010BD0020FCE700BFCAE50200F8B50C4DC8
:1012E00006460F4600232A785C1C52B16B78BB423D
:1012F00007D106223146A81C08F07AFD08B920461D
:10130000F8BD082C05F108052346ECD10020F7E7CD
:10131000688C002008B5F9F779FE20B1FFF724FAB0
:10132000003818BF012008BD08B5FFF7F3FF58B11A
:101330000023064A194602F833100133082BFAD16C
:1013400000F0B4F8002008BD0C20FCE7688C0020F9
:101350000823037001230B70002070470AB1FFF7C8
:10136000BDBF00F03FB90000072938B5054621D1BF
:10137000FFF7D0FF00B32C4614F8011B2046FFF7FF
:10138000ADFFD8B90E4B0822197869B92268C3F8A5
:101390000220A288DA802978597001221A7020462A
:1013A000BDE8384000F08EB8013A03F10803EBD1F4
:1013B000072038BD1220FCE70C20FAE70020F8E7F0
:1013C000688C0020072913B5044615D1FFF7A2FF4A
:1013D000A0B114F8011B01912046FFF77FFF01998E
:1013E00020B1074B0138002203F83020204600F0DE
:1013F0009FF8002002B010BD1220FBE70C20F9E797
:10140000688C002000F0D6B800F0E2B80B4B1A68E8
:101410000B4B3AB90121C3F80813C3F80021D3F8E4
:1014200000327047D3F8001131B10021C3F8001128
:10143000D3F80805C0B21047704700BFEC8C0020FD
:1014400000D000404FF08052D2F8A03013F00103DA
:1014500001BFD2F8A410D2F8A820A0F80520C0F847
:10146000011006BF037018464FF0FF3070470000B0
:101470004FF08053D3F8A030DB070FD5094B1B6822
:10148000C0F80130084B1B88A0F80530837963F061
:101490003F03837101230370002070474FF0FF303A
:1014A000704700BFA4000010A8000010034A0023EA
:1014B000C2F84036024A1370704700BF0010004067
:1014C000C85A00202DE9F041174E33780746884668
:1014D000012500242B421FD13846A400F7F7CCF990
:1014E00004F1804404F58054C4F80006381DF7F771
:1014F000BEF9B8F1010F08BF0C4AC4F8200602BFBC
:10150000D2F8403643EA0523C2F8403633781D430B
:1015100035700020BDE8F0810134082C4FEA450504
:10152000D8D10720F6E700BFC85A002000100040BD
:101530002DE9F04188460446F7F79EF90746201D3D
:10154000F7F795F9194B1A4DD3F840362E784FEA34
:10155000132C01220021164220D08B0003F180437E
:1015600003F58053D3F80046BC4217D1D3F8203698
:10157000984213D1D3B2B8F1010F03EA0C040BD196
:1015800064B10A4926EA03032B70D1F8403623EAF6
:101590000202C1F8402606E0002CF2D001310829F1
:1015A0004FEA4202D7D1BDE8F08100BF00100040F1
:1015B000C85A0020044A054BD2F840161B780B434A
:1015C000C2F84036704700BF00100040C85A0020E3
:1015D000034AD2F8403603F47F43C2F840367047DE
:1015E00000100040014BD3F8140170470010004078
:1015F0000C4B012200215A60C3F80011C3F80411FA
:10160000C3F804051A60D3F80021D3F8040122B905
:101610000028F8D04FF0FF307047003818BF012085
:101620004042704700E0004038B50C4B044691B191
:101630000122C3F8042564B1094D0A49E02385F865
:101640000D330D20F7F75CFF4FF400532B60064B72
:101650001C60002038BDC3F80415ECE700D0004042
:1016600000E100E00D140200EC8C002008B501F050
:1016700025FA074B0022C3F80021064A116801220F
:1016800009B1C3F804231A6001F020FA002008BD54
:1016900000D00040EC8C002010B501F00FFA064B92
:1016A00001220024C3F808235A60C3F8004101F066
:1016B0000DFA204610BD00BF00D00040014B0022B3
:1016C0001A707047A88C0020F0B50C4D2A78042AB7
:1016D00011D00B4C034604EB021400F110071868FC
:1016E0005968264603C60833BB423446F7D1013257
:1016F0002A700020F0BD0720FCE700BFA88C002066
:10170000AC8C002009490B7883420EDD013BDAB234
:1017100082420A7009DD064B121A03EB80031201A4
:1017200003F11001184608F07FBB7047A88C002019
:10173000AC8C002010207047064BD3F800212AB152
:10174000D3F8042112B1D3F8000470474FF0FF30F2
:10175000704700BF00F0004030B5B1B00D461446F0
:10176000014610226846F7F79EF8694604A800F083
:10177000A7FB10B9112031B030BD102229466846B0
:10178000F7F791F804AA6946204600F0EBFB002821
:10179000F0D020461021F7F775F80020EBE72DE98F
:1017A000F0411C4613682360536863600B68A360B4
:1017B0004B68E3600E461546214622468046FFF7F9
:1017C000CBFF074678B910214046F3F79CFD102166
:1017D0003046F3F798FD10212846F3F794FD1021C9
:1017E0002046F3F790FD3846BDE8F0812DE9F0473B
:1017F00088B0DDE9129A0D46102117461E46149C4A
:101800008046F3F780FD28461021F3F77CFD062182
:101810004846F3F778FD06215046F3F774FD07219B
:101820003846F3F770FD30460721F3F76CFD9DF85D
:1018300040308DF800309DF844308DF801303B6821
:10184000CDF80230BB88ADF80630BB798DF8083092
:101850003368CDF80930B388ADF80D306846B379F8
:101860008DF80F301021661EF3F74DFD6A1E6B4692
:101870000F35304612F8017F13F8011BAA4281EAA6
:10188000070100F8011FF5D1224621464046FFF727
:1018900063FF034620B11125284608B0BDE8F08754
:1018A000BAF80420DAF80000ADF814201021D9F8B5
:1018B00000200490CDF816200DEB0100B9F80420AB
:1018C0000793ADF81A20F3F71EFD04AB04F10F01E6
:1018D00016F8010F13F8012B8E4282EA00023270D3
:1018E000F6D1224621464046FFF736FF054600283E
:1018F000D1D110212046F3F706FDCDE7430901229F
:1019000000F01F0002FA00F04033024A42F82300C0
:10191000704700BF00E100E073B50669044601F0BE
:10192000CDF8D6F80415D6F8043165685BB105F139
:1019300080750023D6F804156560C6F8043194F963
:101940000100FFF7DBFF41EA0500019001F0BEF85E
:10195000019802B070BD30B484780369BCB34FF411
:101960008022C3F80823D3F80445D3F80451426811
:101970001DB1D3F8044502F1807222438A1A002A6D
:101980004FF0010506DCC3F8085330BC90F90100A4
:10199000FFF7B4BF022A07DCC3F80453D3F80435B9
:1019A0009C42F2D130BC7047B2F1807F34BF21F04D
:1019B0007F4104F500044FF48022C3F8085334BF7C
:1019C000C3F84815C3F84845C3F80423EAE74FF4C1
:1019D0000022C3F80823C3F84C15C3F84C41C3F8E0
:1019E000042301229A64D3F84835591A0029D9DB17
:1019F000CBE700002DE9F8432C4C2669D6F8483196
:101A000013B10023C6F84831D6F8003113B10023D2
:101A1000C6F80031D6F8043133B10023C6F80431DA
:101A2000636803F180736360A368DFF8808001332B
:101A3000A36001F043F801274FF00009656945B143
:101A4000A3789BB14046FFF767FFEB68C01A0028F8
:101A500011DA6369EBB9A278236922B34FF48022CB
:101A6000C3F808230122C3F8082316E023699F6402
:101A7000D3F84805E9E7D5E9043243B15A616A6908
:101A80001360D5E90130C5F814909847D6E7A261F4
:101A9000F5E7D9680548FFF75EFF01F017F8D6F8BB
:101AA0004831BDE8F8834FF40022DCE7F08C0020D9
:101AB000052810B51BDC0F4B53F82030BBB11C7848
:101AC000ACB9052813D10C4B0C4901229A700B209C
:101AD0000B4A1A6158700B4B4FF40062C3F8802018
:101AE000E02283F80B23F7F70BFD204610BD1620EC
:101AF000FCE700BF40E60200F08C0020F519020070
:101B000000B0004000E100E00528F8B570DC394B7A
:101B100053F82060002E6BD0052827D1364E34783C
:101B2000002C65D1B1F5004F62D13369002B5FD035
:101B300001253570F16000F0C1FF336902225D605C
:101B40009D60C3F80845C3F80441C3F804231D6031
:101B5000727896F9013002F01F0295405B09274A1E
:101B600042F8235000F0B2FF2046F8BD3578002D32
:101B70003ED1234B99423BD8B3FBF1F1B1F5007F45
:101B800036D83369A3B301290FD001231A4602FACC
:101B900003F08842DDB226D3013B02FA03F3CB1AED
:101BA000411A8B4201D2013DEDB2154B01272B4169
:101BB000F360377000F082FF3369032200245F6016
:101BC000DF60C3F80445C3F80825C3F810551F604B
:101BD000727896F9013002F01F0297405B09074ABC
:101BE00042F82370BEE701330A2BD0D11D46DCE753
:101BF0001620BAE740E60200F08C002000E100E089
:101C00000024F400052808B50FDC0B4B53F8200026
:101C100058B183781BB1BDE80840FFF77DBE03696A
:101C200001229A64D3F8480508BD044B044A0548CC
:101C300040F2113103F0E8FE40E6020036CA02002D
:101C40002FE60200DAE50200052810B509DC064C93
:101C500054F820402CB1C1E90123002048610C60F8
:101C600010BD1620FCE700BF40E6020038B5044670
:101C7000002832D04369002B2FD14368002B2CD091
:101C80000568C16000F01AFF6B6904F1100253B9D6
:101C900023612B46AA6143F8144F6361E16828462B
:101CA000FFF759FE0CE0E068D968411A00290BDA09
:101CB0005969C4E904310C605A616B699C42EDD0EA
:101CC00000F004FF002038BD1B69002BECD123611C
:101CD000AB6963611C60AA61EFE71620F3E738B5D2
:101CE000044660B3056800F0E9FE616999B16A696C
:101CF0002369A2420BBF012000201A46002273B1C3
:101D0000596161690B600023636120B14AB1D168F8
:101D10001068FFF720FE00F0D9FE002038BDA96151
:101D2000EFE7AA782B693AB14FF48022C3F8082371
:101D30000122C3F80823EEE74FF40022F9E716204A
:101D4000ECE7CB780278534003704B8842785340DD
:101D500043700A68837883EA122383700A68C37821
:101D60005340C370CB79027953400371CB884279D9
:101D7000534043714A68837983EA122383714A6826
:101D8000C3795340C371CB7A027A53400372427ACB
:101D90004B89534043728A68837A83EA12238372A1
:101DA0008A68C37A5340C372CB7B027B5340037370
:101DB000CB89427B53404373CA68837B83EA1223F7
:101DC0008373CA68C37B5340C37370471FB50278DF
:101DD0008DF8002042798DF80120827A8DF802205A
:101DE000C27B8DF8032002798DF80420427A8DF8A9
:101DF0000520827B8DF80620C2788DF80720027AB4
:101E00008DF80820427B8DF8092082788DF80A2011
:101E1000C2798DF80B20027B8DF80C204278C37AB2
:101E20008DF80D2082798DF80E208DF80F3010235B
:101E30006A46194600F000F905B05DF804FBF8B5F4
:101E4000064608780C4600F006F90546607800F072
:101E500002F9A27863785340E27853405D406840CD
:101E600030706078277800F0F6F80546A07800F02A
:101E7000F2F8A3785F40E3785F407D40684070707F
:101E8000A0786578277800F0E6F86F400546E0789E
:101E900000F0E1F8E3785F407D406840B070207862
:101EA00000F0D9F8637825785D40A3785D4045401F
:101EB000E07800F0D0F8EDB24540F570F8BD0000D4
:101EC000F0B5264E07460C460FCE8DB001AD0FC5BE
:101ED0000FCE0FC596E8070085E807003846002FAB
:101EE00038D0002C38D0381F2146024610344B78A9
:101EF0000D781B0443EA0563CD782B438D780431BC
:101F000043EA05238C4242F8043FF0D1144C0421EB
:101F10008A07036916D1C3F30742A55C1A0EA25CB7
:101F200042EA0562C3F30725DBB2655DE35C42EA82
:101F3000054242EA03220CAD21F003032B4453F87F
:101F40002C3C534050F8042F013153402C2903619D
:101F5000DED101200DB0F0BD2046FBE758E60200BF
:101F600084E602002DE9F043154689B006460028B4
:101F700058D0002959D0002A59D010230A46684663
:101F8000194600F059F8294668462A4CFFF7D9FE51
:101F900005F11007A146A035E8466A4610231178DE
:101FA000013B615C02F8011BF9D16846FFF70EFFA7
:101FB000694604A8FFF743FF01A905A8FFF73FFF03
:101FC00002A906A8FFF73BFF03A907A8FFF737FF01
:101FD000102319460DEB0302684600F02DF8394630
:101FE00068461037FFF7ADFEAF42D5D1102498F800
:101FF0000030013C19F8033008F8013BF7D168467E
:10200000FFF7E4FE29466846FFF79BFE10231946BA
:102010006A46304600F010F868461022214600F06B
:1020200018F8012009B0BDE8F0830846FAE7104629
:10203000F8E700BF84E6020038B50D46AB42114612
:102040001C4604D81A4607F0E1FE204638BD00249D
:10205000FBE707F003BFC3095A00134403EBC303B4
:1020600083EA4000C0B27047704703F052BB084695
:1020700003F042BB084611461A4603F041BB08462E
:10208000114603F03BBB03F03DBB10B5044603F023
:1020900007FB204610BD000038B5054608460C4633
:1020A00008F036F8013083B222460C48294600F089
:1020B00075F808B1002038BD084800F0F3F8204654
:1020C00008F026F8013083B222460448294600F081
:1020D00065F80028EED11C20EDE700BFCC5A0020A7
:1020E00038B5054607480C4600F056F9054829461C
:1020F00000F036F818B10C302060002038BD1C20EC
:10210000FCE700BFCC5A002010B5074C074A08492D
:10211000204604F066F903F0FCFA214682B2BDE8DD
:102120001040044800F008B89C0100200000002086
:1021300069200200CC5A002038B504460023A3745D
:102140000B6821609B68084615469847854204D273
:10215000206803689B68984785B22582204638BD71
:10216000426810B584680432944215D91368B3F1FB
:10217000FF3F104610D0994201D153684BB95389A3
:1021800023F00303043302F10C009BB203441A460C
:10219000EAE75A1CFBD110BD0020FCE72DE9F04F07
:1021A00090F8129087B00446884616461D46B9F14D
:1021B000000F05D14FF00009484607B0BDE8F08F89
:1021C000B1F1FF3FF6D0FFF7CBFF074648B13278B9
:1021D0003AB9012D05D820680368391D1B69984755
:1021E000EAE74FF0FF3304934FF6FF7343EA0543EA
:1021F000D4F80C90059315F0030314BF6A1C2A460B
:10220000019309F10C031344A268CDF80C809342AA
:10221000D0D82068036803AAD3F814B04946032332
:10222000D8472068E1680368C5F3870A0C31D3F802
:1022300014B0E16053463246D847E26804231AFBE3
:1022400003F113FB0A2A019BC4F80CA07BB1002305
:10225000019A0293314402A807F0D8FD2068029A3F
:10226000036851461B699847E3680433E3602FB164
:10227000206803684A461B69391D98474146204635
:10228000FFF76EFF002895D043899D4292D100F15F
:102290000C012A46304607F0ABFDB0FA80F94FEA50
:1022A000591989E72DE9F041044600680368DB68A5
:1022B000984763681F4A05468342206808BFA5689F
:1022C0001F1D036829461B69984704353A68A368AF
:1022D000013214D0BB4212D97E897B6826F00306F6
:1022E00010360133B6B208D1206803682946D3F806
:1022F00014803A46B308C04735443744E6E7666879
:10230000E560A368B3420AD92068036831469B6937
:102310009847206803689B6898470644F1E7AB42FA
:10232000228A2CBF63689B18A3609B1A63600120FC
:10233000BDE8F081F5C0A5F138B504460068036832
:10234000DB689847238A606003440546A360228ABD
:10235000636803EB4203AB420AD92068036829464D
:102360009B699847206803689B6898470544EEE797
:1023700038BD000010B50446FFF7DEFF2068054AAF
:10238000036861681B69984763680433E36001234D
:10239000A37410BDF5C0A5F170B5857C044695B950
:1023A00000680368DB689847238A6060C218A260EF
:1023B000134906688E420BD0C058884205D020468B
:1023C000FFF7D8FF0125284670BD13446260A36063
:1023D00062680421131D186801300BD05B89A06866
:1023E00023F0030304339BB20C3319445318834284
:1023F000F1D3E8E70A440125E260A574E3E700BFF2
:10240000F5C0A5F1F8B505460E4617460024BC42B6
:1024100007D02B68315D9B682846984708B1013486
:10242000F5E72046F8BD13B50446084659B10191B9
:1024300007F06EFE23680199DB680246204602B071
:10244000BDE81040184702B010BD000008B50249B1
:10245000FFF7E9FF08BD00BF34B6020038B50546F6
:10246000FFF7E1FF04462846FFF7F0FF204438BDA0
:102470000EB403B503A951F8040B019103F0A6F8BB
:1024800002B05DF804EB03B0704710B540220021A4
:10249000044607F0E3FC0023C4E91033204610BDD6
:1024A000026C10B5531C446C03F03F039C421CBFEC
:1024B0008154036410BD0023C0E910337047D0E994
:1024C000102393421FBFC25C013303F03F034364F8
:1024D00014BF10464FF0FF307047D0E91030181A83
:1024E00048BF40307047D0E91023934214BFC05C0E
:1024F0004FF0FF307047036C406C013303F03F0333
:102500001B1A58425841704710B5044600F08EFA25
:10251000E06023682046DB699847002808DA00F06D
:1025200085FAE368C01AA3689842F2D34FF0FF30EF
:1025300010BDF8B506460D4617460024BC4207D02C
:102540003046FFF7E1FF031E02DB2B550134F5E7B0
:102550002046F8BD01207047036813229B6A184784
:1025600070470369D3F8000548B1C3F81C15D3F8C8
:102570001C21002AFBD00022C3F81C210120704737
:102580007047000090F95C30590910B40122104CDA
:10259000203103F01F0302FA03F344F821300369EA
:1025A0005DF8044B0421C3F808135A60DA60002276
:1025B000C3F800254FF0FF32C3F80C251430C3F8E0
:1025C0001425C3F80825C3F81025FFF774BF00BF12
:1025D00000E100E01430FFF780BF1430FFF783BF45
:1025E0001430FFF76CBF10B5044603F059F82046CD
:1025F00010BD0000026990F85E3010B5C2F80C35CD
:1026000090F85D30C2F8143590F86130012B01BFAD
:1026100090F85F40C2F8104590F86040C2F8084555
:1026200018BF0023B1F5966FC2F86C3560D9B1F5CB
:10263000166F60D9B1F5965F60D9B1F5165F5FD9B5
:10264000B1F5615F5ED9B1F5964F5DD9B1F5E14F56
:102650005CD9B1F5164F5BD9B1F5614F5BD9B1F5D6
:10266000963F5BD9B1F5E13F5AD9B1F5613F5AD9EF
:10267000314B99425AD9B1F5E12F5AD9B1F5612FB1
:1026800094BF4FF070634FF08053C2F8243500219F
:102690000423C2F80035C2F80811C2F81C11012148
:1026A00011609160C2F8043390F95C3003F01F02AE
:1026B0005C0991406034214A002B42F82410BDBFD0
:1026C00003F00F0302F6FC32D2189B18B5BF60234B
:1026D0006022137683F8002390F95C3001225909B7
:1026E00003F01F0302FA03F3144A42F8213010BD2D
:1026F0004FF49E23C9E74FF41D23C6E7104BC4E7F0
:10270000104BC2E7104BC0E7104BBEE7104BBCE7C5
:102710004FF41D03B9E74FF46B03B6E70D4BB4E775
:102720004FF0EB73B1E74FF06C73AEE74FF080639F
:10273000ABE74FF0E863A8E790D0030000E100E0CA
:1027400000B013000050270000F03A0000A04E0037
:1027500000C0750000903A0108B5044B2BB1044845
:10276000FFF7BBFE08B1AFF3008008BD000000001A
:10277000F45A00202DE9F0411D464FF000084FF4B7
:102780007A73C0E901830D4B044640F8143B1646AA
:102790000F46FFF77AFE0A4B276153F8252084F88D
:1027A0005D209DF8182084F85C6053F8223084F88E
:1027B0005E3084F861802046BDE8F081B0E7020019
:1027C000B4AC02000369D3F8082110B504464AB13D
:1027D000D3F818151430C9B2FFF762FE236900223E
:1027E000C3F8082110BD00000148FFF7EBBF00BF90
:1027F000E05A002013B5084C084922230093022216
:1028000021232046FFF7B6FF054A0649204602B0BD
:10281000BDE8104003F0E5BDE05A00200020004074
:10282000000000208125020008B107F063BB70475B
:10283000F8B5154616460024224A27468F420EDB7D
:102840004CB17A1A002A06DDC2F104002044B3B369
:102850003D2107F003FB00233370701BF8BD07F127
:10286000010C04788C45B8BF90F801C04FEA0424ED
:10287000B8BF644407F1020C8C45B8BF90F802C0A1
:102880004FEA0424B8BF64444FEAA44C033712F85B
:102890000CC086F800C0C4F3053C033012F80CC02D
:1028A00086F801C0C4F3851C04F03F0412F80CC084
:1028B000145DF47086F802C034460436BEE706465E
:1028C000C9E700BFE4E702002DE9F04F85B0436897
:1028D00001938368C768002BD8BF6FF000430025C1
:1028E000002F04460093D8BF6FF00047A846009B16
:1028F000B3EB080B1ED0236803EB080A13F808306B
:10290000C3B166695246C6F1040900234B450CDB8E
:1029100006F11000CB4520441DDA5A46514607F017
:1029200075FA62695A44626104E012F8011B29B920
:102930004FF0FF35284605B0BDE8F08F3D2908D09F
:102940002B48CDE9023207F0C4FBDDE90232002852
:10295000EED00133DAE74A46514607F057FAB9F1AB
:10296000030FE5DD002204F10F0604F1130B1346FB
:1029700016F801AFBAF13D0F4FEA831323D10132AC
:102980005E45F5D1022AD3DC43EA02635A1CCFD05C
:102990000022BD42C84462614FEA1361CADA01985D
:1029A0001A0C0129425505F101020AD8BA421DDA72
:1029B000019E180AB054AA1C19B9BA4216DAB354C7
:1029C000EA1C154693E7002AB2D10948864601461B
:1029D00010F801CBBCF1000F02D14FF0FF3103E042
:1029E000E245F4D1A1EB0E010B44C9E71546A1E77E
:1029F000E4E7020030B587B005460C4610220021FE
:102A000002A807F02BFA6846CDE90054FFF75CFFF7
:102A100007B030BD044B4FF080525A6040BFBFF347
:102A20004F8FBFF36F8F704700ED00E008B500F0E7
:102A3000CFFE4FF47A735843800A08BD80024FF4EA
:102A40007A73B0FBF3F000F0BDBF72B6FEE7000092
:102A50004FF0807340E90213054B40F80C3C6FF0D7
:102A6000020340F8202C40F8243C4438704700BF53
:102A70004B2A02000E4C08B5E02384F8223000F007
:102A800077F80C4B00221A60D4F888300A4A43F4D5
:102A90007003C4F88830536843F04043536023699F
:102AA00043F01003236103F031FB72B6FEE700BF71
:102AB00000ED00E0445B002030EF00E072B6024A17
:102AC0001368013313607047445B0020034A1368A6
:102AD000013B136003B962B6704700BF445B00203E
:102AE000014B1868704700BF445B0020EFF3108073
:102AF00072B6704780F310887047000073B5194BA9
:102B000000261E601B680193019BFFF7EFFF164B29
:102B1000D3F80445C3F8006103F5807305461B68CC
:102B20000093009B00F054FE231A23F07F4424F00E
:102B3000010323B101F0AAF8022818BF01240026DE
:102B4000013C0BD226B1094B4FF080525A6040BF76
:102B5000284602B0BDE87040FFF7CCBF00F04CFE45
:102B60000643EDE7401101400010014000ED00E098
:102B70000A4B0B491F22C3F808250122C3F804237E
:102B80000A601A600222C3F84423064BE02283F84D
:102B900011234FF400321A60704700BF001001404B
:102BA0000810014000E100E07FB5054672B62C4CEC
:102BB000D4F8046501F042F8234600284DD0294C92
:102BC000AC4228BF2C46321922F07F420121C3F8C3
:102BD0000813C3F84025244A0021116011680191AF
:102BE00001994FF48031C3F80413BFF34F8F11469E
:102BF00095B1F1EE102A22F09F02E1EE102AF1EEDB
:102C0000102A1A4A4020C2F8840120BFD2F800518D
:102C1000D2F804012843F8D000204FF48032C3F8E2
:102C2000082308600A680392039A114A1060126828
:102C30000292029A0122C3F80423D3F804359B1BA5
:102C400023F07F40A042094B4FF4003228BF2046BA
:102C5000C3F8802108B100F0C7FD62B604B070BDB2
:102C600000100140FDFFFF004011014000E100E0C5
:102C70000011014010B50446FFF720FFA46BFFF7D9
:102C800025FFB4FA84F0400910BDF8B51546026C72
:102C9000866B044652B9076847BB806801F054F858
:102CA000A76005460136A6632846F8BD65B94068A9
:102CB00007F0ACF86368226C1344A2686360934227
:102CC000F0D323686360EDE7C06807F09FF8226CDB
:102CD000E36851429B1A2268E36093423EBFA368B7
:102CE0005B18E360022D01D116B1013E0025D9E742
:102CF0003546D7E7034610B41A6C08466AB1DC685B
:102D0000996814448C4228BF1968DC6028BFD960D8
:102D1000D9685DF8044B07F079B85DF8044B70474B
:102D200070B50446FFF7CAFE94F8455004F1240636
:102D30006DB2002D14DCFF2384F84530FFF7C6FE8A
:102D4000FFF7BCFE94F8445004F110066DB2002D5C
:102D500012DCFF2384F84430BDE87040FFF7B6BEB4
:102D6000636A002BE7D0304600F0F0FE08B100F0B7
:102D70005FFF013D6DB2DCE72369002BE9D03046EF
:102D800000F0E4FE08B100F053FF013D6DB2DEE754
:102D900038B504460D46FFF791FED4E90F3122689D
:102DA00062604B43D0185B1A1344A060E3600020BC
:102DB000FF23A06384F8443084F845309DB923692B
:102DC0006BB104F1100000F0C1FE40B10A4B4FF0AE
:102DD00080525A6040BFBFF34F8FBFF36F8FFFF732
:102DE00075FE012038BD04F1100003F04EF904F126
:102DF000240003F04AF9F2E700ED00E010B51C46AC
:102E000063B10123002908BF2246C4E90F0184F8F9
:102E10004630226019462046FFF7BAFF204610BD13
:102E200070B50646484348300D4603F055F8044651
:102E300060B1002380F8463055B100F14803C4E981
:102E40000F65236001212046FFF7A2FF204670BDD9
:102E50000346F4E710B502220C460021FFF7E0FF1D
:102E600000B1846310BD00002DE9FF474FF000085A
:102E7000DFF8F8A0019204460F461E46C146FFF750
:102E80001DFEA26BE36B9A4201D3022E1AD1324689
:102E900039462046FFF7F9FE636A1BB104F12400AE
:102EA00000F054FE40B1314B4FF080525A6040BFA9
:102EB000BFF34F8FBFF36F8FFFF708FE012004B001
:102EC000BDE8F087019D1DB9FFF700FE0020F6E781
:102ED000B8F1000F02D102A800F076FEFFF7F6FD70
:102EE00000F06EFCFFF7EAFD94F84430FF2B08BFBA
:102EF00084F8449094F84530FF2B08BF84F845903F
:102F0000FFF7E4FD01A902A800F06AFE38BBFFF755
:102F1000D5FDA26BE36B9A420FD1FFF7D7FD019964
:102F200004F1100000F0EEFD2046FFF7F9FE00F07E
:102F3000DBFC50B14FF00108A1E7FFF7C7FD2046C9
:102F4000FFF7EEFE00F0D0FCF4E74FF08053CAF834
:102F5000043040BFBFF34F8FBFF36F8FEAE72046C7
:102F6000FFF7DEFE00F0C0FCB0E700BF00ED00E0C0
:102F700038B58568044600F083FE85420AD1E368CF
:102F8000013BE36023B91A4619462046FFF76CFF60
:102F9000012000E0002038BD10B5024600210120CC
:102FA000FFF73EFF044638B1002383600360C3602F
:102FB0001A461946FFF758FF204610BD2DE9F34188
:102FC0000446019117469846FFF790FDA26BE36B0C
:102FD00001999A42064602D3B8F1020F23D194F820
:102FE0004550A36B6DB242462046FFF74EFE6B1C68
:102FF00014D1636A0BB9012409E004F1240000F044
:10300000A5FD0028F7D0002FF5D001243C60304604
:10301000FFF770FD204602B0BDE8F08101356DB2CA
:1030200084F84550E7E70024F1E770B504460D4603
:10303000FFF75CFDA26BE36B934206461ED994F842
:1030400045100132FF294BB2A26312D1636A0BB95A
:10305000012409E004F1240000F078FD0028F7D0F5
:10306000002DF5D001242C603046FFF743FD2046AB
:1030700070BD01335BB284F84530E9E70024F3E723
:103080002DE9F04385B00027DFF8E4900192044673
:103090000E46B846FFF712FDA56BDDB1314620465E
:1030A000013DFFF727FEA56323696BB104F1100012
:1030B00000F04CFD40B12E4B4FF080525A6040BFA3
:1030C000BFF34F8FBFF36F8FFFF700FD012005B0F7
:1030D000BDE8F083019D1DB9FFF7F8FC0020F6E77D
:1030E00017B902A800F070FDFFF7F0FC00F068FBD4
:1030F000FFF7E4FC94F84430FF2B08BF84F84480C9
:1031000094F84530FF2B08BF84F84580FFF7DEFCBC
:1031100001A902A800F064FDF8B92046FFF7AAFD56
:10312000A8B1019904F1240000F0ECFC2046FFF75F
:10313000F7FD00F0D9FB40B94FF08053C9F80430D7
:1031400040BFBFF34F8FBFF36F8F0127A2E7204629
:10315000FFF7E6FD00F0C8FBF7E72046FFF7E0FDCC
:1031600000F0C2FB2046FFF785FD0028EDD0B5E753
:1031700000ED00E02DE9F04385B00025DFF81C915B
:10318000019104462F462E46FFF798FCA36BEBB146
:10319000013BA363236813B900F04CFEA0602369D0
:1031A0006BB104F1100000F0D1FC40B13B4B4FF08B
:1031B00080525A6040BFBFF34F8FBFF36F8FFFF74E
:1031C00085FC0125284605B0BDE8F083DDF80480C4
:1031D000B8F1000F03D1FFF779FC0025F2E717B92A
:1031E00002A800F0F1FCFFF771FC00F0E9FAFFF72C
:1031F00065FC94F84430FF2B08BF84F8446094F8D1
:103200004530FF2B08BF84F84560FFF75FFC01A93C
:1032100002A800F0E5FC48BB2046FFF72BFDF8B103
:1032200023683BB9FFF74AFCA06800F03FFD054664
:10323000FFF74CFC019904F1240000F063FC2046E8
:10324000FFF76EFD00F050FB40B94FF08053C9F816
:10325000043040BFBFF34F8FBFF36F8F012793E759
:103260002046FFF75DFD00F03FFBF7E72046FFF744
:1032700057FD00F039FB2046FFF7FCFC0028EDD09D
:10328000002D9FD0FFF71AFC616A19B1236B1968F2
:10329000C1F10501A06800F08DFD9CE700ED00E0A4
:1032A00037B585680191044600F0EAFC8542019932
:1032B00005D1E3680133E360012003B030BD20464F
:1032C000FFF758FF0028F8D0E3680133E360F4E724
:1032D0002DE9F341054601919046FFF707FCAC6BE1
:1032E00001990746CCB195F84460284676B2FFF7BD
:1032F00001FD013C731CAC6316D12B690BB9012491
:103300000BE005F1100000F021FC0028F7D0B8F127
:10331000000FF4D00124C8F800403846FFF7EAFB5C
:10332000204602B0BDE8F081013676B285F84460EF
:10333000E5E713B50446FFF7C1FBA06B0190FFF76B
:10334000C5FB019802B010BD806B704790F8463005
:103350000BB902F045BE704770B504460D461646DF
:10336000FFF7ACFB94F84430FF2B04BF002384F834
:10337000443094F84530FF2B04BF002384F84530D7
:10338000FFF7A4FBA36B2BB93246294604F12400B6
:1033900000F0C8FB2046BDE87040FFF7C1BC00004C
:1033A0002DE9F0410446FFF789FB314B314D1A6896
:1033B000314E01321A602A68002A4FD12C601B68F6
:1033C000012B25D12D48DFF8EC802D4F02F05DFE5A
:1033D0002C4802F05AFE2C4802F057FE2B4802F00F
:1033E00054FE2B4802F051FE404602F04EFE384695
:1033F00002F04BFE274802F048FE274802F045FE47
:10340000264802F042FE264BC3F80080254B1F6081
:10341000254A26491368086801331360E26A0123CC
:10342000934003430B60154B142000FB0230211D19
:1034300002F039FEFFF74AFB33686BB12B68DA6A9A
:10344000E36A9A4208D21A4B4FF080525A6040BF4A
:10345000BFF34F8FBFF36F8FBDE8F0813368002B50
:10346000D6D12B68DA6AE36A9A4298BF2C60CFE71C
:10347000B85B0020485B0020185C0020545B0020F3
:10348000E05B0020685B00207C5B0020905B0020FC
:10349000A45B0020045C0020305C00201C5C002049
:1034A0004C5B0020505B0020C45B0020C85B002008
:1034B00000ED00E0CC5B0020094B0A4A1B68126853
:1034C000D06A58B9084A1268012A08D8012B06D8D0
:1034D000064B1868064B1B68C01A704700207047DF
:1034E000C85B0020485B0020545B0020F85B002094
:1034F000445C0020064A13681968064B19B94FF05E
:10350000FF321A6070471268D2681268F9E700BF8C
:103510004C5B0020F85B00202DE9F047DDE90984D1
:103520004FEA82094A4606460D46206BA5211F46F2
:1035300006F094FC226BA9F10409914429F00709D3
:10354000ADB36B1E04F13402033513F8011F02F80A
:10355000011B197809B1AB42F7D1002384F8373049
:10356000089D042D28BF04254FF0000AE562A563DD
:10357000201DC4F83CA002F093FDC5F1050504F13F
:10358000180002F08DFD2461A5616462C4F840A0BA
:1035900084F844A03A4631464846FFF759FA20607D
:1035A000B8F1000F01D0C8F80040BDE8F08784F8FA
:1035B0003450D5E710B590F8453004463BB9006B60
:1035C00002F00EFD2046BDE8104002F009BD012BBF
:1035D000F9D010BDF8B51B4B1B4F1D680446386869
:1035E00004300E4602F082FD3B4640B93968174868
:1035F000CF6A02680121B94022EA01020260621C1E
:1036000007D136B119681248BDE8F840043102F01C
:103610004ABD1A682C19546007D30E4A10681968FD
:10362000BDE8F840043102F04ABD0B4A1068196841
:10363000043102F044FD094B1A68A24288BF1C60A5
:10364000F8BD00BF445C0020485B0020C85B002040
:103650001C5C0020505B00204C5B0020F85B0020CD
:1036600030B587B0DDE90B547CB18DB125630225FF
:1036700084F8455005AD01950A9D02940095FFF729
:103680004BFF2046FFF78CFE059C204607B030BD5F
:103690002C46FAE7F8B50446234DFFF70FFA04B9B4
:1036A0002C68261D304602F021FD60B9E76A1F4BE9
:1036B000142078431B5833B91D4901220B68BA40C6
:1036C00023EA02030B60A36A1BB104F1180002F0A5
:1036D0000DFD184A1368013313602B68A34219D1FA
:1036E0001548314602F0DFFC144A136801331360B9
:1036F000FFF7ECF9124B1B685BB12B68A34208D1B2
:10370000104B4FF080525A6040BFBFF34F8FBFF352
:103710006F8FF8BD0C4A13682046013B1360FFF71A
:1037200049FFFFF7E7FEE3E7485B0020545B00201A
:10373000C85B0020C45B0020305C0020BC5B002024
:10374000185C002000ED00E0B85B002010B588B0E8
:10375000002407AA06A905A8CDE9054402F024FD26
:10376000059B0293069B079A0E490F48CDE900433B
:103770002346FFF775FF0D4B186070B100F01EFC7B
:1037800001280AD172B60A4B4FF0FF321A60094B7A
:103790001860094B1C60FFF76DF9084B1B6808B0F7
:1037A00010BD00BF25E80200F5390200F45B0020DF
:1037B000F85B0020185C0020445C0020A001002081
:1037C000024A136801331360704700BFC05B0020DA
:1037D000014B1868704700BF445C0020014B18681B
:1037E000704700BF445C0020024A13681844106010
:1037F000704700BF445C00202DE9F84F2F4B1B6839
:10380000002B54D12E4B1E6801361E605EB92D4A26
:103810002D4B1168186810602C4A19601368013329
:103820001360FFF767FE2A4F3B689E424FF000048B
:1038300007D2284B1B68002B18BF01242046BDE887
:10384000F88FDFF88090DFF89880DFF898A0D9F83B
:1038500000301B681BB94FF0FF333B60E9E7D9F834
:103860000030DB68DD686B689E42F6D305F1040B1F
:10387000584602F03BFCAB6A1BB105F1180002F0A0
:1038800035FCEA6AD8F800100123934014200B435A
:1038900000FB02A05946C8F8003002F004FC0E4BB1
:1038A000EA6A1B68DB6A9A4228BF0124CFE70B4A09
:1038B0001368013313600024C0E700BFC05B002021
:1038C000445C00204C5B0020505B0020FC5B00202F
:1038D000F85B0020485C0020485B0020005C002072
:1038E000C85B0020545B00202DE9F341FFF7E6F8A8
:1038F0002B4B1A68013A1A601C6834B10024FFF798
:10390000E5F8204602B0BDE8F081264B1B68002B8D
:10391000F4D0254D254EDFF8A8801FE0EB68DC6869
:1039200004F1180002F0E2FB211D0846019102F0AB
:10393000DDFBE26A30680199012707FA02F30343CD
:10394000142000FB0280336002F0ADFB184BE26AEA
:103950001B68DB6A9A4201D3164B1F602B68002B51
:10396000DCD10CB1FFF7C6FD134D2C6844B1114EEC
:103970000127FFF741FF00B13760013CF9D12C600E
:103980000C4B1B68002BB9D00C4B4FF080525A6087
:1039900040BFBFF34F8FBFF36F8F0124AFE700BF6E
:1039A000C05B0020B85B0020045C0020C85B0020E6
:1039B000485B0020485C0020005C002000ED00E037
:1039C000545B002008B548B9094B4FF080525A604B
:1039D00040BFBFF34F8FBFF36F8F08BDFFF7F0FEFF
:1039E0000021FFF7F7FDFFF77FFF0028ECD0F4E799
:1039F00000ED00E0F8B51B4C1B4F1C4D2368EBB9E4
:103A00001B4B1B68012B08D91A4B4FF080525A6090
:103A100040BFBFF34F8FBFF36F8F01F099FFFFF7E8
:103A20004BFD0128E9D9FFF7CBFEFFF745FD012843
:103A300001D9FFF7B9F8FFF757FFDEE7FFF73EF8C8
:103A4000FB68DE68301D02F051FB2B68013B2B60E8
:103A50002368013B2360FFF739F83046FFF7AAFDE2
:103A6000CCE700BFBC5B0020305C0020B85B0020CE
:103A7000545B002000ED00E01D4B1A681D4B70B533
:103A800012B101221A6070BD1B4C1A6023681B6BB7
:103A90001A68B2F1A53F0BD15A68B2F1A53F07D120
:103AA0009A68B2F1A53F03D1DB68B3F1A53F04D01A
:103AB00020682168343101F033FF104B10491B6836
:103AC000B3FA83F3C3F11F03142000FB03F28D1834
:103AD00008326E6876686E600A44964204BF726867
:103AE0006A6000FB03135B68DB682360CBE700BF01
:103AF000C05B0020485C0020485B0020C85B0020C1
:103B0000545B002010B5064B0C461968183102F0C2
:103B1000D6FA20460121BDE81040FFF75BBD00BF8B
:103B2000485B002038B5084B0D461968144618311B
:103B300002F0B9FA002C21460CBF28464FF0FF30A6
:103B4000BDE83840FFF746BD485B0020C36837B585
:103B5000DC6804F118010846019102F0C7FA144B21
:103B600001991B6803BB211D0846019102F0BEFAB2
:103B70001048E26A05680199012393402B430360D2
:103B80000D4B142000FB023002F08DFAFFF7B2FC5F
:103B90000A4BE26A1B68DB6A9A4285BF084B012028
:103BA0000020186003B030BD064802F07CFAEFE751
:103BB000C05B0020C85B0020545B0020485B0020F5
:103BC000485C0020045C0020034B1B680360034B2F
:103BD0001B684360704700BFFC5B0020445C002012
:103BE00070B50D460446FEF769FF0F4B19682B6848
:103BF0005A1C17D00D48266800686268864208D0B3
:103C00008A4206D800232B600124FEF75FFF20467E
:103C100070BD881A8342F5D95B1A13442B60204685
:103C2000FFF7D2FF0024F0E7445C0020FC5B00209B
:103C3000014B01221A607047485C00200B4B1B6847
:103C40007BB90B4A106870B90A4B1B6863B90A4B01
:103C500018680A4B1B68013B984214BF01200220E0
:103C60007047002070471846704700BF045C002072
:103C7000485C0020005C00201C5C0020B85B002039
:103C8000014B1868704700BF485B0020054B1B685C
:103C900033B1054B1B68002B0CBF0220002070477E
:103CA00001207047185C0020C05B0020F7B5044677
:103CB000002832D0214AC36A1168C96A8B4216466D
:103CC00033D282691E4D002AA1BF3268D26AC2F186
:103CD00005028261142202FB035342699A421ED1FB
:103CE000011D0846019102F001FA164B019930B905
:103CF000E76A1A680120B84022EA00021A603268B6
:103D00001E68D26AE262012404FA02F030431860AD
:103D1000142000FB025002F0C6F9204603E033688D
:103D2000DB6AC362012003B0F0BD1368806BDC6AFC
:103D3000A0422CBF00200120F5E700BF485B002017
:103D4000545B0020C85B002037B5044610B9002042
:103D500003B030BDC36BC16A826B013B9142C36348
:103D6000F5D0002BF3D1011D0846019102F0BEF9F8
:103D70000E4A019930B9E56A13680120A84023EA88
:103D800000031360A36B1568E362C3F10500A06133
:103D9000012404FA03F028431060054A142000FBB4
:103DA000032002F080F92046D2E700BFC85B002064
:103DB000545B002037B50446002834D0836B994209
:103DC00038BF1946C36A8B422DD0C26B012A2AD153
:103DD0008269164DC162002A4FF0140202FB0353A0
:103DE0004269A4BFC1F1050181619A421BD1011D45
:103DF0000846019102F07AF9E46A0D4A019928B95E
:103E000013680120A04023EA000313601068012317
:103E1000A3400343142000FB0450136003B0BDE82B
:103E2000304002F040B903B030BD00BF545B002009
:103E3000C85B0020044B1A681AB11968CA6B0132BA
:103E4000CA631868704700BF485B00202DE9F34142
:103E5000089E05460C4690461F46FEF72FFE26B1EB
:103E600004F1100355F8233033602B19022293F824
:103E7000446083F844207B1EF6B2032B09D8DFE8A8
:103E800003F00211161A05EB8404236C43EA0803BD
:103E90002364012E16D00126FEF718FE304602B02C
:103EA000BDE8F08105EB8404236C0133F0E71034A6
:103EB00045F82480EDE7022E29D004F1100145F8E1
:103EC0002180E6E7291D0846019102F00FF911480B
:103ED000EA6A0468019906FA02F3234303600E4B71
:103EE000142000FB023002F0DEF8FFF703FB0B4B5F
:103EF000EA6A1B68DB6A9A42CDD9094B4FF08052BF
:103F00005A6040BFBFF34F8FBFF36F8FC4E70026E7
:103F1000C2E700BFC85B0020545B0020485B002064
:103F200000ED00E0F7B50F4CFEF7C8FD25689DB920
:103F30000D4F0E4E384602F0A8F8304602F0A5F8B4
:103F40000B4B0C4A1F600C4B10211E6020200B4BAA
:103F50000095FEF753FF206003B0BDE8F040FEF788
:103F6000B5BD00BFC85E0020545E0020685E002022
:103F70004C5C0020545C0020505C0020805E0020DF
:103F8000914208B5416000610AD8D21A83699A4209
:103F90000DD2084B011D186802F091F8002008BDF1
:103FA0009A4201D2994202D2034B011DF3E701204C
:103FB000F5E700BF505C00204C5C002010B588B0D5
:103FC000FFF7B0FF0E4B18680024B8B107AA06A986
:103FD00005A8CDE9054402F0F3F8059B0293069B82
:103FE000019304230093079A064907482346FFF7E5
:103FF00037FB064B1860001B18BF012008B010BD2E
:10400000C85E00202AE8020005410200CC5E0020C4
:104010002DE9F041804628200F4615461E4601F046
:104020005BFF0446A0B1002380F82430FFF77AFF3D
:10403000069BC4F80080C4E906762362201D02F0C6
:104040002FF82DB194F8243043F0040384F8243081
:104050002046BDE8F08100007FB50F4C0546206882
:1040600016461A4680B10529CDE9001602950DDCE9
:10407000FFF70CFE0023022808BF089A206818BF2B
:104080001A466946FEF7F0FE04B070BD002369468B
:10409000FEF794FFF8E700BFC85E0020F0B5174DAB
:1040A00085B000272B681A682AB9154A116829605B
:1040B000136005B0F0BDDB68DC681E68211D084692
:1040C000039102F013F8236A2046984794F82430AD
:1040D000039913F0040FE5D0A36933449E4205D23F
:1040E00028686360246101F0EAFFDBE700230097A2
:1040F000324619462046FFF7AFFFD3E74C5C00205D
:10410000505C00202DE9F04F674E87B0B146336810
:10411000D3F800B0BBF1000F2AD0DB68D3F800B0B1
:104120000024624D624FFFF74BFBFFF751FB2B68FA
:1041300098428246A8461DD32860002C44D05D4B8F
:104140001B681C68B4FA84F4640938682246ABEB37
:104150000A01FFF701F9FFF7C7FB88B9564B4FF08B
:1041600080525A6040BFBFF34F8FBFF36F8F07E09D
:104170000124D6E7FFF792FFC5F800A0FFF7B4FBD4
:104180003868002202A9FEF77BFF0028BFD0029BFF
:104190000498002B3FDB049C6369002B42D1FFF79E
:1041A00017FBD8F800309842054601D2FFF776FF9A
:1041B000029BC8F80050092BE2D8DFE803F037373C
:1041C00037575E6D3737575E8345BED8FFF78CFB98
:1041D000D9F80030DB68DD68281D01F087FF95F80D
:1041E0002430580712D5A9695B46524659442846DF
:1041F000FFF7C6FE30B1009423465A4621462846B2
:10420000FFF72AFF2B6A28469847B9E723F00103F6
:1042100085F82430F6E7039B05999847029B002B0D
:10422000AEDBB8E7201D01F061FFB8E794F8243059
:10423000A16943F0010384F82430039B2A46194402
:104240002046FFF79DFE00289AD0236A2046984713
:1042500094F82430590793D5A269039900230A449E
:10426000009319462046FFF7F7FE89E794F82430BB
:1042700023F0010384F8243082E794F82430039972
:10428000A16143F0010384F824302A462B462944D7
:104290002046FFF775FE73E794F824309A07E7D4B9
:1042A000204601F09DFE6BE74C5C00207C5E002008
:1042B000C85E0020505C002000ED00E040687047C0
:1042C00013B50446FEF7FAFB94F8240000F0010051
:1042D0000190FEF7FBFB019802B010BD13B5044638
:1042E000FEF7ECFBE0690190FEF7F0FB019802B0ED
:1042F00010BD01F0F1BD01F0B8BE01F09DBE01F0AE
:104300006FBE084601F0E8BD084601F069BE0846E8
:10431000114601F091BE9A4238BF885470477047E9
:104320002DE9F74FDDF83C9019F0030FDDE90D465C
:1043300007468B46154628D00C9901EB0408144417
:10434000A24226D119F0020F0AD0A4EB0508C146FB
:104350004E4505EB090226D83544464528BF2C4674
:10436000204603B0BDE8F08F594620200193B8479E
:10437000019B08F10108B0450AEB0802F4D3321B97
:10438000B44288BF00222A44D6E7A046A2EB040A22
:10439000F1E702F1010A18F8010D01935946B847F7
:1043A000019B5246CCE759462020019309F10109AF
:1043B000B847019BCCE72DE9F04F2DED028B91B072
:1043C00008EE903A9DF8783006939246DDE91C237A
:1043D0001343DDE9217408EE100A9DF87C608946DC
:1043E00020D1600518D430238DF8203024F010043B
:1043F0000125A10700F19B8004F0010247B1002ACA
:1044000000F09580069B13B914F00C0F00D0013F0B
:104410002B4608A9302032E0102E01D124F01004E0
:104420000025E6E7002314F0200FF2B2CDE90423C3
:1044300014BF372357230DF1200800250793DDE92A
:104440000423DDE91C0105F051FAD2B2092A8ABF22
:10445000079B3032D218D2B2DDE904BC08F8012B38
:10446000DDE91C23634508BF5A4505F10105C0D3AA
:10447000202DBED0CDE91C01E1E7585401331AB11B
:104480009F4201D9202BF8D108A9302201E0CA545B
:1044900001332098984201D9202BF8D1082E03D15E
:1044A0009D4238BF24F0100441F21002144223D080
:1044B00062053FD4002B3DD0209A9A4201D09F4202
:1044C00038D19D4236D25A1E33D0102E37D1954264
:1044D00033D2023BA5063BD41F2B17D810AA1A448F
:1044E000782002F8200C01331F2B0FD810AA1A4491
:1044F000302002F8200C01331F2B07D8069A6AB32C
:1045000010AA1A442D2002F8200C0133CDE9001323
:10451000CDE9027418EE903A18EE100A5246494658
:10452000FFF7FEFE11B0BDEC028BBDE8F08F2B460D
:10453000AAE71346102E03D1CCE71346CAE7134669
:10454000022ED1D11F2BE1D810AA1A446220C8E74D
:104550001F2BDBD810AA1A445820C2E7600703D5E6
:1045600010AA1A442B20CEE72207CFD510AA1A444E
:104570002020C8E72DE9F04F2DED028B85B01F46B6
:10458000DB0F03931CBF07F100431F46164618BFFD
:10459000164601903946304605F0D4F9109A444B3E
:1045A00003EBC20393ED007B0446B0EE478AF0EEC6
:1045B000678A0D4604F024FE02460B463046394613
:1045C00004F094FC53EC182B04F048FE8046894616
:1045D00005F0B8F982468B4604F012FE02460B46FF
:1045E0004046494604F082FC324B00228046894610
:1045F00005F0C4F80290002845D01AF1010A4BF1E9
:10460000000B5046594604F0FBFD02460B4651ECA8
:10461000180B05F09FF830B1013445F100054FF05B
:10462000000A4FF0000B109BFBB92046294604F00E
:10463000E7FD02460B463046394604F057FC1D4B59
:1046400000228046894605F07BF830B1194B0022E4
:104650004046494605F092F838B104F001020023C3
:10466000134302D0013445F10005019B1A46C3E90A
:104670000045C3E902AB039B1374104605B0BDECC3
:10468000028BBDE8F08F0B4B00224046494605F0F7
:104690004DF80028C7D05AEA0B0304D0029B0AF059
:1046A00001021343BFD01AF1010A4BF1000BBAE724
:1046B00058E802000000E03F08B100F095BF7047E5
:1046C0002DE9F04F2DED048B85B09B469DF84830C9
:1046D0000393139B1B9C08EE103A149B08EE903A30
:1046E000159BDDE9176809EE103A169BCDE900012C
:1046F000DDE9197509EE903A9246002E47D007F48D
:104700000163B3F5006F40F09180012A7BF1000353
:1047100044DB0A2200235046594605F097F813431C
:1047200040F08180504659460A22002305F08EF859
:10473000013E82468B46ECE7504659460A2200234A
:1047400005F084F8029B303203F8012B50460293A7
:104750000A220023594605F079F882468B465AEA28
:104760000B0209F101030DD105EB09032E444C4660
:104770003022202C63D0B34204F1010404D12E2254
:104780001A700BE0994656E003F8012BF1E7F906A1
:1047900004D5202C53D02E232B5501342E1916E08E
:1047A000DDE900010A22002305F050F83032DDE98E
:1047B000000106F8012B00230A2205F047F8CDE995
:1047C0000001DDE90023134304F1010438D0202C5B
:1047D000E6D134E02B550134A04514D9202CF9D171
:1047E00019EE903A19EE102A18EE901A18EE100AE7
:1047F000CDE91487CDE9125405B0BDEC048BBDE8BA
:10480000F04FFFF78DBD202CEAD0039B1BB12D2369
:104810002B550134E4E77A0701D52B23F8E73B0752
:10482000DED52023F4E75AEA0B03B7D02B1904F1A5
:10483000010902932644B9F1210F7FF47DAF2024B2
:1048400007F00303012BDED1B8F1000FDBD0039B8F
:1048500013B917F00C0F01D008F1FF383023BBE774
:1048600082B0F8B506A981E80C009DF820500446F6
:1048700057EC106BDDE9060135B110EE102A3B460E
:1048800004F0ECFC012315E0C1F30A52A2F2FF325E
:10489000C7F30A53A3F2FF33002AB8BF5242002BDA
:1048A000B8BF5B429A420DDD3B4610EE102A04F081
:1048B000FFFD2B46C4E9000123722046BDE8F84005
:1048C00002B0704702460B4610EE100A394604F05B
:1048D000EFFDD7E7000000002DE9F04F2DED048B30
:1048E0009BB009EE903A299B0B90DB0F09EE101A52
:1048F0000E924FF000080F9305D0DDE9282101F159
:104900000043CDE92823DDE928010022002304F03B
:104910000DFF0C90002840F0E180DDE92876C6F319
:104920000A50A0F2FF3004F02FFCCEA3D3E90023FD
:1049300004F094FCCDA3D3E9002304F0D9FAC6F324
:1049400013060D4646F07F510446BF4B3846002201
:1049500041F4401104F0CAFAB3A3D3E9002304F0F0
:104960007DFC02460B462046294604F0C1FA04F0BD
:1049700025FF044604F008FCADA3D3E90023064656
:104980000F4604F06BFCB14B002204F0B1FA04F0C6
:1049900015FFA9A3D3E9002305463946304604F0A4
:1049A0005DFC064628460F4604F0EEFBA4A3D3E9BF
:1049B000002304F053FC02460B463046394604F00F
:1049C00095FA02460B4606460F4604F047FC32466F
:1049D000804689463B463046394604F089FA9C4B6E
:1049E00082468B4600224046494604F061FD994BC1
:1049F000002204F07DFA02460B464046494604F088
:104A000057FD954B002204F073FA02460B464046D0
:104A1000494604F04DFD32463B468046894600201B
:104A20004FF0804104F062FA02460B464046494688
:104A300004F05EFA02460B465046594604F038FD33
:104A400005F2FF35854B002204F052FA0C9A2B0533
:104A500004F004FCDDE9282306460F4604F08EFE30
:104A600040B1304639467B4B002204F021FD013C29
:104A700006460F4604F11103222B94BF4FF00108A4
:104A80004FF0000808D8764B84EAE472A2EBE47297
:104A900003EBC203D3E900672C9B190540F1BB81EE
:104AA0002A9B221D03F1FF331ADB2A9A012A38BF01
:104AB0000122944214DA1B1B012523EAE3732A9393
:104AC0002C9B002C43F480632C930BDAB8F1000F7D
:104AD00040F09B814FF000083DB938E00024DBE74F
:104AE0000025EAE70DB984BB25460F9B2BB1DDE914
:104AF000282101F10043CDE928232A9B009314A823
:104B0000DDE92823FFF736FD9DF860300F93DDE9DE
:104B100014ABDDE91667002D40F0E380BAF10A0F0F
:104B20007BF1000306DB0134002600274FF0010A69
:104B30004FF0000B04F16303C72B4FF0000534BFA7
:104B40004FF004084FF00508E6E04FF00008CDE90B
:104B50001067DDE928018DF8488032463B46B8F100
:104B6000000F52D004F07AFB04F0ECFE82468B4634
:104B700004F046FB02460B46B8F1000F48D032461F
:104B80003B4604F095FC02460B46DDE9280104F0A3
:104B9000ADF92A9A324B03EBC20393ED008B064624
:104BA0000F46DDE91201B0EE480AF0EE680A8DE822
:104BB0000300DDE9102314A8FFF752FE9DF85810FA
:104BC000DDE91423304641B3394604F047FB2A9B04
:104BD00006460F46002B4DD11C4B002204F0C4FDAD
:104BE000003818BF01201AEB000A184B4FF00002E2
:104BF000304639464BF1000B04F098FD10B12AF015
:104C0000010292460026002788E704F051FCABE73A
:104C10003046394604F022FBB5E7394604F048FC3B
:104C2000D5E700BFAFF3008061436F63A787D23F32
:104C300071A379094F930A401655B5BBB16B024079
:104C4000EF39FAFE422EE63F0000F83F0000E03F59
:104C500000002C4000002440000018400000F03FFD
:104C600058E80200FB799F501344D33FB3C8608BD0
:104C7000288AC63F04F066FECDE90C0104F0C0FAB4
:104C800002460B463046394604F030F9664B0022A6
:104C90008046894604F068FDDDE90C67003818BFDE
:104CA00001203618604B4FF000024046494647F15C
:104CB000000704F03BFD10B126F001021646304615
:104CC000394604F09DFA02460B4651EC180B04F0ED
:104CD00041FD00283FF422AF1AF1010A4BF1000B0D
:104CE00090E72C9B13F4006816D0631C12DB50462F
:104CF000594604F085FA4D4B04F1010903EBC90351
:104D0000D3E9002304F012FD002871D02A9B013B57
:104D10002A934C464FF000082C9B13F0020902D056
:104D2000B8F1000F66D12B9B984563D2A3EB080323
:104D30002E9A09922D9A08922C9ACDED049ACDE9DB
:104D400006322A9B05930E9B03930B9B01930F9BAB
:104D5000009332468DED029A3B4650465946FFF786
:104D6000AFFC0646002D3DD12C9B0B9E13F0200F6F
:104D7000024600F1010519EE903A14BF4520652066
:104D800019EE101AB047002C22464FEAE47302DCF9
:104D9000624263EB4303052108F1FF300691059061
:104DA0000A210020E40FCDE90310CDE9002319EE1C
:104DB000101A19EE903A0B9802942A46FFF7FBFA64
:104DC0000646B9F1000F0DD00E9BC51A2C460E9B5E
:104DD0001A192B9BA3420FD82B990E9B0B44A94267
:104DE00028BF1E4630461BB0BDEC048BBDE8F08FDB
:104DF000804691E700239BE719EE903A19EE101ACE
:104E00000B9F2020B8470134E1E74FF0010863E62B
:104E10004FF001089BE6002CBFF665AEB8F1000F1D
:104E2000F6D1454656E600BF0000E03F58E80200D4
:104E30002DE9F04F9BB0DDE924AB1F469DF8A4306F
:104E40000B9304460D4616465B465246504659465D
:104E5000DDF8A09004F06AFC80B9279B029303233D
:104E60000193514BCDF80C90009332463B462946B6
:104E70002046FFF755FA1BB0BDE8F08F4FF0FF3228
:104E80006FF480135046594604F05AFC38B1279B02
:104E9000029304230193CDF80C90444BE4E7444B78
:104EA0004FF0FF325046594604F068FC78B1414A51
:104EB0002799CDF80C9009F00403002B08BF0322BA
:104EC0003D4B1CBF13460422CDE90121CCE70B9BCF
:104ED0000BBB31A3D3E900235046594604F04EFCE6
:104EE00038B92FA3D3E900235046594604F028FCD3
:104EF00088B10023069312ABCDE90493279B03935B
:104F0000269B0293CDE900AB3B463246294620461C
:104F1000FFF7E2FCAFE719F4806F269B08BF06237A
:104F20002693269ADDF8988012AB203A30202699F5
:104F3000B8F1110FA1EB080106D908F1FF3890452F
:104F400003F8010BF3D120210B9B3BB112ABCDE950
:104F50000493279B0691CDE90283D3E752465B4633
:104F60000CA8CDF800800B91FFF704FB12ABCDE944
:104F70000793279B0B990991CDE905839DF8403054
:104F80000093CDE90367CDE90145DDE90E23DDE9B5
:104F90000C01FFF795FB6EE70000000065CDCD41E9
:104FA0000000000065CDCDC13BE802003FE80200F3
:104FB000FFFFEF7F36E8020032E802002DE9F04FF4
:104FC0008FB000290893C04B189E904614BF8146AD
:104FD00099460024089B187858B944452CBF08F11D
:104FE000FF32224643460020C84720460FB0BDE8A6
:104FF000F08F089B252803F10103089306D0651C58
:10500000434622460991C8472C46C6E1002506E0E2
:105010002D2B15D0302B0CD145F001050892089AA4
:1050200012F8013B2B2B0ED0F2D8202B0ED0232BC5
:105030000FD0A3F1300009282ED800270A200FE056
:1050400045F00205EAE745F00405E7E745F0080505
:10505000E4E745F01005E1E700FB0737303F089231
:10506000089A12F8013BA3F1300CBCF1090FF3D9F7
:10507000089B1B782E2B56D1089A089B5278A2F1D8
:105080003000092803F1010345F4806540D800226F
:1050900009924FF00A0E13E02A2B08D156F8047B30
:1050A0000892002FBCBF45F002057F42E0E70027D1
:1050B000DEE7099B0EFB032BABF13003099303469C
:1050C000184610F8012BA2F1300CBCF1090FF0D9F1
:1050D0000893089B13F8012B6C2A2ED026D8682A37
:1050E00034D06A2A3CD0089B13F801CB0893BCF15A
:1050F000780F07D8BCF1570F35D8BCF1450F00F039
:10510000838079D8651C43462246099160467AE738
:105110002A2A07D156F8043B23EAE3730993089B34
:105120000233D5E7089300230993D2E7742A01D00C
:105130007A2AD8D145F48075D6E7089A52786C2A35
:10514000F8D145F44075089B0233CDE7089A5278B0
:10515000682A02D045F08005C6E745F0C005F2E7B1
:1051600045F40075C0E7ACF15803202BCAD801A262
:1051700052F823F02D5202000551020005510200A1
:1051800005510200055102000551020005510200BF
:105190000551020005510200055102002D52020086
:1051A0009F5302002D520200095202007353020065
:1051B00009520200055102002D5202000551020061
:1051C000055102000551020005510200055102007F
:1051D0002D5202000F550200055102000551020038
:1051E0001F540200055102002D5202000551020019
:1051F000055102002D520200BCF1460F00F0B780AD
:10520000BCF1470F7FF47EAF0CF0DF03472B04BFE8
:105210000CF0FD0C45F400650736BCF1450F08BFE6
:1052200045F0200526F007060123A6E0BCF1780F23
:1052300000F09A81BCF1580F00F09481BCF16F0F1F
:1052400000F09481BCF1620F00F09281BCF1690F13
:1052500025F010054FF00A0004D0BCF1640F01D016
:1052600025F00C056B0548BF25F00105BCF1690F61
:1052700005F4007302D0BCF1640F49D133B3073693
:1052800026F0070AFAE80223012A73F1000618DA69
:10529000D2F1000B63EB430CCDE90575099DCDE917
:1052A0000305DB0F02935A466346CDE900232246ED
:1052B000434648460991FFF77EF856460999044649
:1052C00088E693469C46E7E71F430200EA0506F19D
:1052D000040A10D53668002E32464FEAE67302DC27
:1052E000524263EB4303CDE90575099DF60FCDE905
:1052F00003050296D9E715F0400F366804D076B260
:105300003246F317002EEAE72B0648BF36B2F7E71E
:1053100063B1099BCDE90575CDE903030736002389
:1053200026F0070A0293FAE80223BEE7EA0506F12F
:10533000040A09D5099A0293CDE90575CDE903025E
:105340003268CDE90023B2E715F0400F33680AD088
:10535000DBB2099ACDE903020022CDE90575CDE95A
:1053600000320292A3E72E0648BF9BB2F1E745F058
:105370002005073626F007060023CDE90453099BD4
:1053800003970293F6E802234846CDE900234346FB
:1053900022460991FFF74CFD044609991AE615F0DB
:1053A000020526D04FF0010A56F8040B0991631C40
:1053B0009B4622464346C0B2C84709996DB354463E
:1053C0005A4620E0099143462020C847099904EB3A
:1053D0000A020AF1010ABA45F4D3002F07F1FF339C
:1053E00008BF002307F1010A1C4408BF4FF0020A5E
:1053F000DAE7AA46EBE7099143462020551CC84747
:10540000099901342A46BC42F5D3A7EB0A035A4650
:10541000574538BF00231A4493465C46DAE53346C5
:1054200053F8046B9B467EB906230193514B0093BE
:105430002246CDE90275434648460991FEF770FFC2
:10544000099904465E46C5E5099B002B08BF4FF04D
:10545000FF333344B2469AF800200AB1534512D1C3
:1054600015F48063AAEB060A0B9303D0099B9A45B7
:1054700028BF9A4615F002030C931BD1AAEB040334
:1054800022460A9309E00AF1010AE4E70D91434636
:105490002020551CC8470D992A460A9B1344BB423D
:1054A000F4D3A7EB0A03574538BF00230AF1010ADA
:1054B0001C449A443546A61B05E009930A914346CD
:1054C0002246C8470A99741915F8010B38B10B9B8D
:1054D000002BF3D0099B099A013B002AEDD10C9BCC
:1054E000002BAFD02246AAEB040506E00991434603
:1054F0002020561CC847099932465319BB42F5D3A0
:10550000A7EB0A03574538BF00231C449AE73268CB
:1055100045F4805545F001050A236AB9CDE9023505
:1055200005230193144B0093224643464846043614
:105530000991FEF7F5FE2FE7CDE90535099B0493A8
:1055400010220023CDE9023272680991CDE90023CF
:10555000484622464346FEF72EFF06F1080704465A
:105560003E461AE745F02005102079E6082077E648
:10557000022075E644E802004BE802000EB40FB5C5
:1055800005AA014652F8043B0392009204484FF0EA
:10559000FF32FFF713FD04B05DF804EB03B0704772
:1055A000174302000CB41FB506AC0A4654F8043B7E
:1055B0000094014604480394FFF700FD04B0BDE8E1
:1055C000104002B0704700BF174302001FB50346EA
:1055D00000914FF0FF3203A90248FFF7EFFC05B03E
:1055E0005DF804FBB94602000A2810B5044603D151
:1055F00004480D21FCF7B5FF21460248BDE81040E4
:10560000FCF7AFBFE05A002008B5E4F73FFF054CB8
:10561000E4F772FFFDF7FEF9002CF9D0FDF79CF8D6
:10562000F6E700BF59270200704700001FB500F0E1
:1056300041FAFFF7F9FF114B0293114B019301233C
:10564000104900934FF4007200230F480F4CFEF7EF
:1056500007F80F4B1860236943F004032361FEF73A
:1056600075F8BFF34F8FE2680A4B02F4E062134310
:10567000E360BFF34F8F00BFFDE700BFD46600209B
:10568000D05E0020E8E802000956020000ED00E0CC
:10569000D06600200400FA0500F01EBC00F01CBC1F
:1056A00000F09EBC0A490B4A0B4B9B1A03DD043BDE
:1056B000C858D050FBDC09484FF40061084A02602A
:1056C00004300439FBD100F09BF8DAF7BDFD00008F
:1056D0008CEF0200000000206002002000F8012092
:1056E000E5B1E4B1FEE7FEE7FEE7FEE7FEE7FEE731
:1056F000FEE7FEE7FEE7FEE700F024B800F042B860
:1057000000F052B84FF0805318695B69023B584370
:1057100070474FF0805318697047000070B5084C0F
:105720000023934200D170BD51F82350D4F8006497
:10573000F607FBD540F82350BFF35F8F0133F0E746
:1057400000E001404FF080531A69B0FBF2F302FB16
:10575000130373B9084B0222C3F80425C3F80805E4
:10576000D3F80024D207FBD500220448C3F804254F
:1057700070470348704700BF00E001400000AD0BD8
:105780000A00AD0B074B0122C3F80425D3F800240F
:10579000D207FBD50160BFF35F8F0022C3F8042559
:1057A000704700BF00E0014010B5054C0123C4F86C
:1057B0000435FFF7B3FF0023C4F8043510BD00BF64
:1057C00000E001400A4B1B685A1C05BF094B0A4AFE
:1057D0000A4A10680ABF1B781068C0F303100D2B2B
:1057E00004D101288CBF00200120704700207047A1
:1057F00030010010E00F00F0E80F00F0340100105D
:1058000008B5FFF7DFFF40B14FF080430022C3F837
:105810000C21C3F81021C3F83825FFF7D3FF002867
:1058200046D04FF08052304BD2F80414C3F8201504
:10583000D2F80814C3F82415D2F80C14C3F82815AC
:10584000D2F81014C3F82C15D2F81414C3F830157C
:10585000D2F81814C3F83415D2F81C14C3F8401544
:10586000D2F82014C3F84415D2F82414C3F848150C
:10587000D2F82814C3F84C15D2F82C14C3F85015DC
:10588000D2F83014C3F85415D2F83414C3F86015A4
:10589000D2F83814C3F86415D2F83C14C3F868156C
:1058A000D2F84014C3F86C15D2F84424C3F870251C
:1058B000FFF788FF48B14FF08043D3F80024D207A8
:1058C00044BF6FF00102C3F80024084AD2F88830C0
:1058D00043F47003C2F88830BFF34F8FBFF36F8F6C
:1058E000034B044A1A6008BD00C0004000ED00E010
:1058F000A40100200090D003BFF34F8F0549064B51
:10590000CA6802F4E0621343CB60BFF34F8F00BF5D
:10591000FDE700BF00ED00E00400FA05704700005D
:105920000A4608B502490348FCF7A2FDFFF7E4FF69
:10593000ECE80200E05A002008B503490348FCF7F0
:105940008DFDFFF7D9FF00BF06E90200E05A0020F5
:10595000024B034AC3F80026704700BF0000014015
:105960003546526E024A0349034800F03ABD00BF73
:10597000000000201D5902001C670020BFF34F8F5C
:105980000549064BCA6802F4E0621343CB60BFF3DB
:105990004F8F00BFFDE700BF00ED00E00400FA05F7
:1059A00030B5134B134D5A68134985B00446C2F302
:1059B00008022846FCF75CFD104922462846FCF701
:1059C00057FD23690293E3680193A3680C49009390
:1059D0002846D4E90023FCF74BFDE369094900930D
:1059E0002846D4E90523FCF743FDFFF7C7FF00BFB6
:1059F00000ED00E0E05A002014E9020031E9020065
:105A000049E902008EE9020007B50B4600920449FD
:105A100002460448FCF72CFDFCF7FCFFFFF7AEFF45
:105A2000B6E90200E05A00201EF0040F0CBFEFF3AD
:105A30000880EFF30980FFF7B3BF704737B5194C03
:105A4000FDF73CF82378FF2B05D1174B174A184870
:105A50009B21FFF7D9FFDBB94FF08042D2F80C341D
:105A600003F00103CDF80730D2F80C24D00300D5A1
:105A700063B9012000F0E6FB4FF08043D3F80C241B
:105A8000D3F80C14C903F9D5D207F7D5012500E0E6
:105A90000025237801332370FDF718F8284603B05A
:105AA00030BD00BF24670020E8E9020074EA02006C
:105AB00004EA020010B54FF08044114BD4F80024E2
:105AC0001A60D4F80024D4F800340E481343C4F804
:105AD000003400F08FFB00F09DFBFFF7AFFF0020CC
:105AE00000F0B0FBD4F81834DB03FBD506480023E4
:105AF0004021C2180133302B82F80013F9D110BDB8
:105B0000206700203B5A020000E100E010B5FCF7DE
:105B1000D5FF0B4A13782BB90A4B0B4A0B48AF2120
:105B2000FFF772FF013BDBB213703BB9012000F0BD
:105B3000ADFB0124FCF7CAFF204610BD0024F9E7A5
:105B4000246700205AEA02008AEA020004EA0200FE
:105B5000014B1860704700BFC00100200228064AB0
:105B6000064B1BBF002111600121012212BF1A60E8
:105B700011601860704700BF30670020BC01002032
:105B800037B50346222B4FF00000ADF8060006D8CB
:105B9000504A52F82330052B78D8012B6DD803B02A
:105BA00030BD05224C4B1968082940F38B800A2927
:105BB00040F38B800D29B5BF0C240E240223032350
:105BC0004648C0F8F0350123C0F8003500200546EE
:105BD000030103F1804303F5E04301300828C3F8D3
:105BE0001455C3F81055F3D13D4B18683D4B1B6855
:105BF00000021B0303F4805300F4E0601843374BAA
:105C0000C3F81805C3F81425C3F810250DF10602D2
:105C1000C3F82C260122C3F830261A60D3F80021DD
:105C2000002AFBD00022C3F8002101225A602B4B2E
:105C30001A46D3F804010028FBD00020C3F8040161
:105C400001209860D2F81431002BFBD00023C2F859
:105C50001431BDF806201204204A48BFADF80630C2
:105C6000C2F80035BDF80600A14200B297D035BF9A
:105C7000611A091BC840884091E7033B022B1FD8DB
:105C8000DFE803F00214160002228BE71C3B032B13
:105C900085D8032B1CD801A252F823F0A35B020085
:105CA000BD5C0200B55C0200B95C0200032279E72A
:105CB000042277E7072275E7082273E7062271E7D7
:105CC00001226FE7082400237AE70A24012377E7FB
:105CD000002064E7B4AC0200B8010020007000406E
:105CE000BC01002030670020222830B53CD8224B70
:105CF00053F82000214B00221D4653F8044BB4F109
:105D0000FF3F32D11E4C45F822001E4B1E4D246829
:105D100053F822306FEA41416FEA514125F81210E1
:105D2000012101FA04F4C3F86005013CC3F86405DD
:105D300005EB4202C3F86805C3F86C050020C3F800
:105D40000015C3F80C05C3F80405C3F80845C3F8EB
:105D50001405C3F81005C3F82025C3F82415C3F8AB
:105D60002815C3F82C05996030BD8442CAD0013291
:105D7000042AC2D1F8E700BFB4AC0200A801002099
:105D8000C0010020A0EA020026670020222814D8C3
:105D90001B4B53F8203003290FD8DFE801F0022510
:105DA0000F1A1F2B86BF03F01F03164A4FF0A042A5
:105DB00003F5E073002142F8231070471F2B86BFC4
:105DC00003F01F030F4A4FF0A04203F5E0730C21CC
:105DD000F1E71F2B86BF03F01F030A4A4FF0A042D2
:105DE00003F5E0730421E6E71F2B86BF03F01F03D2
:105DF000044A4FF0A04203F5E0730321DBE700BF44
:105E0000B4AC02000003005022281BD80E4B012224
:105E100053F8203059B91F2B86BF0C4903F01F03DC
:105E20004FF0A04102FA03F3C1F80C3570471F2B65
:105E300086BF064903F01F034FF0A04102FA03F3A7
:105E4000C1F80835704700BFB4AC02000003005031
:105E5000222817D80C4B53F820301F2B86BF03F095
:105E60001F030A4A4FF0A04203F5E07152F82110D7
:105E7000C90754BFD2F81005D2F80405D84000F085
:105E80000100704700207047B4AC020000030050CE
:105E900010B50F4B1A461B688342FBD35468111987
:105EA000884201BF416810460919516044680119D0
:105EB0008B4207D1074909688B421FBF59681B688D
:105EC000091941609042036018BF106010BD00BF07
:105ED0004C670020346700202DE9F0410446FDF7AF
:105EE0006FFC3749374D0B68F3B9374B374A384E9B
:105EF000D21AA3F10807580718BF07333A4418BF4E
:105F000023F0070322F00702002033607060C2E92B
:105F10000000D01AC3E900202E4B0A6018602E4BF7
:105F200018604FF000432B60D5F8008018EA040F8A
:105F300007D0FDF7D9FCFFF7FFFC00263046BDE88F
:105F4000F081631E0A33F4D8620704F1080305D018
:105F500023F0070208329A42EBD913461E4F3D68E0
:105F60009D42E6D31A4A14686068984201D22668B6
:105F70001EBB0968A142DCD0216816681160C21AF4
:105F8000102A06F1080604D9E01842606360FFF7A2
:105F90007FFF104A63681168ED1A8D4238BF1560A3
:105FA00048EA03030D4A63600023236013683D60E1
:105FB00001331360FDF798FCC0E722463446D3E76F
:105FC0003467002038670020188D002000F8012079
:105FD0004C670020406700203C6700204467002099
:105FE00010B5044600B3114A50F8043C126813423D
:105FF0001AD050F8081CB9B923EA020340F8043C4F
:10600000FDF7DEFB0A4A54F8043C1168A4F10800CD
:106010000B441360FFF73CFF064A1368BDE81040CD
:1060200001331360FDF760BC10BD00BF386700206E
:106030003C6700204867002070B506460C4621B931
:10604000FFF7CEFF2546284670BD0846FFF744FF00
:1060500005460028F7D0002EF5D02246314603F041
:10606000D5FE3046FFF7BCFFEDE713B501FB00F2AC
:1060700010460192FFF730FF044618B1019A002143
:1060800003F0ECFE204602B010BD00F108034FF013
:10609000FF32C0E9022343600361002303607047BD
:1060A00000230361704743684B609A688A609A686E
:1060B000516099600368086101330360704730B52F
:1060C0000C68631C0AD103695A684A6091608B604E
:1060D0005960036808610133036030BD00F10802B4
:1060E000134652681568A542FAD9EDE7D0E90112C6
:1060F00003698A6051605968814208BF5A60002272
:1061000002611A68013A1A60186870470548006809
:1061100080F3088862B661B6BFF34F8FBFF36F8F0D
:1061200000DF00BF00000000064B19680868B0E8F7
:10613000F04F80F30988BFF36F8F4FF0000080F3BA
:1061400011887047485B0020EFF30980BFF36F8F21
:10615000144B1A681EF0100F08BF20ED108A20E9BA
:10616000F04F10604DF8043D4FF0400080F311886F
:10617000BFF34F8FBFF36F8FFDF77EFC4FF0000032
:1061800080F3118808BC19680868B0E8F04F1EF069
:10619000100F08BFB0EC108A80F30988BFF36F8F2F
:1061A000704700BF485B0020034B0360034B0B604C
:1061B00078231360704700BF346D002054670020BF
:1061C000034B0360034B0B604FF480731360704705
:1061D0007C6D0020346900204FF08042D2F80C34EE
:1061E000D2F80C14C90303F0010301D5002BF5D13B
:1061F00070470000044B1A7922B9012218601A7105
:106200000248704702487047C46D00200000AD0B83
:106210000C00AD0B094B1A68D20706D4E02283F8B4
:1062200000230122C3F880211A604FF0804302222C
:10623000C3F81825024B01221A70704700E100E0F4
:106240000C8D002082B018B101280ED002B070472A
:106250000C4B18601B680093009B4FF08043022298
:10626000C3F8042301229A60F0E7074B00221A606A
:106270001B680193019B4FF08043C3F8040318602F
:10628000E4E700BF040100400001004010B1012814
:106290000AD07047064B01221A604FF08042D2F8B4
:1062A0001834DB03FBD47047024B1860FFF794BF30
:1062B0000C00004004000040134B07B51A6862B19F
:1062C000002018601B680093009B4FF08043012260
:1062D000C3F808230D4B1B6898470D4B1A6882B111
:1062E00000221A601B680193019B4FF08043022239
:1062F000C3F80823054B1B68012003B05DF804EBCD
:10630000184703B05DF804FB00010040C46D002095
:106310000401004000F1804382B01A68002A14BFD3
:106320000120002004D000221A601B680193019B09
:1063300002B070474FF0804310B5D3F804436207B2
:1063400007D54FF48470FFF7E5FF10B11E4B1B68B3
:106350009847A30608D54FF48A70FFF7DBFF18B102
:106360001A4B00201B689847600608D54FF48C70C4
:10637000FFF7D0FF18B1154B01201B689847210685
:1063800008D54FF48E70FFF7C5FF18B1104B0020F1
:106390001B689847E20508D54FF49070FFF7BAFFE5
:1063A00018B10B4B01201B689847A3050AD54FF481
:1063B0009270FFF7AFFF28B1054BBDE810401B6896
:1063C0000220184710BD00BFCC6D0020D06D00200A
:1063D000D46D002008B5FFF7ADFFBDE80840FFF71A
:1063E0006BBF0B460146184603F04EBCD0E90032A5
:1063F00013605A60704708B503F03EFC08B503F01F
:106400003BFC08B503F038FC0AB103F0FFBC704751
:1064100008B50B68B3F1804F02D30D48FFF7F1FFC9
:1064200093420BD9B3EB420F4FEA420006D2B0F1D0
:10643000804F2ABF6FF0404308600B60086801304E
:1064400001D5FFF7D8FFBDE80840FFF725B900BF29
:10645000B0EA020050F8083B834202D01846FFF72A
:106460001FB97047012A10B502D10A78027010BD19
:10647000FFF7CAFFFBE708B5521AFFF7F3FF08BDA5
:10648000F0B553EC102BC3F30A56A6F2FF301328D5
:1064900010EE105A83B019464FEAD37431DC00284D
:1064A0004CDB3E4E064103EA060717432ED003EAB3
:1064B00056031D434FEA56060CD04FF48023132891
:1064C00021EA060643FA00F141EA06010CBF4FF04B
:1064D00000450025324800EBC4042A46D4E90045B3
:1064E0000B462046294602F003FDCDE90001DDE917
:1064F000000122462B4602F0F9FC41EC100B03B0E0
:10650000F0BD332806DDB0F5806F40D043EC102B92
:1065100003B0F0BDA6F213464FF0FF30F040024248
:10652000F4D015EA50024FEA5003D3D04FF0804226
:1065300025EA030542FA06F63543CBE723F000408F
:106540001043E3D0C3F313001043454205431448FE
:1065500000EBC400D0E90067590C2D0B490405F489
:10656000002545EA01033046394602F0C1FCCDE979
:1065700000013B46DDE90001324602F0B7FC21F0A4
:10658000004343EAC47141EC100B03B0F0BD10EEC0
:10659000100A02F0ADFC41EC100BB9E7FFFF0F0051
:1065A000C8EA020053EC102B70B5C3F30A54A4F2EE
:1065B000FF31132910EE100A1D460ADC002926DBE4
:1065C0001E4C0C4103EA040630432ED143EC102B41
:1065D00070BD332908DDB1F5806FF7D1194602F09F
:1065E00087FC41EC100B70BDA4F213444FF0FF3652
:1065F00026FA04F42242E9D00123C1F1330103FA5F
:1066000001F1401828BFED1820EA040008E003F06B
:106610000045013104BF45F07F5545F44015002089
:106620002B46024643EC102B70BD4FF4002343FA77
:1066300001F10D4425EA04050020F1E7FFFF0F00FA
:1066400000B551EC100B284A21F00043934285B06D
:1066500025DD264A934209DD10EE102A0B4602F092
:1066600045FC41EC100B05B05DF804FB684601F0F9
:106670002BF800F00300012819D0022826D0E8B139
:106680009DED021B9DED000B01F01AFB53EC102B4E
:1066900003F1004300EE903A05B05DF804FB9FED76
:1066A000101B002002F074F805B05DF804FB9DEDAE
:1066B000021B9DED000B01F003FBD4E79DED021BD7
:1066C0009DED000B012002F063F8CCE79DED021B6D
:1066D0009DED000B012002F05BF8D7E7AFF30080DF
:1066E0000000000000000000FB21E93FFFFFEF7FFA
:1066F00000F00EB900000000F8B52DED028B57EC4C
:10670000106B55EC114B00F003FA634BB0EE408A6E
:10671000F0EE608A93F9003001332AD022462B46EE
:106720002046294603F034F818BB32463B46304633
:10673000394603F02DF8002844D1002200233046CA
:10674000394602F0F3FFD8B1002200232046294643
:1067500002F0ECFF00283DD145EC104B02F096FA18
:1067600038B1204629460022002302F0E9FF002824
:106770005CD1B0EE480AF0EE680ABDEC028BF8BDC1
:10678000B0EE480AF0EE680A02F080FA58B351EC15
:10679000180B0022002302F0C9FF0028E9D047ECC3
:1067A000106B02F073FA0028E3D045EC104B02F0B6
:1067B0006DFA0028DDD003F075FA22239FED2E8BB1
:1067C0000360D6E7204629460022002302F0AEFFF0
:1067D0000028CED09FED2A8BB0EE480AF0EE680A72
:1067E000BDEC028BF8BD47EC106B02F04FFA0028AD
:1067F000CDD045EC104B02F049FA0028C7D053EC3D
:10680000182B18EE100A194602F0C2FF20BB03F045
:1068100049FA034622221A603046394600220023F4
:1068200002F08EFF48B99FED188BA2E703F03AFA09
:1068300021239FED178B03609BE745EC104BFFF77F
:106840001FFE224651EC100B2B4602F06FFF002872
:10685000E9D19FED0F8B8CE703F024FA002200238F
:10686000212101601046194602F022FE41EC180B6E
:106870007FE700BFAFF300800000000000000000D1
:10688000000000000000F03F000000000000F07F6A
:10689000000000000000F0FFC401002038B52DED1D
:1068A000028B55EC104B01F045F9184BB0EE408AC5
:1068B000F0EE608A93F9003001330DD022462B466A
:1068C0002046294602F064FF30B9204629460022BE
:1068D000002302F035FF30B9B0EE480AF0EE680A46
:1068E000BDEC028B38BD03F0DDF90022002321212D
:1068F00001601046194602F0DBFD41EC180BB0EECA
:10690000480AF0EE680ABDEC028B38BDC4010020D5
:1069100051EC110B2DE9F0474342794E034321F02E
:10692000004C4CEAD373B34255EC104B82B047D8BD
:106930006342234325F0004A4AEAD373B34210EE80
:1069400010EAA9463CD801F1404303F58013034304
:106950004CD04FEAA17808F002085AEA040348EA4A
:10696000D57838D05CEA000348D0B4455DD0B24554
:1069700044D0AAEB0C0CBCF1747F4FEA2C534FDAD5
:10698000002961DA3C335FDA9FED4F7B8DED007BB0
:10699000B8F1010F78D0B8F1020F64D0B8F1000F50
:1069A00014D04BA3D3E90023DDE9000102F09EFAE5
:1069B00049A3D3E9002302F099FACDE9000105E0EB
:1069C00022462B4602F094FACDE900019DED000B22
:1069D00002B0BDE8F087B8F1020F17D0B8F1030F8D
:1069E00009D19FED3F7B8DED007BEFE702B0BDE865
:1069F000F04701F08DBF8DED000BE7E7B9F1000F17
:106A000009DB9FED397B8DED007BDFE79FED327B6E
:106A10008DED007BDAE79FED367B8DED007BD5E7D2
:106A20009FED317B8DED007BB2E7E24508F1FF3849
:106A300032D0B8F1020F3AD8324B03EBC80898EDC8
:106A4000007B8DED007BC1E702460B4620462946C0
:106A500002F02EFD41EC100B02F00EF901F058FF90
:106A60008DED000B94E71AA3D3E90023DDE90001C3
:106A700002F03CFA02460B4617A1D1E9000102F0F0
:106A800035FACDE90001A1E7DDE90023019901F123
:106A90000043CDE9002399E7B8F1020F0CD81A4B57
:106AA00003EBC80898ED007B8DED007B8EE79FED32
:106AB000067B8DED007B89E79FED0F7B8DED007BE5
:106AC00084E700BFAFF3008000000000000000007A
:106AD000075C143326A6A13C182D4454FB21094021
:106AE000182D4454FB2109C0182D4454FB21F93FB3
:106AF000182D4454FB21F9BF182D4454FB21E93FC4
:106B00000000F07FF0EA0200D8EA02000000000076
:106B10002DE9F04F57EC116B2DED0A8B27F0004A51
:106B20005AEA060289B03DD055EC104B764925F063
:106B30000048884510EE102AA9462CDC11EE103AC8
:106B4000BB463AD08A4526DC6F498A4521D0B9F147
:106B5000000F3DDB00210391002B55D16A4B9A4574
:106B600000F0A880694B9A4500F0B680BBF1804FD9
:106B700000F00185664B9B4546D1B9F1000F43DB20
:106B800045EC104B09B0BDEC0A8BBDE8F04F00F0AE
:106B9000D1BF002BDBD008F1404808F5801858EA37
:106BA00002030DD19FED547B8DED007B9DED000B1D
:106BB00009B0BDEC0A8BBDE8F08F0CB9C245C3DD4E
:106BC000544809B0BDEC0A8BBDE8F04F02F0F0B8B4
:106BD00051498A4500F38780A1F154718A450FDD40
:106BE0004FEA2A51A1F2FF31142940F3CE84C1F1BA
:106BF000340123FA01F000FA01F1994200F02085F6
:106C000000210391002BADD045EC104B069202F011
:106C100033F8069A8DED000B5ABBB8F1000F04D083
:106C20003A4B29F040429A4223D1BBF1000F07DAD8
:106C3000DDE900233549002002F03AFCCDE90001EE
:106C4000B9F1000FB2DA039B08F1404808F580184B
:106C500058EA030340F0BE84DDE9002310461946DC
:106C600002F044F902460B4602F022FCCDE9000195
:106C70009CE7039A4FEAD973013B0693134335D03F
:106C8000264B9A454EDD03F104739A45244B40F39D
:106C9000ED83984540F36B83BBF1000F40F36B83AA
:106CA00017A3D3E900231046194602F0D7FACDE91D
:106CB00000017BE708F1404303F5801313433FF4E1
:106CC00071AF174B984540F38883BBF1000FC0F2BA
:106CD0005283CDE9006769E7BBF1000FC0F2418440
:106CE000CDE9004562E70221039135E722462B46B4
:106CF000B4E700BFAFF30080000000000000F03FE9
:106D00009C7500883CE4377E0000F07F0000F03F77
:106D10000000E03F08EB0200FFFF3F430000E041BE
:106D2000FFFFEF3FE44B09EA0303002B40F016841A
:106D3000DDE90001E14B002202F090FACDE900010B
:106D4000DDF804806FF034004FEA2853DC49C8F3C3
:106D50001302A3F2FF3342F07F5818188A420790BB
:106D600048F4401840F3E983D64B9A4240F33E84FE
:106D70009FEDBB7BB0EE47BAF0EE67BAB0EE47CA04
:106D8000F0EE67CA9FEDB87B013054EC173B0790DB
:106D9000A8F580184FF00009DDE900AB44EC183B82
:106DA0001A4650462346414602F0A0F853EC182BF1
:106DB00004460D465046414602F09AF802460B46FC
:106DC0000020C14902F074FB45EC1A4B41EC190B51
:106DD00051EC1A0B53EC192B02F040FAC3464FEA60
:106DE000680848F0005808F5002303EB09050A4637
:106DF00000230146CDE900120093DDE9008900245B
:106E0000CDE904122B4622464046494602F026FAB6
:106E100002460B4651EC1A0B02F068F841EC170BD6
:106E200053EC182B2046294655EC174B02F05EF820
:106E300002460B465046594602F058F842464B4629
:106E400002F00CFA02460B462046294602F04EF8A4
:106E500053EC192B02F002FADDE904AB04460D46AF
:106E600052465B465046594602F0F8F980A3D3E9F2
:106E7000002345EC1A4B04460D4602F0EFF97EA3C1
:106E8000D3E9002302F034F822462B4602F0E6F95B
:106E90007BA3D3E9002302F02BF822462B4602F015
:106EA000DDF979A3D3E9002302F022F822462B462C
:106EB00002F0D4F976A3D3E9002302F019F82246B0
:106EC0002B4602F0CBF974A3D3E9002302F010F8AB
:106ED00022462B4604460D461046194602F0BEF9DE
:106EE00002460B462046294602F0B8F942460446BF
:106EF0000D464B4650465946CDE904AB01F0F8FF2C
:106F000053EC1A2B02F0AAF922462B4601F0F0FFAF
:106F1000424604460D464B464046494602F09EF91D
:106F200045EC194B694B002282468B4601F0E0FF8D
:106F300053EC192B01F0DCFF009C0D4622462B463A
:106F40004046494602F08AF9604B80468946002255
:106F50002046294601F0CAFF52465B4601F0C6FFB3
:106F600002460B4651EC190B01F0C0FFDDE904238A
:106F700002F074F949EC188B2246804689462B466C
:106F800051EC1A0B02F06AF902460B46404649469C
:106F900001F0AEFF82468B4652465B4651EC180B21
:106FA00001F0A6FF009C3EA3D3E9002320460D4636
:106FB00002F054F953EC182B8046894620462946A6
:106FC00001F094FF02460B465046594601F08EFFF1
:106FD00035A3D3E9002302F041F949EC198B34A31E
:106FE000D3E90023804689462046294602F036F937
:106FF00002460B464046494601F07AFF53EC1C2BF3
:1070000001F076FF824607988B4602F0BDF85246A3
:10701000804689465B4651EC190B01F069FF53EC41
:107020001B2B01F065FF42464B4601F061FF009CBF
:1070300042464B4620460D4601F058FF53EC1B2BB1
:1070400001F054FF53EC192B01F050FF02460B46A0
:107050005046594601F04AFF82468B4638E000BF51
:107060000000000000000000000000000000F03FF1
:10707000EF4E454A287ECA3F65DBC9934A86CD3F1D
:1070800001411DA96074D13F4D268F515555D53F03
:10709000FFAB6FDBB66DDB3F033333333333E33F9B
:1070A000000000E009C7EE3FFD033ADC09C7EE3FF0
:1070B000F5015B14E02F3EBE0000F07F000040436E
:1070C0008E98030079B60B000000F03F00000840E6
:1070D000039B069A013B134340F078819FEDC47BEC
:1070E000B0EE479AF0EE679A0023CDE9006700936F
:1070F000DDE900893046424639464B4601F0F6FE4E
:1071000022462B4602F0AAF832463B4606460F4678
:107110005046594602F0A2F802460B463046394620
:1071200001F0E6FE424682468B464B462046294603
:1071300002F094F806460F463B4650465946324602
:1071400001F0D6FEC44B994204460D46884640F3F2
:10715000178101F13F4303F5E003034340F02A8226
:10716000A5A3D3E900235046594601F0C1FE32469B
:1071700041EC180B3B462046294601F0B7FE02467B
:107180000B4651EC180B02F0F9FA002840F012827D
:10719000C8F30A534FF48012A3F2FE3342FA03F30A
:1071A0004344AE49C3F30A52A2F2FF3241FA02FC51
:1071B000C3F3130523EA0C01C2F1140445F480154E
:1071C000B8F1000F0B4645FA04F103914FF00000AF
:1071D000B8BF49420246B8BF03913046394601F074
:1071E00085FE06460F463B4650465946324601F05C
:1071F0007FFE039B1B0500930D46002480A3D3E96B
:1072000000232046294602F029F832468046894666
:107210003B462046294601F069FE02460B46504691
:10722000594601F063FE78A3D3E9002302F016F873
:1072300077A3D3E9002306460F462046294602F0ED
:107240000DF802460B463046394601F051FE06461F
:107250000F4632463B464046494601F049FE42460B
:107260004B4604460D4601F041FE02460B463046B1
:10727000394601F03BFE224682468B462B4620468D
:10728000294601F0EBFF64A3D3E9002306460F462D
:1072900001F0E4FF62A3D3E9002301F027FE3246A8
:1072A0003B4601F0DBFF60A3D3E9002301F020FEA1
:1072B00032463B4601F0D2FF5DA3D3E9002301F043
:1072C00015FE32463B4601F0C9FF5BA3D3E900231C
:1072D00001F00EFE32463B4601F0C0FF02460B466F
:1072E0002046294601F002FE06460F4632463B463E
:1072F0002046294601F0B2FF0022804689464FF021
:1073000080433046394601F0F1FD02460B464046C7
:10731000494602F0CDF8524606460F465B462046E7
:10732000294601F09BFF52465B4601F0E1FD024613
:107330000B463046394601F0D9FD22462B4601F076
:10734000D5FD02460B460020454901F0CFFD0B4616
:1073500000991944B1F5801F0246C0F269811046B8
:1073600053EC192B01F07AFFCDE900011EE4BBF1CB
:10737000000FFFF695AC9FED327B8DED007B15E4A1
:10738000DFF8E4C021F00043634540F30B81354B47
:107390000B4403430AD132463B4601F0A7FD524657
:1073A0005B4602F0E1F900283FF4F2AE26A3D3E9F0
:1073B000002351EC190B01F051FF23A3D3E9002363
:1073C00001F04CFFCDE90001FFF7F0BB9FED207B02
:1073D000B0EE479AF0EE679A86E6BBF1000FCADA84
:1073E00007F1004300960193FFF7E0BBAFF3008085
:1073F000000000000000F0BFFE822B654715973C9F
:1074000000000000432EE63FEF39FAFE422EE63F31
:10741000396CA80C615C20BED0A4BE726937663E90
:10742000F16BD2C541BDBB3E2CDE25AF6A56113F84
:1074300093BDBE166CC1663F3E5555555555C53F6B
:10744000000000000000000059F3F8C21F6EA50103
:10745000000000000000F03FFFFF8F40FFFF0F0023
:107460000000F03F00346F3FFFCB90409845FFF69F
:107470007EAF914B98453FF70FAC8F4B0022DDE973
:10748000000101F033FD78A3D3E9002304460D4643
:1074900001F0E4FE76A3D3E9002382468B46204622
:1074A000294601F0DBFE854B8046894600222046B6
:1074B000294601F0D3FE02460B466FA1D1E9000137
:1074C00001F014FD22462B4601F0C8FE02460B4691
:1074D00000207B4901F00AFD22462B4604460D465A
:1074E0001046194601F0BAFE02460B4620462946D0
:1074F00001F0B4FE62A3D3E9002301F0AFFE02461F
:107500000B464046494601F0F1FC8046894650460C
:10751000594642464B4601F0EBFC002452465B467E
:1075200020460D4601F0E2FC02460B464046494625
:1075300001F0DCFC82468B46CAE59FED537BB0EE42
:1075400047BAF0EE67BAB0EE47CAF0EE67CA9FEDF1
:10755000507B4FF0000954EC173B1DE40020FFF76F
:10756000F3BB554922462B46002001F0A1FFCDE98F
:107570000001FFF71BBB22462B462046294601F09F
:107580006DFECDE90001FFF711BB002B42D1C1F127
:1075900014014AFA01F000FA01F151455AD003935F
:1075A000FFF7E0BA464A93425BDCDDE90012009146
:1075B000039122E638A3D3E9002351EC190B01F023
:1075C0004DFE35A3D3E9002301F048FECDE90001CB
:1075D000FFF7ECBA039B012B7FF4E8AADDE9002159
:1075E00001F10043CDE90023FFF7E0BA9FED2C7BCA
:1075F000B0EE47BAF0EE67BA9FED2B7BB0EE47CA0C
:10760000F0EE67CA9FED2A7B4FF4802954EC173BBC
:10761000FFF7C2BB45EC104B039201F02DFB039A20
:107620008DED000B002A7FF461AB0392FFF7F5BAF2
:10763000039843EC102B01F0C3FB51EC100B8FE6C9
:1076400000F00100C0F102010391002B3FF48AAA6F
:10765000FFF7DABA00F00100C0F102030393FFF76D
:1076600081BA1B1596E500BF000000604715F73F83
:1076700044DF5DF80BAE543E555555555555D53F35
:10768000FE822B654715F73F000000000000000058
:10769000000000000000F03F9C7500883CE4377E4D
:1076A0000000004003B8E23F06D0CF43EBFD4C3E64
:1076B000000000000000F83F0000F03F0000D03F55
:1076C0000000E03F000000002DE9F04F53EC102BCC
:1076D0002DED048B924923F000458D4289B004467C
:1076E00040F38F808F498D429B462DDCBBF1000F0C
:1076F000194610EE100A80A3D3E9002340F3C78196
:1077000001F0F4FB884B9D4206460F4600F0918045
:107710007BA3D3E9002301F0E9FB02460B46C4E951
:1077200000233046394601F0E1FB75A3D3E900237D
:1077300001F0DCFBC4E902014FF0010A504609B038
:10774000BDEC048BBDE8F08F78498D4240F3948006
:1077500077498D4210EE100A61DC4FEA255AAAF2F1
:10776000164AA5EB0A5116460F4602F027F801F01B
:107770000BFD804689463046394642464B46CDE9A8
:10778000028901F0B3FB6B4B002201F067FD0F464D
:10779000064602F013F8054601F0F6FC02460B46D9
:1077A00030463946CDE9042301F0A0FB614B0022AD
:1077B00001F054FD02460B46CDE9062300220023CA
:1077C00001F0B4FF002800F06081002D0CBF012300
:1077D0000223594A019202215246009102A82146F1
:1077E00000F0AEFBBBF1000F8246A7DA6268E368E7
:1077F00002F1004203F10043C0F1000A6260E3605D
:107800009CE7002000214FF0000AC4E90201504625
:1078100084ED000B09B0BDEC048BBDE8F08F194678
:1078200001F064FB4FF0000AC4E90201C4E9000161
:1078300084E735A3D3E9002301F058FB34A3D3E94F
:10784000002306460F4601F051FB02460B46C4E9F1
:1078500000233046394601F049FB2DA3D3E900232C
:1078600001F044FB4FF0010AC4E90201504609B09F
:10787000BDEC048BBDE8F08F01F0FEF957EC106B06
:1078800010EE100A24A3D3E90023394601F0E6FCE8
:107890002A4B002201F02CFB01F090FF824601F000
:1078A00073FC15A3D3E900238046894601F0D6FC7A
:1078B00002460B463046394601F018FB10A3D3E9C7
:1078C000002306460F464046494601F0C7FCBAF180
:1078D0001F0F49EC198B47EC186B8046894631DC49
:1078E000174B0AF1FF3253F82230AB422AD002463E
:1078F0000B4630463946A4E000004054FB21F93FD6
:107900003163621A61B4D03D0000601A61B4D03DA9
:107910007370032E8A19A33B83C8C96D305FE43F9F
:10792000FB21E93F7BD90240FB21F93FFB21394193
:10793000FFFFEF7F000070418CEB02000000E03F92
:107940000CEB020042464B4651EC180B01F0CEFA0C
:107950000A46C2F30A53C3EB1553102B01460646E1
:1079600017464FEA255573DD69A3D3E9002351EC8F
:10797000190B01F073FC59EC188B06460F46324682
:107980003B4618EE100A494601F0B0FA41EC180BDC
:10799000404653EC182B494601F0A8FA32463B46C4
:1079A00001F0A4FA5CA3D3E9002306460F4651EC8C
:1079B000190B01F053FC32463B4601F097FA804622
:1079C000894642464B4651EC180B01F08FFA0A46A5
:1079D000C2F30A53ED1A312D01460646174637DD2C
:1079E00050A3D3E9002351EC190B01F037FC56ECFE
:1079F000185B8046894642464B4618EE100A3146CF
:107A000001F074FA41EC180B314653EC182B284660
:107A100001F06CFA42464B4601F068FA43A3D3E901
:107A2000002306460F4651EC190B01F017FC3246B5
:107A30003B4601F05BFA8046894651EC180B424602
:107A40004B4601F053FAC4E9000106460F4601E037
:107A5000C4E9001232463B4651EC180B01F046FADD
:107A600042464B4601F042FABBF1000FC4E9020165
:107A7000BFF664AE07F1004501F10043C4E90065BB
:107A8000C4E90203CAF1000A58E60323A1E601F0A3
:107A90002FFA234B9D4206460F4616D01AA3D3E970
:107AA000002301F025FA02460B46C4E900233046C4
:107AB000394601F01BFA14A3D3E9002301F018FAA8
:107AC0004FF0FF3AC4E9020138E611A3D3E90023DD
:107AD00001F00EFA10A3D3E9002306460F4601F089
:107AE00007FA02460B46C4E900233046394601F046
:107AF000FDF909A3D3E9002301F0FAF94FF0FF3AA9
:107B0000C4E902011AE600BF3163621A61B4D03DD4
:107B10000000601A61B4D03D7370032E8A19A33B34
:107B2000FB21F93F0000002E8A19A33BC149202503
:107B30009A837B392DE9F0415F4A57EC106BBA43C9
:107B400000F09880002F10EE104A3B464EDD3915AC
:107B50005BD0C3F31303CA0743F48013A1F2FF3EC3
:107B600003D45B0003EBD4736400E20F4FF0000C0E
:107B700002EB43034FEA6E0E6400664616254FF48F
:107B80000012B118994202DC5B1A8E1894445B0013
:107B9000013D03EBD4734FEA52024FEA4404F0D1A3
:107BA0002F4620204FF0004209E03ED0E10F01387F
:107BB0004FEA520201EB43034FEA44043ED0B34282
:107BC00002EB0501F1DD002901EB020509DBB046FE
:107BD0009B1BA14288BF03F1FF33641A174446463A
:107BE000E4E7002DF3DB06F10108F1E727F000429E
:107BF000324336D0002F4DD13946E20A153964059B
:107C00001346002AF9D0D70251D400205B00DE02CF
:107C1000054600F10100F9D51A4623468440C0F11B
:107C20002000C3401343491B93E7A142BED800295B
:107C300001EB0205D5DB98460023CEE7234312D1A2
:107C400078084FEA6C0101F17F511CF0010F01F53A
:107C5000001118BF40F0004001EB0E53024643EC08
:107C6000102BBDE8F0817B1C16BF781C0CF1010CB9
:107C70004008E6E710EE102A10EE100A3B4639469F
:107C800001F0ECFA32463B4601F032F941EC100BC0
:107C9000BDE8F08110EE102A3046394601F026F991
:107CA00002460B4601F004FC41EC100BD9E72346D9
:107CB00020204FF0FF35B4E70000F07F0000000007
:107CC0002DE9F84F57EC106B27F00049B9F1795FB7
:107CD0002DED048B5BEC11AB71DA10EE100A394616
:107CE00001F06CFD002800F0F68032463B4630463D
:107CF000394601F0B3FA7CA3D3E9002304460D46CC
:107D000001F0ACFA7AA3D3E9002301F0F1F822469E
:107D10002B4601F0A3FA78A3D3E9002301F0E6F89B
:107D200022462B4601F09AFA75A3D3E9002301F00D
:107D3000DFF822462B4601F091FA73A3D3E9002322
:107D400001F0D4F822462B4601F088FA70A3D3E95B
:107D5000002301F0CDF822462B4601F07FFA41ECDA
:107D6000180B714B00222046294601F077FA53EC9C
:107D7000182B804689462046294601F06FFA524664
:107D80005B4604460D463046394601F067FA024626
:107D90000B462046294601F0A9F802460B4640460C
:107DA000494601F0A3F802460B4600205F4901F066
:107DB0009DF8BDEC048B41EC100BBDE8F88F10EE84
:107DC000102A10EE100A3B46394601F047FA46A346
:107DD000D3E9002304460D4601F040FA44A3D3E959
:107DE000002301F085F822462B4601F037FA42A322
:107DF000D3E9002301F07AF822462B4601F02EFA4F
:107E00003FA3D3E9002301F073F822462B4601F08B
:107E100025FA3DA3D3E9002301F068F822462B465A
:107E200001F01CFA3AA3D3E9002301F061F82B46D4
:107E3000224601F013FA3E4B994541EC180B90DDB8
:107E40003C4B99453CDC0022A9F500133749002042
:107E50009046994601F04AF841EC190B324B00224A
:107E60002046294601F0FAF942464B4601F03EF819
:107E700053EC182B804689462046294601F0EEF93E
:107E800052465B4604460D463046394601F0E6F957
:107E900002460B462046294601F028F802460B46CA
:107EA0004046494601F022F802460B4651EC190BB8
:107EB00001F01CF8BDEC048B41EC100BBDE8F88F11
:107EC0009FED157BDFF87090B0EE479AF0EE679A61
:107ED0004FF00008C2E7BDEC048B9FED110BBDE82D
:107EE000F88F00BFAFF30080D43888BEE9FAA8BD90
:107EF000C4B1B4BD9EEE213EAD529C804F7E923EF9
:107F00009015CB19A001FA3E7751C1166CC1563FAE
:107F10004C5555555555A53F000000000000E73F62
:107F2000000000000000F03F0000E03F0000F03FD4
:107F30003233D33F0000E93F0000D23F0000000091
:107F40002DE9F04FADF5197DBB4CA29D089354F877
:107F500025400594013B12F1140F04900B910393FB
:107F6000C0F22683B549D31E81FB0301DB17C3EBA7
:107F7000A10307930133A3EB8303DB00D31806931C
:107F8000079A039BD41A059AD6181AD40136A39FD0
:107F90004FF000084FF00009264420AD08E057F8E4
:107FA000240001F0F1F80134B442E5E8020108D000
:107FB000002CF4DA013440464946B442E5E80201B7
:107FC000F6D1059B002BC0F2C883089BDDF80C900E
:107FD000DA000292059A1A440192049A20A901EB50
:107FE000C30A0DF5E07B02EBC308039B002B4FF0A7
:107FF00000044FF0000511DB049E574677E9022389
:10800000F6E8020101F02AF902460B46204629460D
:1080100000F06EFF464504460D46EFD1019B09F185
:1080200001099945EBE802450AF1080ADDD1059AF4
:1080300004980CA901EB820302990144083B8B468A
:108040000BA90993134601EB82020A920193019A4C
:1080500098A901EBC203002A53E928452ADD0DF552
:10806000E07909EBC2080DF1300A754B0022204679
:10807000294601F0F3F801F0A1FB01F085F8714BFE
:10808000002206460F4601F0E9F802460B4620465C
:10809000294600F02BFF01F091FB044678E902230A
:1080A0004AF8044B3046394600F022FFC8450446E2
:1080B0000D46DAD1DDF8189045EC104B484600F03B
:1080C0007FFE55EC104B00224FF07F5310EE100A4C
:1080D000294601F0C3F841EC100B00F0E5FD5A4BC6
:1080E00051EC100B002201F0B9F802460B46204675
:1080F000294600F0FBFE0D46044601F05FFB80467A
:1081000001F042F80B4602462946204600F0EEFEFA
:108110004B46002B06460F4640F39880019A0CA967
:10812000013AC9F1180351F8225045FA03F101FA56
:1081300003F3EB1AC9F117050CA843FA05F5002D56
:1081400040F82230884400F38B8000220023304620
:10815000394601F0EBFA002800F05682019B059A9F
:1081600003F1FF3A524510DC03F180430CAA013BB6
:108170000A9802EB8303002253F80419834242EA6F
:108180000102F9D1002A40F0DC80059B0CAA013BDA
:1081900052F82330002B40F0CF80099A012352F887
:1081A000041901330029FAD001994A1CCB18029313
:1081B0009146079B089902EB030A019B0B449846E2
:1081C00020AB0AF1804A03EBC808A39B0AF1FF3AEF
:1081D00003EB8A0A70AB03EBC20301935AF8040F56
:1081E00000F0D2FF0B46039902460029C8E900239C
:1081F00047464FF0000408F108084FF0000511DB76
:10820000049E01E077E90223F6E8020101F026F876
:1082100002460B462046294600F06AFE5E450446AB
:108220000D46EFD1019BE3E802450193029B09F162
:1082300001099945D2DD09E7D8EC0200ABAAAA2AC8
:108240000000703E00007041000020406BD1019B97
:108250000CAA013B52F82350ED15002D7FF775AFA6
:10826000019B002B08F1010840F3CC810C9C002CF1
:1082700051D1019B012B20D00CAB012253F8044FAC
:10828000002C4BD0531C0CA9C4F1807441F822403F
:108290000199994210DD0CAA0CA852F8232000EB9A
:1082A000830300EB81006FF07F4100E01A688A1AB7
:1082B00043F8042B8342F9D10124069B002B0EDDE9
:1082C000012B00F06A81022B09D1019B5A1E0CABD5
:1082D0000CA953F82230C3F3150341F82230022DC4
:1082E0007FF433AF32463B46B949002000F0FEFD33
:1082F00006460F46002C3FF428AF06989FEDB00BC2
:1083000000F05EFD3046394653EC102B00F0EEFDD8
:1083100006460F4619E701230022B4E7019901320E
:108320008A42ABD1C9E7AB4B002201F01DFA00280D
:1083300040F05681054608E7019B5A1C914602927F
:1083400037E70CAB069A53F82A30CDF81C80183A60
:108350000395069273B9019B03F18043023B0CA97C
:1083600001EB830353F804190AF1FF3A183A002984
:10837000F8D006929FED920B069800F021FDBAF11D
:10838000000F55EC104BC0F2DE8170AB03EBCA0B53
:108390000CAA0AF10103069302EB83084FEACA0311
:1083A0000BF10809049358F8040D00F0EDFE224685
:1083B0002B4600F053FF06460F46874B20462946C2
:1083C00069E90267002200F049FF0CAB98450446BA
:1083D0000D46E8D148ABCDE9013ADDF814A0BAF179
:1083E000000F4FF000092CDB77A3D3E90023DFF85F
:1083F000EC815F4600240025002603E0B14510DB38
:10840000F8E80223F7E8020100F028FF02460B46D5
:108410002046294600F06CFD0136B24504460D4663
:10842000ECDA019B029A03EBC9034A45C3E9004514
:10843000ABF1080B09F1010306D0BAF1000F994620
:10844000D2DA00240025ECE7A29BDDF808A0022B7D
:108450001EDC002B00F30F8113D1049C019D083416
:10846000002000212C4474E9022300F041FDA542C4
:10847000F9D1039B13B101F1004319460B9BC3E9EA
:108480000001079B03F007000DF5197DBDE8F08F93
:10849000A29B032BF5D1BAF1000F00F07081019A75
:1084A000049BD318D3E9004502EBCA0B7BE90267B2
:1084B0002046294632463B4600F01AFDA046A94612
:1084C00004460D4622462B463046394600F00EFD46
:1084D0004B46424600F00CFD019B5B45CBE9004555
:1084E000CBE90201E2D1BAF1010F40F34881019AD0
:1084F000049B0AF1005A0AF1FF3A13444FEACA01F9
:10850000D3E9004501F1080A029192440DF5947BEC
:108510007AE902672046294632463B4600F0E8FCED
:10852000A046A94604460D4622462B46304639460B
:1085300000F0DCFC42464B4600F0DAFCD345CAE9C9
:108540000045CAE90201E3D1029C019B00260027F5
:1085500010341C4403F110053046394674E90223F7
:1085600000F0C6FCA542F9D106460F46039B002B3E
:1085700040F0BF80019A0B99D2E90045D2E902236D
:10858000C1E90223079B03F00700C1E90467C1E9C1
:1085900000450DF5197DBDE8F08F019B5A1E0CAB0F
:1085A0000CA953F82230C3F3160341F8223096E6A3
:1085B00000216FF017030791E0E400BFAFF30080E4
:1085C000000000000000F03F00000040FB21F93FE8
:1085D0000000F03F0000E03F0000703EA0EC020011
:1085E000019B002B08F10108C8BF02253FF73EAEF2
:1085F00032463B466349002000F078FC02250646DF
:108600000F46A2E5002458E6069B0395584247EC26
:10861000106BCDF81C8000F0D3FB55EC104B5A4B7F
:1086200010EE100A0022294601F09EF8002856D0CC
:10863000564B00222046294600F010FE01F0BEF8FD
:10864000064600F0A1FD504B002200F007FE0B464D
:1086500002462946204600F049FC01F0AFF8069B8F
:10866000019C183304F1010A06930CAB43F8240073
:1086700043F82A607EE6019D069A002005EBC204BD
:10868000002174E9022300F033FCA542F9D1039BD9
:10869000002B48D10B9BC3E900010B460199024610
:1086A000D1E9000100F022FCBAF1000F0DDD4AAD66
:1086B0000124F5E80223013400F01AFCA245F8DA9F
:1086C000039B13B101F1004319460B9BC3E902015F
:1086D000079B03F007000DF5197DBDE8F08F2046DC
:1086E000294601F06BF8019B0CAA9A4642F8230038
:1086F00040E6019B19465A68DB680D688C680B9947
:1087000003F10043CB60079B0D6002F100424A6019
:1087100003F0070007F100428C600E614A610DF51D
:10872000197DBDE8F08F0B9C01F10043C4E9000303
:108730000B4601990246D1E9000100F0D7FBBAF1DE
:10874000000FB4DCBEE7A29B022B0ADC002B11DC7D
:108750007FF497AE002000218BE6089BDB0002939C
:1087600065E4A29B032B7FF48CAE48AB0026002768
:108770000193FBE648AB00200021019387E7002628
:108780000027F3E60000F03F000070410000703E5B
:108790002DE9F04F55EC104B85B025F00043B3F1B7
:1087A000795F8DED001B039007DA10EE100A294661
:1087B00001F004F8002800F0898022462B4620466C
:1087C000294600F04BFD06460F4632463B46204602
:1087D000294600F043FD43A3D3E9002382468B469C
:1087E0003046394600F03AFD40A3D3E9002300F0BB
:1087F0007DFB32463B4600F031FD3EA3D3E900232A
:1088000000F076FB32463B4600F028FD3BA3D3E95F
:10881000002300F06BFB32463B4600F01FFD39A3FE
:10882000D3E9002300F064FB039B80468946ABB389
:10883000DDE900012A4B002200F010FD42464B46C4
:10884000804689465046594600F008FD02460B46D0
:108850004046494600F04AFB32463B4600F0FEFCEB
:10886000DDE9002300F042FB1BA3D3E90023064609
:108870000F465046594600F0F1FC02460B46304682
:10888000394600F035FB02460B462046294600F0EB
:108890002DFB41EC100B05B0BDE8F08F02460B46F6
:1088A0003046394600F0DAFC0BA3D3E9002300F090
:1088B0001DFB52465B4600F0D1FC22462B4600F0E1
:1088C00017FB41EC100B05B0BDE8F08F45EC104BE9
:1088D00005B0BDE8F08F00BF495555555555C53F0A
:1088E0000000E03F7CD5CF5A3AD9E53DEB9C2B8A7E
:1088F000E6E55A3E7DFEB157E31DC73ED561C1197D
:10890000A0012A3FA6F810111111813F00000000BC
:108910002DE9F84F55EC104BCD4B25F000469E420B
:10892000AA460DDDCB4B9E4200F3B58000F0B0802F
:10893000BAF1000F40F3F6809FEDA90BBDE8F88F68
:10894000C54B9E4200F3C380A3F1DE739E4240F309
:10895000AC804FF0FF3B22462B462046294600F0D4
:108960007DFC02460B468046894600F077FC9EA3BC
:10897000D3E9002306460F4600F070FC9CA3D3E920
:10898000002300F0B5FA32463B4600F067FC9AA39C
:10899000D3E9002300F0ACFA32463B4600F05EFC1F
:1089A00097A3D3E9002300F0A3FA32463B4600F038
:1089B00055FC95A3D3E9002300F09AFA32463B46D2
:1089C00000F04CFC92A3D3E9002300F091FA424658
:1089D0004B4600F043FC90A3D3E900238046894630
:1089E0003046394600F03AFC8DA3D3E9002300F06D
:1089F0007DFA32463B4600F031FC8BA3D3E90023DD
:108A000000F074FA32463B4600F028FC88A3D3E914
:108A1000002300F06BFA32463B4600F01FFC86A3B1
:108A2000D3E9002300F062FA32463B4600F016FC20
:108A3000BBF1FF3F02460B4678D04046494600F066
:108A400057FA864E22462B4600F008FC844B06EB74
:108A5000CB064FEACB0B9B44DBE9002300F046FA40
:108A600022462B4600F042FA02460B46D6E90001A8
:108A700000F03CFABAF1000F41EC100B13DA10EEE3
:108A8000901A024601F1004343EC102BBDE8F88F29
:108A9000002C3FF44DAF22462B462046294600F0DD
:108AA00027FA41EC100BBDE8F88F65A3D3E900234A
:108AB00010EE100A294600F01BFA6A4B002200F063
:108AC0005DFE00283FF445AF45EC104BEBE700F0AE
:108AD000D3F8654B9E4255EC104B39DCA3F550237F
:108AE0009E4262DC10EE102A10EE100A2B46294638
:108AF00000F0FEF95B4B002200F0F8F900224FF085
:108B0000804306460F462046294600F0F1F902460A
:108B10000B463046394600F0CBFC4FF0000B0446C4
:108B20000D4618E79FED480BBDE8F88F40464946D3
:108B300000F0DEF922462B4600F090FB02460B4681
:108B40002046294600F0D2F941EC100BBDE8F88F21
:108B5000464B9E421DDA10EE100A454B0022294674
:108B600000F0C4F9424B06460F4600222046294633
:108B700000F074FB3B4B002200F0BAF902460B46B2
:108B80003046394600F094FC4FF0020B04460D4687
:108B9000E1E62B4610EE102A3649002000F088FC52
:108BA0004FF0030B04460D46D5E610EE100A2D4B90
:108BB0000022294600F09AF92A4B002206460F4669
:108BC0002046294600F094F902460B4630463946C5
:108BD00000F06EFC4FF0010B04460D46BBE600BFF3
:108BE000182D4454FB21F93F11DA22E33AAD903FAE
:108BF000EB0D76244B7BA93F513DD0A0660DB13FD4
:108C00006E204CC5CD45B73FFF8300922449C23F3B
:108C10000D5555555555D53F2F6C6A2C44B4A2BF00
:108C20009AFDDE522DDEAD3F6D9A74AFF2B0B33FC8
:108C3000711623FEC671BC3FC4EB98999999C93F40
:108C40009C7500883CE4377E182D4454FB21F9BF05
:108C5000FFFF0F440000F07FFFFFDB3FE8EC020066
:108C600008ED02000000F03FFFFFF23F00800340EC
:108C70000000F83F0000F0BF51EC100B10EE102A7E
:108C800021F0004343EC102B704700BF82B08DED04
:108C9000000B019840F0004000F58010C00F02B0BA
:108CA000704700BF0000000051EC100BF8B5C1F395
:108CB0000A53A3F2FF35132D10EE106A0C4620DC88
:108CC000002D3DDB384F2F4101EA070303431DD040
:108CD00033A3D3E9002300F00BF90022002300F0B6
:108CE0004DFD48B1002C04DA4FF4801343FA05F52A
:108CF0002C4424EA070400262346324643EC102B7A
:108D0000F8BD332D05DDB5F5806F29D041EC100B92
:108D1000F8BDA3F213434FF0FF37DF400742F5D011
:108D20001FA3D3E9002300F0E3F80022002300F0A2
:108D300025FD0028E0D0002C23DB26EA0706DBE730
:108D400017A3D3E9002300F0D3F80022002300F09A
:108D500015FD0028D0D0002C0ADB00263446CBE7D6
:108D600010EE102A0B4600F0C3F841EC100BF8BDD2
:108D700024F000430D4A1E43002E18BF144600265F
:108D8000BAE7142D08D00123C5F1340503FA05F51F
:108D9000AE1928BFE418D0E70134CEE7AFF3008066
:108DA0009C7500883CE4377EFFFF0F000000F0BF99
:108DB0009FED010B704700BF000000000000F87F2E
:108DC00038B553EC102BC3F30A511C46054681BB42
:108DD00010EE101A23F00044214329D01946002236
:108DE0003D4B3E4C10EE100A00F038FAA542024608
:108DF0000B4616DB0C46C1F30A513639294440F2C2
:108E0000FE70814221DC002947DC11F1350F34DA94
:108E10004CF250318D4218DC002B27A1D1E9000122
:108E200044DB25A3D3E9002300F018FA41EC100B32
:108E300038BD40F2FF708142E0D110EE100A1946B1
:108E400000F056F841EC100B38BD002B1CA1D1E905
:108E5000000107DB1AA3D3E9002300F0FFF941EC7E
:108E6000100B38BD18A1D1E9000115A3D3E90023E7
:108E700000F0F4F941EC100BF3E724F0FF4424F484
:108E8000E004363144EA0153104619460022144BDF
:108E900000F0E4F941EC100B38BD24F0FF4424F459
:108EA000E00444EA015343EC102B38BD08A1D1E99A
:108EB0000001B6E7AFF3008059F3F8C21F6EA501B9
:108EC0009C7500883CE4377E9C7500883CE437FE46
:108ED00059F3F8C21F6EA58100005043B03CFFFF5C
:108EE0000000903C81F0004102E000BF83F00043AD
:108EF00030B54FEA41044FEA430594EA050F08BF35
:108F000090EA020F1FBF54EA000C55EA020C7FEAF8
:108F1000645C7FEA655C00F0E2804FEA5454D4EB75
:108F20005555B8BF6D420CDD2C4480EA020281EA3F
:108F3000030382EA000083EA010180EA020281EA77
:108F40000303362D88BF30BD11F0004F4FEA0131C9
:108F50004FF4801C4CEA113102D0404261EB4101D8
:108F600013F0004F4FEA03334CEA133302D052425E
:108F700063EB430394EA050F00F0A780A4F101041A
:108F8000D5F1200E0DDB02FA0EFC22FA05F2801854
:108F900041F1000103FA0EF2801843FA05F359413A
:108FA0000EE0A5F120050EF1200E012A03FA0EFCB9
:108FB00028BF4CF0020C43FA05F3C01851EBE371E3
:108FC00001F0004507D54FF0000EDCF1000C7EEB00
:108FD00000006EEB0101B1F5801F1BD3B1F5001F3E
:108FE0000CD349085FEA30004FEA3C0C04F101045D
:108FF0004FEA445212F5800F80F09A80BCF1004F86
:1090000008BF5FEA500C50F1000041EB045141EA07
:10901000050130BD5FEA4C0C404141EB0101013CD0
:1090200028BFB1F5801FE9D291F0000F04BF0146BF
:109030000020B1FA81F308BF2033A3F10B03B3F191
:1090400020020CDA0C3208DD02F1140CC2F10C0221
:1090500001FA0CF021FA02F10CE002F11402D8BF7F
:10906000C2F1200C01FA02F120FA0CFCDCBF41EA4B
:109070000C019040E41AA2BF01EB0451294330BD1A
:109080006FEA04041F3C1CDA0C340EDC04F11404F7
:10909000C4F1200220FA04F001FA02F340EA0300CE
:1090A00021FA04F345EA030130BDC4F10C04C4F114
:1090B000200220FA02F001FA04F340EA03002946F4
:1090C00030BD21FA04F0294630BD94F0000F83F43E
:1090D000801306BF81F480110134013D4EE77FEA21
:1090E000645C18BF7FEA655C29D094EA050F08BF6D
:1090F00090EA020F05D054EA000C04BF194610464E
:1091000030BD91EA030F1EBF0021002030BD5FEA91
:10911000545C05D14000494128BF41F0004130BDB9
:1091200014F580043CBF01F5801130BD01F000450D
:1091300045F0FE4141F470014FF0000030BD7FEA80
:10914000645C1ABF194610467FEA655C1CBF0B467B
:10915000024650EA013406BF52EA033591EA030F92
:1091600041F4002130BD00BF90F0000F04BF00218A
:10917000704730B54FF4806404F132044FF00005BD
:109180004FF0000150E700BF90F0000F04BF002136
:10919000704730B54FF4806404F1320410F000459C
:1091A00048BF40424FF000013EE700BF42004FEA97
:1091B000E2014FEA31014FEA02701FBF12F07F4314
:1091C00093F07F4F81F06051704732F07F4208BFCB
:1091D000704793F07F4F04BF41F40021704730B5D2
:1091E0004FF4607401F0004521F000411CE700BF1E
:1091F00050EA010208BF704730B54FF000050AE0A1
:1092000050EA010208BF704730B511F0004502D5A1
:10921000404261EB41014FF4806404F132045FEAA3
:10922000915C3FF4D8AE4FF003025FEADC0C18BF4C
:1092300003325FEADC0C18BF033202EBDC02C2F13E
:10924000200300FA03FC20FA02F001FA03FE40EAD0
:109250000E0021FA02F11444BDE600BF70B54FF0D4
:10926000FF0C4CF4E06C1CEA11541DBF1CEA1355B2
:1092700094EA0C0F95EA0C0F00F0DEF82C4481EA1A
:10928000030621EA4C5123EA4C5350EA013518BF3A
:1092900052EA033541F4801143F4801338D0A0FB27
:1092A00002CE4FF00005E1FB02E506F00042E0FBD4
:1092B00003E54FF00006E1FB03569CF0000F18BFDA
:1092C0004EF0010EA4F1FF04B6F5007F64F5407482
:1092D00004D25FEA4E0E6D4146EB060642EAC62115
:1092E00041EA55514FEAC52040EA5E504FEACE2E82
:1092F000B4F1FD0C88BFBCF5E06F1ED8BEF1004F85
:1093000008BF5FEA500E50F1000041EB045170BD00
:1093100006F0004646EA010140EA020081EA030144
:10932000B4EB5C04C2BFD4EB0C0541EA045170BD40
:1093300041F480114FF0000E013C00F3AB8014F1BA
:10934000360FDEBF002001F0004170BDC4F1000403
:10935000203C35DA0C341BDC04F11404C4F1200584
:1093600000FA05F320FA04F001FA05F240EA0200DF
:1093700001F0004221F0004110EBD37021FA04F615
:1093800042EB06015EEA430E08BF20EAD37070BDCF
:10939000C4F10C04C4F1200500FA04F320FA05F02E
:1093A00001FA04F240EA020001F0004110EBD37030
:1093B00041F100015EEA430E08BF20EAD37070BDA0
:1093C000C4F1200500FA05F24EEA020E20FA04F379
:1093D00001FA05F243EA020321FA04F001F0004128
:1093E00021FA04F220EA020000EBD3705EEA430E99
:1093F00008BF20EAD37070BD94F0000F0FD101F0C8
:109400000046400041EB010111F4801F08BF013C00
:10941000F7D041EA060195F0000F18BF704703F03E
:109420000046520043EB030313F4801F08BF013DC5
:10943000F7D043EA0603704794EA0C0F0CEA135581
:1094400018BF95EA0C0F0CD050EA410618BF52EA3B
:109450004306D1D181EA030101F000414FF0000041
:1094600070BD50EA410606BF1046194652EA43064F
:1094700019D094EA0C0F02D150EA013613D195EAC3
:109480000C0F05D152EA03361CBF104619460AD10B
:1094900081EA030101F0004141F0FE4141F4700115
:1094A0004FF0000070BD41F0FE4141F4780170BD05
:1094B00070B54FF0FF0C4CF4E06C1CEA11541DBF6A
:1094C0001CEA135594EA0C0F95EA0C0F00F0A7F86C
:1094D000A4EB050481EA030E52EA03354FEA013199
:1094E00000F088804FEA03334FF0805545EA1313AC
:1094F00043EA12634FEA022245EA111545EA106574
:109500004FEA00260EF000419D4208BF964244F10A
:10951000FD0404F5407402D25B084FEA3202B61A29
:1095200065EB03055B084FEA32024FF480104FF4FD
:10953000002CB6EB020E75EB030E22BFB61A754671
:1095400040EA0C005B084FEA3202B6EB020E75EB04
:10955000030E22BFB61A754640EA5C005B084FEA6C
:109560003202B6EB020E75EB030E22BFB61A754639
:1095700040EA9C005B084FEA3202B6EB020E75EB44
:10958000030E22BFB61A754640EADC0055EA060E05
:1095900018D04FEA051545EA16754FEA06164FEA48
:1095A000C30343EA52734FEAC2025FEA1C1CC0D1F4
:1095B00011F4801F0BD141EA00014FF000004FF081
:1095C000004CB6E711F4801F04BF01430020B4F142
:1095D000FD0C88BFBCF5E06F3FF6AFAEB5EB030CFA
:1095E00004BFB6EB020C5FEA500C50F1000041EBF7
:1095F000045170BD0EF0004E4EEA113114EB5C04C4
:10960000C2BFD4EB0C0541EA045170BD41F4801196
:109610004FF0000E013C90E645EA060E8DE60CEA9E
:10962000135594EA0C0F08BF95EA0C0F3FF43BAFBB
:1096300094EA0C0F0AD150EA01347FF434AF95EA72
:109640000C0F7FF425AF104619462CE795EA0C0F56
:1096500006D152EA03353FF4FDAE1046194622E723
:1096600050EA410618BF52EA43067FF4C5AE50EAFD
:1096700041047FF40DAF52EA43057FF4EBAE12E7ED
:109680004FF0FF3C06E000BF4FF0010C02E000BFCE
:109690004FF0010C4DF804CD4FEA410C7FEA6C5CB1
:1096A0004FEA430C18BF7FEA6C5C1BD001B050EA54
:1096B000410C0CBF52EA430C91EA030F02BF90EA3F
:1096C000020F0020704710F1000F91EA030F58BFFE
:1096D000994208BF90422CBFD8176FEAE37040F060
:1096E000010070474FEA410C7FEA6C5C02D150EAFE
:1096F000013C07D14FEA430C7FEA6C5CD6D152EAB9
:10970000033CD3D05DF8040B704700BF844610467D
:1097100062468C461946634600E000BF01B5FFF77C
:10972000B7FF002848BF10F1000F01BD4DF808ED4C
:10973000FFF7F4FF0CBF012000205DF808FB00BF1D
:109740004DF808EDFFF7EAFF34BF012000205DF877
:1097500008FB00BF4DF808EDFFF7E0FF94BF0120C4
:1097600000205DF808FB00BF4DF808EDFFF7CEFFC5
:1097700094BF012000205DF808FB00BF4DF808ED04
:10978000FFF7C4FF34BF012000205DF808FB00BFD5
:109790004FEA410C7FEA6C5C02D150EA013C0AD1ED
:1097A0004FEA430C7FEA6C5C02D152EA033C02D1DF
:1097B0004FF0000070474FF0010070474FEA410240
:1097C00012F5001215D211D56FF47873B3EB625213
:1097D00012D94FEAC12343F0004343EA505311F03A
:1097E000004F23FA02F018BF404270474FF00000CC
:1097F000704750EA013005D111F0004008BF6FF00A
:10980000004070474FF00000704700BF4A0011D27F
:1098100012F5001211D20DD56FF47873B3EB6252CA
:109820000ED44FEAC12343F0004343EA505323FAD6
:1098300002F070474FF00000704750EA013002D14B
:109840004FF0FF3070474FF0000070477BB972B99E
:109850000029BEBF00204FF0004106E008BF0028ED
:109860001CBF6FF000414FF0FF3000F003BAADF1C4
:10987000080C6DE904CE002909DB002B1ADB00F08F
:1098800097F8DDF804E0DDE9022304B070474042B8
:1098900061EB4101002B1BDB00F08AF8DDF804E0EE
:1098A000DDE9022304B0404261EB4101524263EB27
:1098B00043037047524263EB430300F079F8DDF84D
:1098C00004E0DDE9022304B0404261EB410170474E
:1098D000524263EB430300F06BF8DDF804E0DDE98E
:1098E000022304B0524263EB4303704753B94AB9B1
:1098F000002908BF00281CBF4FF0FF314FF0FF3098
:1099000000F0B8B9ADF1080C6DE904CE00F050F8E4
:10991000DDF804E0DDE9022304B07047430803F0FA
:109920005533C01A830803F0333300F03330184442
:1099300000EB101000F00F3000EB002000EB0040B7
:10994000000E704738B50022002304460D46FFF78D
:10995000F7FE28B920462946BDE8384000F00AB88D
:10996000204605F1004100F005F8404261EB41015D
:1099700038BD00BFD0B50C4B002206460F46FFF79E
:109980006DFCFFF743FF0446FFF7EEFB074B002299
:10999000FFF764FC02460B4630463946FFF7A6FA4D
:1099A000FFF734FF2146D0BD0000F03D0000F0413C
:1099B0002DE9F047089D04468C46002B40F083803B
:1099C0008A42174647D9B2FA82F242B1C2F1200068
:1099D00024FA00F09140974040EA010C94404FEA8D
:1099E0001748230CBCFBF8F61FFA87FE08FB16C1CC
:1099F00043EA014306FB0EF1994209D9FB1806F12F
:109A0000FF3080F01981994240F21681023E3B44BA
:109A10005B1AA4B2B3FBF8F008FB103344EA03442A
:109A200000FB0EFEA64509D93C1900F1FF3380F07A
:109A30000581A64540F2028102383C4440EA0640D6
:109A4000A4EB0E0400261DB1D4400023C5E9004359
:109A50003146BDE8F08702B9FFDEB2FA82F2002A91
:109A600050D1CB1B4FEA174E1FFA87F80126B3FBE4
:109A7000FEFC210C0EFB1C3341EA034108FB0CF3F6
:109A80008B4207D979180CF1FF3002D28B4200F2D9
:109A9000E9808446C91AA3B2B1FBFEF00EFB101197
:109AA00043EA014408FB00F8A04507D93C1900F13E
:109AB000FF3302D2A04500F2D9801846A4EB080477
:109AC00040EA0C40BFE78B4209D9002D00F0B1807D
:109AD0000026C5E9000130463146BDE8F087B3FAFB
:109AE00083F6002E4AD18B4202D3824200F2B88024
:109AF000841A61EB030101208C46002DA8D0C5E932
:109B0000004CA5E7C2F1200320FA03F6974001FAC2
:109B100002F04FEA174ED9403043030CB1FBFEF67A
:109B20001FFA87F80EFB161143EA014306FB08F102
:109B3000994204FA02F409D9FB1806F1FF3C80F0BF
:109B40008D80994240F28A80023E3B445B1A81B28A
:109B5000B3FBFEF00EFB103341EA034100FB08F3B8
:109B60008B4207D9791800F1FF3C73D28B4271D92F
:109B700002383944CB1A40EA064678E7C6F1200C91
:109B800003FA06F422FA0CF31C4320FA0CF701FA4C
:109B900006F34FEA144E21FA0CF11F433B0CB1FBC4
:109BA000FEF91FFA84F80EFB191143EA014109FB83
:109BB00008FA8A4502FA06F200FA06F308D9611893
:109BC00009F1FF3048D28A4546D9A9F1020921445A
:109BD000A1EB0A01BFB2B1FBFEF00EFB101147EA88
:109BE000014700FB08F8B84507D9E71900F1FF3134
:109BF0002ED2B8452CD90238274440EA0940A7EBB9
:109C00000807A0FB02894F45C64649461AD317D01C
:109C10005DB1B3EB0E0267EB010707FA0CFCF240F3
:109C20004CEA0202F740C5E9002700263146BDE8AC
:109C3000F0872E4628460BE70646E9E61846FDE67D
:109C40004345E5D2B8EB020E69EB04010138DFE7CA
:109C50000846D2E760468DE78146B9E7664675E774
:109C600030464AE7ACF1020C394413E702383C4471
:109C700024E700BF704700BF08B5062000F0D0F908
:109C8000012001F009F8000010B5054C13462CB175
:109C90000A4601460220AFF3008010BD2046FCE7D3
:109CA00000000000014B1868704700BFC801002089
:109CB00008B5074B044613B10021AFF30080054BF4
:109CC0001868836A03B19847204600F0E5FF00BF9B
:109CD0000000000028ED020070B50D4D0D4C641B16
:109CE000A4100026A64209D10B4D0C4C00F0D6FF63
:109CF000641BA4100026A64205D170BD55F8043B94
:109D000098470136EEE755F8043B98470136F2E7ED
:109D10002C0200202C0200202C0200205C020020DB
:109D200010B50C4600F0A2F8A088638803EB004051
:109D300010BD0000024B01461868FFF7F1BF00BFDD
:109D4000C80100200000000000000000000000002A
:109D500001F0FF01102A2BDB10F0070F08D010F8DC
:109D6000013B013A8B422DD010F0070F42B3F6D1E0
:109D7000F0B441EA012141EA014122F007047FF0F9
:109D800000070023F0E80256083C85EA010586EA50
:109D9000010685FA47F5A3FA87F586FA47F6A5FA8C
:109DA00087F68EB9EED1F0BC01F0FF0102F0070298
:109DB00032B110F8013B013A83EA010313B1F8D143
:109DC0000020704701387047002D06BF3546033824
:109DD000073815F0010F07D1013015F4807F02BF5D
:109DE000013015F4C03F0130F0BC0138704700BFAE
:109DF00030B501390024A24201D1002005E0035D05
:109E000001340D5DAB42F6D0581B30BD0A4491427F
:109E100000F1FF3300D1704710B511F8014B03F882
:109E2000014F9142F9D110BD884210B501EB0204F7
:109E300002D98442234607D8431EA14208D011F814
:109E4000012B03F8012FF8E7024401468A4200D1B2
:109E500010BD13F8014D02F8014DF7E70244034627
:109E6000934200D1704703F8011BF9E7F8B5836B03
:109E700005460C46B3B91820FAF73BFA0246A86328
:109E800020B9174B17488B21FBF7BEFD1649174B1E
:109E9000C0E90013164B83600B238381002101204E
:109EA000C2E90401A86B2688B0F808C0C788658895
:109EB000A288818906FB0CF307FB053305FB0CF533
:109EC00007FB0255428906FB071103EB114306FB12
:109ED000025202EB134221806380A280F8BD00BFD2
:109EE0002CED020043ED02000E33CDAB34126DE6D3
:109EF000ECDE050038B5104B1D68AB6B0446B3B9FA
:109F00001820FAF7F6F90246A86320B90B4B0C4863
:109F10004221FBF779FD0B490B4BC0E900130B4BBA
:109F200083600B23838100210120C2E90401AB6B14
:109F300000221C615A6138BDC80100202CED0200CE
:109F40009EED02000E33CDAB34126DE6ECDE050063
:109F5000174B10B51C68A36BB3B91820FAF7C9F9F1
:109F6000A06328B90246134B13484E21FBF74CFD62
:109F7000124A134BC0E90023124B83600B238381E9
:109F800001220023C0E90423A16B0F480A694B6931
:109F90000E4C504304FB0300A2FB04345A1C04443F
:109FA00044F10000C1E9042020F0004010BD00BFD2
:109FB000C80100202CED02009EED02000E33CDAB57
:109FC00034126DE6ECDE05002DF451582D7F954CD2
:109FD0001F2938B504460D4604D9162303604FF0F7
:109FE000FF3038BD426C12B152F821304BB92046D7
:109FF00000F030F82A4601462046BDE8384000F01F
:10A0000017B8012B0AD0591C03D116230360012075
:10A01000E7E7002442F82540284698470020E0E77B
:10A02000024B01461868FFF7D3BF00BFC8010020EC
:10A0300038B5074D00230446084611462B6000F052
:10A0400023FE431C02D12B6803B1236038BD00BF3F
:10A05000108D002000F008BE0EB410B59FB021ACEA
:10A060004FF4017154F8042B0192ADF81C100490C8
:10A07000089000F04DF80C4B059009900D930B489B
:10A08000019A006803940023119316934FF6FF730F
:10A09000ADF81E3004A9234600F0AEFA1FB0BDE8AB
:10A0A000104003B0704700BFB1A00200C8010020FB
:10A0B0000020704710B50246147813460132002C78
:10A0C000FAD1013B11F8012B03F8012F002AF9D135
:10A0D00010BDC9B2034610F8012B1AB18A42F9D15A
:10A0E00018467047002918BF0023F9E710F8012B24
:10A0F00011F8013B012A28BF9A42F7D0D01A7047C5
:10A10000034611F8012B03F8012B002AF9D17047FF
:10A11000034613F8012B002AFBD1181A01387047A7
:10A1200010B50139034632B111F8014F03F8014B64
:10A13000013A002CF7D11A440021934200D110BDFE
:10A1400003F8011BF9E7F0B50C7864B103461A78FF
:10A1500018465E1C0AB9104605E0944208D10D4627
:10A1600015F8012F02B9F0BD13F8017F9742F7D01F
:10A170003346ECE7012B2DE9F04701D0242B06D91B
:10A18000FFF790FD162303600020BDE8F0873A4FEB
:10A190008E4676461EF8014BE55D15F00805F8D1B0
:10A1A0002D2C34D19EF800404FF0010806F1020E2C
:10A1B000002B5CD0102B0CD1302C0AD19EF8004023
:10A1C00004F0DF04582C4DD19EF8014010230EF10D
:10A1D000020E08F1004C0CF1FF3C0026BCFBF3F929
:10A1E000354603FB19CAA4F13007092F18D83C469D
:10A1F000A34224DD002E1FDBA9451DD301D1A245BA
:10A200001ADB05FB034501261EF8014BEBE72B2C5F
:10A2100008BF9EF80040A84608BF06F1020EC7E737
:10A22000A4F14107192F01D8373CE1E7A4F16107F8
:10A23000192F04D8573CDBE74FF0FF36E4E7002E38
:10A2400005DA22230360654642B928469DE7B8F146
:10A25000000F00D06D42002AF7D00EB10EF1FF3191
:10A260001160F2E73024002BB3D10823B1E7302C82
:10A27000A4D00A23ADE700BFF8ED0200FFF77ABFD4
:10A2800013460A46014602480068FFF773BF00BF45
:10A29000C80100202DE9F04F85B09146494A03904E
:10A2A00088461E460D462B4615F8014BA75C17F055
:10A2B0000807F8D12D2C4AD12C7801279D1C002E9F
:10A2C0007CD0102E09D1302C07D12B7803F0DF037E
:10A2D000582B6ED16C78102602354FEAE67B324659
:10A2E0005B464FF0FF304FF0FF31FFF7FFFACDE94B
:10A2F000000132465B464FF0FF304FF0FF31FFF771
:10A30000F5FAB2469646002300200021A4F1300C55
:10A31000BCF1090F20D86446A6422EDD002B29DBB4
:10A32000DDE900238B4208BF824223D301D1A64539
:10A3300020DB0AFB01F300FB0B33AAFB00011944ED
:10A34000001941EBE471012315F8014BDEE72B2CDA
:10A3500004BF2C789D1CB2E7A4F1410CBCF1190F8D
:10A3600001D8373CD8E7A4F1610CBCF1190F04D82F
:10A37000573CD1E74FF0FF33E6E7002B0CDA039AA6
:10A38000222313604FF0FF304FF0FF31B9F1000F7F
:10A390000AD105B0BDE8F08F17B1404261EB410131
:10A3A000B9F1000FF5D00BB105F1FF38C9F8008005
:10A3B000EFE73024002E90D108268EE7302C84D091
:10A3C0000A268AE7F8ED020013460A4601460248CB
:10A3D0000068FFF75FBF00BFC80100202DE9F04310
:10A3E0003B4E86468C4660461CF8014BA55D15F039
:10A3F0000805F8D12D2C34D19CF800404FF001080D
:10A4000000F1020C002B5ED0102B0CD1302C0AD1A5
:10A410009CF8000000F0DF0058284FD19CF8014064
:10A4200010230CF1020C4FF0FF370025B7FBF3F7B8
:10A4300003FB07F96FEA09092846A4F13006092E43
:10A4400018D83446A34224DD002D1FDB87421DD3DC
:10A4500001D1A1451ADB00FB034001251CF8014B8B
:10A46000EBE72B2C08BF9CF80040A84608BF00F182
:10A47000020CC7E7A4F14106192E01D8373CE1E7E9
:10A48000A4F16106192E04D8573CDBE74FF0FF35E5
:10A49000E4E7002D07DA2223CEF800304FF0FF303A
:10A4A00042B9BDE8F083B8F1000F00D04042002A65
:10A4B000F7D00DB10CF1FF311160F2E73024002B21
:10A4C000B1D10823AFE7302CA2D00A23ABE700BFFD
:10A4D000F8ED0200FFF782BF13460A460146024824
:10A4E0000068FFF77BBF00BFC80100201FB50B4B02
:10A4F000002269460446186800F012F80028BEBF22
:10A500004FF0FF324FF0FF33CDE90023DDE90001CA
:10A510000CB1C4E9000104B010BD00BFC8010020A7
:10A5200038B5074D00230446084611462B6000F05D
:10A53000A3FB431C02D12B6803B1236038BD00BFCD
:10A54000108D002038B54B1C144603D14FF0FF3559
:10A55000284638BD938923F020039381636B5268AA
:10A56000CDB28BB1A36B934208DD23685A1E2260E3
:10A5700003F8015C636801336360E9E7214600F09A
:10A5800039FB0028F1D0E1E72169236851B19942F4
:10A5900008D213F8011CA94204D1013B0132236007
:10A5A0006260D5E7C4E90F3204F144036363032317
:10A5B000A363234603F8465F23600123DCE710B55D
:10A5C0000C46496B69B104F14403994201D0F9F793
:10A5D0009BFE236C63600020606313B1E36B236018
:10A5E00010BD2369236000236360A38943F0200327
:10A5F000A3814FF0FF30F3E72DE9F04F0C46ADF5A6
:10A60000237D0021CDE94411B249A0910DF1040848
:10A61000B149B24FDFF8C892CDF818810646A19132
:10A62000009392F800A0BAF1000F00F051811AF8DF
:10A63000073013F0080302F1010519D06368002BFD
:10A640000FDD23681A78BA5C120701D42A46E8E7BE
:10A65000459A0132459262680133013A6260236093
:10A66000ECE7A19B2146304698470028E9D0EDE76A
:10A67000BAF1250F40F083804193439353782A2BFE
:10A6800002BF1023951C41930A22AB461BF8011B05
:10A69000A1F13003092B1DD991480322FFF758FB84
:10A6A00040B10123A0EB090003FA00F0419B1843DD
:10A6B00041905D4615F8013B782B06D8572B10D8F2
:10A6C000252B5CD056D8002B74D0032347930A2344
:10A6D000429381E0439B02FB0313303B43935D466F
:10A6E000D3E7A3F15802202AEFD801A151F822F0B4
:10A6F000C3A70200CBA60200CBA6020021A802003D
:10A70000CBA60200CBA60200CBA60200CBA602007D
:10A71000CBA60200CBA60200CBA6020037A80200FF
:10A720000DA802007BA702007BA702007BA7020006
:10A73000CBA6020011A80200CBA60200CBA6020005
:10A74000CBA60200CBA6020047A8020019A802006F
:10A75000BBA70200CBA60200CBA6020043A80200C2
:10A76000CBA602000DA80200CBA60200CBA60200D9
:10A77000C3A70200453B022BA7D805232BE0636843
:10A78000002B0DDD23681A78524540F0A18001337B
:10A7900062682360459B013A01336260459355E747
:10A7A000A19B2146304698470028EBD044980028CA
:10A7B00040F084804FF0FF3086E0419A42F0200262
:10A7C0004192419A42F40072419210226F2B4292C0
:10A7D00034BF0323042347936368002B41DD419B6F
:10A7E000590604D423681A78BA5C120740D4479BF0
:10A7F000022B4FDC6B46224641A9304600F074F82C
:10A80000012865D002287FF421AFCFE70A22DDE7D7
:10A81000002342930323DEE7082342930423DAE76D
:10A820002946404600F0ACF9419B43F04003419378
:10A8300005460123CFE7419B43F0400341930023AA
:10A84000C9E70223C7E74198C3063FF5FFAE009B67
:10A85000459A191D00911B68C0074CBF1A801A60E9
:10A86000F4E6A19B2146304698470028B7D09DE7E3
:10A87000459A013245926268013A002A626002DD1F
:10A8800001332360AEE7A19B21463046984700285C
:10A89000A8D08BE7042B06DC6B46224641A9304644
:10A8A00000F07AF8ACE70F4B002B3FF4CFAE6B46CD
:10A8B000224641A93046AFF30080A1E7A38913F0F7
:10A8C000400F18BF4FF0FF300DF5237DBDE8F08F2E
:10A8D0004498F9E745A50200BFA50200F8ED020083
:10A8E000F8EE0200000000002DE9F84315468A68E2
:10A8F00080460C4632B98A69002A0CBF01224FF00B
:10A90000FF328A602268DFF88C90D1065FBF1A6838
:10A91000111D196016680027A06988B1012807D1A8
:10A920002B681A7863699B5C53B927BBBDE8F88331
:10A93000022820D12B681B7813F809301B071AD482
:10A940002368DA065EBF2B681B7806F8013B2A688D
:10A950006B6801322A60A268013B013A6B600137E3
:10A96000A26042B1002BD7DCD4F8803129464046A2
:10A9700098470028D0D0236813F0100305D1E2686F
:10A980000132E260A26902B1337023691F4427617A
:10A990000020CBE7F8ED02002DE9F04F9846744B0C
:10A9A0000C468246164693E8070087B003AB83E85F
:10A9B0000700704BA169704A032918BF1A46A368A3
:10A9C00001925A1EB2F5AE7F88BF6FF4AE7527466E
:10A9D00082BF03EB050940F25D13A36057F81C3BEF
:10A9E00043F4506398BF4FF0000923603D464FF099
:10A9F000000B316803AB097853F82B000222FFF7F4
:10AA0000A7F928B3BBF1010F59D162682AB92268AE
:10AA1000082342F4007263602260226822F4A0627C
:10AA20002260A268511EA16092B13268511C31604F
:10AA3000127805F8012B7268013A002A726007DC6F
:10AA4000D4F88021314650469047002840F0858058
:10AA50000BF1010BBBF1030FCBD163680BB90A23D8
:10AA60006360636845496069C91A00F089F84FF06E
:10AA7000000BA3682268002B3DD03168606991F813
:10AA800000C010F80C00002835D0BCF1300F24D1E4
:10AA9000100522D50BF1010BB9F1000F03D00133E2
:10AAA00009F1FF39A3607368013B002B73601BDD64
:10AAB000336801333360A368013BA360D9E7BBF17E
:10AAC000020FAED1226802F4C061B1F5007FBFD1A0
:10AAD0001023636042F48072A2E722F410622260C5
:10AAE0000B7805F8013BDEE7D4F88031314650465B
:10AAF00098470028DFD02368D9050DD5BD4209D974
:10AB000015F8011CD4F87C3132465046984705F1BF
:10AB1000FF394D46BD4228D0226812F0100213D1F1
:10AB20002A706368019E39465046B047D8F8003015
:10AB300021681A1DC8F8002011F0200F1B680FD0E3
:10AB40001860E3680133E360ED1BAB4425695D44A5
:10AB50002561002007B0BDE8F08F4FF0000BCAE779
:10AB6000CA074CBF18801860EBE70120F2E700BF6E
:10AB700014EF0200D5A402007DA2020012EF020031
:10AB800070B50B7804465E2B0BBF4B78481C881CB5
:10AB9000002208BF0122611E04F1FF0501F8012F08
:10ABA000A942FBD10BB9013870BD82F00101E1541B
:10ABB000421C12F8015C2D2D02F1FF36104606D022
:10ABC0005D2DF1D00DB93046EEE72B46EFE7167854
:10ABD0005D2EFAD0B342F8DC18460130864221548B
:10ABE000FBDCD84330445D1CB342A8BF00202B18C7
:10ABF0000232DEE72DE9F0410C46496B04F14403D3
:10AC000099421DD14FF48061F9F77BFB18B94FF0E1
:10AC1000FF30BDE8F0814FF48063A36394F84630C1
:10AC2000606380F8FF3394F8453080F8FE3394F881
:10AC3000443080F8FD3300F2FD3020600020E8E76A
:10AC4000A66B77003A46F9F762FB05460028DED08E
:10AC500000EB0608014632464046FFF7D7F8C4E944
:10AC60000D57C4F80080E9E7024B58221A604FF0F4
:10AC7000FF307047108D0020024B58221A604FF0B1
:10AC8000FF307047108D0020024B58221A604FF0A1
:10AC9000FF307047108D0020FEE700BFF8B500BF01
:10ACA000F8BC08BC9E467047F8B500BFF8BC08BCAD
:10ACB0009E467047020000000300000004000000F0
:10ACC0001F0000001C0000000E0000002500000016
:10ACD0000B0000000A000000090000001E00000038
:10ACE000170000000C00000011000000010000002F
:10ACF0000D00000022000000FFFFFFFFFFFFFFFF2D
:10AD00001A000000200000001500000016000000DE
:10AD10000F000000180000001300000024000000D5
:10AD200000000000140000000500000010000000FA
:10AD300008000000190000002800000006000000C4
:10AD400030303030303030300062617369635F73AF
:10AD50007472696E673A3A5F4D5F636F6E737472B7
:10AD6000756374206E756C6C206E6F742076616CE8
:10AD7000696400626C650032353430623662302DB1
:10AD8000303030312D343533382D626364372D3710
:10AD900065636662353132393763310032353430BC
:10ADA000623662302D303030322D343533382D62FA
:10ADB0006364372D37656366623531323937633105
:10ADC000000000000000000000000000BD020000C4
:10ADD000E5020000310500006F63746F5374617207
:10ADE000744265616D006F63746F53746F70426578
:10ADF000616D006F63746F5265636569766500739A
:10AE000063616E526563656976650000D8AD0200C6
:10AE100081040000E6AD0200F1020000F3AD020083
:10AE200001050000FFAD020085030000616C6C00AD
:10AE30006C61737400252E3135732E2E2E00626FD7
:10AE40006F6C65616E006E756D6265720073747211
:10AE5000696E67006C697374006279746520617251
:10AE60007261790072616E646F6D0064617461007B
:10AE70006D616B654C6973740072616E676500612A
:10AE800064644C6173740064656C657465006A6F1A
:10AE9000696E0073706C697400636F707946726FCD
:10AEA0006D546F0066696E64006A6F696E537472E8
:10AEB000696E677300756E69636F646541740075D0
:10AEC0006E69636F6465537472696E67006E65774F
:10AED0004279746541727261790061734279746577
:10AEE000417272617900667265654D656D6F727948
:10AEF00000636F6E766572745479706500000000AF
:10AF000070AE02003508000079AE02005510000056
:10AF10007FAE0200990B000087AE0200DD11000039
:10AF20008EAE02000D13000093AE0200D10D0000A2
:10AF300099AE02002B090000A4AE0200070C00002D
:10AF4000A9AE020065150000B5AE0200C7080000FA
:10AF5000BFAE0200DD100000CDAE020067080000A9
:10AF6000DAAE0200C90A0000E6AE0200210F0000BE
:10AF7000F1AE0200DD1600001F1F1F1F1F1F007211
:10AF800064006774006C7300626200616200707339
:10AF900000636C00627400007FAF02003921000082
:10AFA00084AE02009920000082AF0200C72000009A
:10AFB00081B60200211F000085AF0200811F000042
:10AFC00088AF0200E11F00008BAF020001210000EA
:10AFD0008EAF020045200000FCB20200D520000028
:10AFE00091AF0200E320000094AF0200F1200000C6
:10AFF0000338FDD8704762623337613030312D62DB
:10B000003932322D343031382D386537342D6531B1
:10B010003438323462336136333800626233376138
:10B020003030332D623932322D343031382D38659D
:10B0300037342D6531343832346233613633380079
:10B0400062623337613030322D623932322D343022
:10B0500031382D386537342D653134383234623328
:10B0600061363338000000000000000000000000DE
:10B07000812B0000832B00007BC80000B92B00004F
:10B08000912B00007DC800007FC8000081C800002F
:10B090007BC8000089C8000000000000000000001C
:10B0A0002D2C0000412C0000DBB80000DDB80000B2
:10B0B000DBB80000DD2B0000DBB80000752B0000C2
:10B0C000E1B80000414141414243434343434343CC
:10B0D000434344444444444444444444464646462A
:10B0E00046464646464646464647474747474747F9
:10B0F000474747484A4A4A4A4A4A4B4B4B4B4B4BB5
:10B100004B4B4B4B4B4B4B4B4B4C4C4C4C4C4C4D87
:10B110004D4D4D4D4D4D4D4D4E4E4E4E4E4E4E4F56
:10B120004F50505050505050505050505050505020
:10B1300050525252525353535353535353535353E6
:10B1400053535353535353535354545454545456C6
:10B15000565656575757575757585841414C5353BF
:10B160004E48434B515454434B514D4B434B515814
:10B170004E48434B5147504B555455425550434B05
:10B180005158495949595A434B51525A5250575A9A
:10B190004F5A5A434B514B4B5454434B51584D43C8
:10B1A0004B514B434B514C4446434B514646434B0A
:10B1B0005144535A524754414C5050434B515353AE
:10B1C000534F54434B4E51535953434B514B434BA5
:10B1D000514B58555456544D424C44434B5145499C
:10B1E00058594354434B5154474A4E4E434B514B8D
:10B1F00050464358535A4E4E535A434141414C4E88
:10B200004F4F4F5543494949494D53595959414168
:10B210004343474B4F515455555555414145454979
:10B22000555555565A4F4145494F595A4141414943
:10B230004B4C4E4F4F4F4F55595959434949494F20
:10B2400053464949494C5559595941444447495530
:10B2500057525043484848494D4E4F4F5252525210
:10B2600053535541414143414141434546484A4C6E
:10B270004E4F4F545555555858585848494F4F4FB1
:10B28000574141474A414141434F5454585A5A66E5
:10B29000616C73650074727565005B256420697468
:10B2A000656D206C6973745D002825642062797473
:10B2B00065732900286F626A65637420747970650C
:10B2C0003A2025642900537461636B20756E6465B0
:10B2D00072666C6F77005363726F6C6C2074657864
:10B2E00074206D656D6F727920616C6C6F63617431
:10B2F000696F6E206661696C656400256C6400008E
:10B300000338FDD8704700003E3600004E3600007E
:10B310006C360000C83600000237000038370000E5
:10B3200076370000A2370000F03700003238000006
:10B3300088380000E43800004C39000084390000EF
:10B34000B0390000F2390000403A00006C3A0000C9
:10B35000A03A0000D43A0000B05A0000A83B000018
:10B36000763C0000FA3C0000643D0000B43D000063
:10B37000DA3D0000043E00005E3F0000A83F0000F0
:10B38000264000005C400000A4400000DC400000BB
:10B3900048410000B4410000204200008C420000FF
:10B3A000044300007C430000E643000050440000DA
:10B3B0008E440000DA440000284500007645000075
:10B3C000CC450000384600008C46000020470000B5
:10B3D0005C470000AA470000F8470000464800000C
:10B3E00088480000D648000024490000B44A000004
:10B3F000A03A0000F2390000A04900003E360000EB
:10B40000DC4900000C4A0000484A0000784A00006D
:10B410003E3600003E3600003E3600003E3600005C
:10B42000324B0000764B0000BE4B00001A4C00006F
:10B430004A4C0000C24C0000164D00004E4D00006A
:10B44000764D00003E3600001C4E0000564E0000B7
:10B45000904E0000CC4E0000FA4E0000364F000027
:10B46000644F0000904F0000BC4F0000F64F0000FA
:10B47000305000005E5000008C500000C6500000AC
:10B48000F45000003E3600003E3600003E3600001C
:10B490003E3600003E3600002E5100005E51000096
:10B4A0008E510000BE510000EE5100002A520000F3
:10B4B00066520000A2520000DE5200000E5300004F
:10B4C0003E5300007A530000AA5300001C550000B0
:10B4D000E6550000B25600009C5700006E58000070
:10B4E000945400000A5900003E3600003E36000029
:10B4F0003E3600003E360000D4590000D45900000A
:10B500004C5B00007C5B0000FAFD0300BF3A0400C6
:10B51000217B040057BF04009C0705002C54050044
:10B520004AA505003BFB050049560600C0B60600CB
:10B53000F41C07003B8907006D6963726F3A62690A
:10B540007420763200686173546F6E6500706C61B0
:10B5500079546F6E6500686173536572766F00731E
:10B560006574536572766F00736F66745772697491
:10B57000654279746500736574557365724C454412
:10B5800000616E616C6F675265616400616E616C31
:10B590006F675772697465006469676974616C529A
:10B5A000656164006469676974616C577269746588
:10B5B0000000000045B50200D16000004DB502005A
:10B5C0008D61000056B502002D6400005FB50200D9
:10B5D000D560000068B502003963000076B502004E
:10B5E0009165000081B50200216200008CB5020067
:10B5F0005565000098B5020099620000A4B50200EC
:10B60000B76600000000000001000000020000001A
:10B6100003000000040000000A0000001D000000FC
:10B620000338FDD870470D0A564D2050616E69638E
:10B630003A2025730D0A003C4F626A6563743E0030
:10B640003C496E74656765723E003C4C6973743E9C
:10B65000003C4279746541727261793E0025733A0B
:10B6600020256400474320746F6F6B20256420758C
:10B67000736563733B206672656520256420776F70
:10B68000726473006D69736300686578546F496E06
:10B69000740072657363616C650073696E00737129
:10B6A0007274006174616E320070726573737572CA
:10B6B00065546F416C74697475646500636F6E6E78
:10B6C0006563746564546F4944450062726F6164D8
:10B6D00063617374546F49444500000089B60200E9
:10B6E000776E000092B602009D6F00009AB60200CD
:10B6F000496F00009EB602000D6F0000A3B6020065
:10B7000001700000A9B6020091700000BCB60200F2
:10B71000676E0000CBB602005935000004030A0032
:10B72000646973706C6179006C696768744C6576E4
:10B73000656C006D62446973706C6179006D624480
:10B740006973706C61794F6666006D62506C6F74DE
:10B75000006D62556E706C6F74006D62447261773B
:10B760005368617065006D625368617065466F7201
:10B770004C6574746572006D62456E61626C6544FF
:10B780006973706C6179006E656F506978656C5390
:10B79000656E64006E656F506978656C53657450B2
:10B7A000696E000004000000030000000A000000B1
:10B7B0000700000006000000000000000008080864
:10B7C00000080A4A4000000A5FEA5FEA0ED92ED359
:10B7D0006E19324489330C924C924D0808000000D7
:10B7E00004880808040804848488000A448A400005
:10B7F000048EC480000000048800000EC000000019
:10B8000000080001224488100C9252524C048C848F
:10B81000848E1C824C901E1EC244924C06CA525FFB
:10B82000E21FF01EC13E02448ED12E1FE24488105A
:10B830000ED12ED12E0ED12EC48800080008000093
:10B84000048004880244880482000EC00EC00804EC
:10B850008244880ED126C0040ED135B36C0C925EA2
:10B86000D2521C925C925C0ED010100E1C9252525E
:10B870005C1ED01C901E1ED01C90100ED013712E7A
:10B8800012525ED2521C8808081C1FE242524C120F
:10B8900054981492101010101E113B75B1311139CB
:10B8A00035B3710C9252524C1C925C90100C925217
:10B8B0004C861C925C92510ED00C825C1FE48484F6
:10B8C00084125252524C1131312A44113135BB711C
:10B8D00012524C9252112A4484841EC488101E0EA7
:10B8E000C808080E10080482410EC242424E048A63
:10B8F000400000000000001F0804800000000ED27D
:10B90000524F10101C925C000ED0100E02424ED20C
:10B910004E0C925C900E06C81C88080ED24EC24C8B
:10B9200010101C92520800080808024002424C10F5
:10B93000149814920808080806001B75B131001C01
:10B94000925252000C92524C001C925C90000ED20B
:10B950004EC2000ED010100006C8049808080EC889
:10B9600007001252524F0011312A4400113135BBE9
:10B9700000124C8C9200112A4498001EC4881E06A6
:10B98000C48C8486080808080818080C8818000069
:10B990000C836000000000000100000002000000B5
:10B9A0000300000004000000050000000600000085
:10B9B0000700000008000000090000000A00000065
:10B9C0000B0000000C0000000D0000000E00000045
:10B9D0000F00000010000000120000001400000022
:10B9E00016000000180000001A0000001C000000F3
:10B9F0001E000000200000002300000026000000C0
:10BA0000290000002C0000002F0000003200000080
:10BA1000360000003A0000003E0000004200000036
:10BA2000460000004B0000005000000055000000E0
:10BA30005A00000061000000680000006F00000074
:10BA4000760000007D000000840000008B000000F4
:10BA50009200000099000000A0000000A700000074
:10BA6000AE000000B5000000BC000000C3000000F4
:10BA7000CA000000D1000000D8000000DF00000074
:10BA8000E6000000ED000000F4000000FB000000F4
:10BA9000FF000000000000000200000004000000A1
:10BAA000010000000300000028B70200317100000F
:10BAB00033B702008D7400003DB70200257100000D
:10BAC0004AB70200A574000051B70200E1740000FB
:10BAD0005AB702008D75000066B702001D750000A0
:10BAE00077B702000D74000087B7020035760000BA
:10BAF00094B70200D9730000150000001600000082
:10BB0000170000001800000019000000256420251F
:10BB1000642025642028256420776F7264732900CF
:10BB20002564207265636F7264732C20256420770E
:10BB30006F7264732C206D617849442025642C2039
:10BB4000636F6D70616374696F6E206379636C6598
:10BB50007320256400426164207265636F72642003
:10BB6000666F756E6420647572696E6720696E69B0
:10BB70007469616C697A6174696F6E00526573747F
:10BB80006F7265642025642073637269707473003A
:10BB90005374617274656400436F6D7061637465A2
:10BBA0006420466C61736820636F64652073746FF2
:10BBB00072652028256C75206D73656373290A25CD
:10BBC0006420627974657320757365642028256428
:10BBD000252529206F66202564004E6F7420656E30
:10BBE0006F75676820726F6F6D206576656E206176
:10BBF0006674657220636F6D70616374696F6E0047
:10BC000025303878006E6F6E65006F74686572005D
:10BC10007061697200726164696F00646973616266
:10BC20006C65526164696F006D657373616765521D
:10BC300065636569766564007061636B6574526500
:10BC40006365697665007061636B657453656E64E6
:10BC5000007265636569766564496E7465676572CF
:10BC60000072656365697665644D657373616765C8
:10BC700054797065007265636569766564537472A2
:10BC8000696E670073656E64496E746567657200FE
:10BC900073656E64506169720073656E645374728B
:10BCA000696E67007365744368616E6E656C0073DE
:10BCB000657447726F757000736574506F77657245
:10BCC000007369676E616C537472656E67746800A7
:10BCD0006465766963654944006C6173744D65738E
:10BCE00073616765494400E2ECF0F4F8FC0004007D
:10BCF0001BBC02007582000028BC020059850000B0
:10BD000038BC0200DD84000046BC02001582000041
:10BD100051BC0200F581000061BC020001830000FB
:10BD200075BC0200D582000084BC02008D84000036
:10BD300090BC0200ED83000099BC020071830000FA
:10BD4000A4BC0200A9810000AFBC02006581000014
:10BD5000B8BC02003D810000C1BC02001D81000092
:10BD6000D0BC0200957E0000D9BC02009D8200007C
:10BD7000556E6B6E6F776E207072696D697469763F
:10BD800065205B25733A25735D004E6F20667265F2
:10BD900065207461736B20656E7472696573004D04
:10BDA000656D6F727920636C656172656400416CCA
:10BDB0006C207461736B732073746F7070656400B2
:10BDC00076323231002025732025730000000000F8
:10BDD000963007772C610EEEBA51099919C46D0798
:10BDE0008FF46A7035A563E9A395649E3288DB0EF3
:10BDF000A4B8DC791EE9D5E088D9D2972B4CB609D6
:10BE0000BD7CB17E072DB8E7911DBF906410B71DB2
:10BE1000F220B06A4871B9F3DE41BE847DD4DA1AEB
:10BE2000EBE4DD6D51B5D4F4C785D38356986C131C
:10BE3000C0A86B647AF962FDECC9658A4F5C011495
:10BE4000D96C0663633D0FFAF50D088DC8206E3B73
:10BE50005E10694CE44160D5727167A2D1E4033C85
:10BE600047D4044BFD850DD26BB50AA5FAA8B535AC
:10BE70006C98B242D6C9BBDB40F9BCACE36CD8329B
:10BE8000755CDF45CF0DD6DC593DD1ABAC30D92642
:10BE90003A00DE518051D7C81661D0BFB5F4B42145
:10BEA00023C4B3569995BACF0FA5BDB89EB8022842
:10BEB0000888055FB2D90CC624E90BB1877C6F2FC7
:10BEC000114C6858AB1D61C13D2D66B69041DC76C2
:10BED0000671DB01BC20D2982A10D5EF8985B1719B
:10BEE0001FB5B606A5E4BF9F33D4B8E8A2C907784A
:10BEF00034F9000F8EA8099618980EE1BB0D6A7FE1
:10BF00002D3D6D08976C6491015C63E6F4516B6B99
:10BF100062616C1CD83065854E0062F2ED95066C4E
:10BF20007BA5011BC1F4088257C40FF5C6D9B065C3
:10BF300050E9B712EAB8BE8B7C88B9FCDF1DDD6220
:10BF4000492DDA15F37CD38C654CD4FB5861B24D86
:10BF5000CE51B53A7400BCA3E230BBD441A5DF4A50
:10BF6000D795D83D6DC4D1A4FBF4D6D36AE9694313
:10BF7000FCD96E34468867ADD0B860DA732D0444BE
:10BF8000E51D03335F4C0AAAC97C0DDD3C710550E9
:10BF9000AA41022710100BBE86200CC925B5685790
:10BFA000B3856F2009D466B99FE461CE0EF9DE5ED9
:10BFB00098C9D9292298D0B0B4A8D7C7173DB3598A
:10BFC000810DB42E3B5CBDB7AD6CBAC02083B8ED1B
:10BFD000B6B3BF9A0CE2B6039AD2B1743947D5EA28
:10BFE000AF77D29D1526DB048316DC73120B63E357
:10BFF000843B64943E6A6D0DA85A6A7A0BCF0EE4B6
:10C000009DFF099327AE000AB19E077D44930FF070
:10C01000D2A3088768F2011EFEC206695D5762F767
:10C02000CB67658071366C19E7066B6E761BD4FEA4
:10C03000E02BD3895A7ADA10CC4ADD676FDFB9F981
:10C04000F9EFBE8E43BEB717D58EB060E8A3D6D643
:10C050007E93D1A1C4C2D83852F2DF4FF167BBD171
:10C060006757BCA6DD06B53F4B36B248DA2B0DD874
:10C070004C1B0AAFF64A0336607A0441C3EF60DF17
:10C0800055DF67A8EF8E6E3179BE69468CB361CB00
:10C090001A8366BCA0D26F2536E2685295770CCC25
:10C0A00003470BBBB91602222F260555BE3BBAC566
:10C0B000280BBDB2925AB42B046AB35CA7FFD7C257
:10C0C00031CFD0B58B9ED92C1DAEDE5BB0C2649B48
:10C0D00026F263EC9CA36A750A936D02A906099C7B
:10C0E0003F360EEB8567077213570005824ABF95EE
:10C0F000147AB8E2AE2BB17B381BB60C9B8ED29271
:10C100000DBED5E5B7EFDC7C21DFDB0BD4D2D386C7
:10C1100042E2D4F1F8B3DD686E83DA1FCD16BE813A
:10C120005B26B9F6E177B06F7747B718E65A08880B
:10C13000706A0FFFCA3B06665C0B0111FF9E658F9C
:10C1400069AE62F8D3FF6B6145CF6C1678E20AA046
:10C15000EED20DD75483044EC2B30339612667A7CC
:10C16000F71660D04D476949DB776E3E4A6AD1AE1B
:10C17000DC5AD6D9660BDF40F03BD83753AEBCA9AA
:10C18000C59EBBDE7FCFB247E9FFB5301CF2BDBD17
:10C190008AC2BACA3093B353A6A3B4240536D0BA20
:10C1A0009306D7CD2957DE54BF67D9232E7A66B3BD
:10C1B000B84A61C4021B685D942B6F2A37BE0BB46A
:10C1C000A18E0CC31BDF055A8DEF022D4C5342008C
:10C1D00073656E736F72730069326320777269746E
:10C1E00065206572726F7200616363656C65726170
:10C1F00074696F6E0074656D7065726174757265D7
:10C200000074696C74580074696C74590074696CBA
:10C21000745A006C766C007564776E0062746E758B
:10C22000700062746E64776E006473707570006481
:10C23000737064776E00736574416363656C6572D7
:10C240006F6D6574657252616E6765006D61676ED2
:10C25000657469634669656C64006932635265613F
:10C2600064006932635772697465006932635365AB
:10C2700074436C6F636B53706565640073706945DC
:10C28000786368616E676500737069536574757073
:10C29000006D6963726F70686F6E6500E8C10200BF
:10C2A00051A20000F5C10200D998000001C20200AD
:10C2B000F1A0000007C2020001A100000DC20200AF
:10C2C00011A1000013C2020021A1000017C2020048
:10C2D00053A100001CC2020087A1000022C202007C
:10C2E000B9A1000029C20200EBA100002FC2020088
:10C2F0001DA2000036C20200CD9F00004CC2020009
:10C3000059A300005AC20200E9A3000062C2020061
:10C31000259D00006BC20200519900007CC2020002
:10C32000519A000088C20200AD9A000091C202003A
:10C33000319C000057656C636F6D6520746F2048F9
:10C34000617463686C696E67204D6963726F426CDB
:10C350006F636B732100000000000000000000000C
:10C360000338FDD870470000000000000000000006
:10C3700025A5000061A500002DA5000001A5000075
:10C38000FDA4000023A5000027A5000055A500007E
:10C390005BA50000705F73706920213D204E554CF5
:10C3A0004C00535049436C6173733A3A53504943BC
:10C3B0006C617373284E52465F5350495F547970D5
:10C3C000652A2C2075696E74385F742C2075696E2F
:10C3D00074385F742C2075696E74385F742900435B
:10C3E0003A5C55736572735C546F6D4C617577651B
:10C3F00072735C2E706C6174666F726D696F5C70C5
:10C4000061636B616765735C6672616D65776F729E
:10C410006B2D6E2D61626C652D61726475696E6F36
:10C420005C6C69627261726965735C5350495C53FC
:10C4300050492E6370700025783A25783A25783A6D
:10C4400025783A25783A257800766563746F723AD4
:10C450003A5F4D5F72616E67655F696E7365727496
:10C460000063616E6E6F7420637265617465207322
:10C4700074643A3A766563746F72206C61726765B2
:10C4800072207468616E206D61785F73697A6528C7
:10C490002900766563746F723A3A5F4D5F72656129
:10C4A0006C6C6F635F696E73657274007265732084
:10C4B0002626202273657456616C75653A20726574
:10C4C000616C6C6F63206661696C65642200626FE9
:10C4D0006F6C204E696D424C4541747456616C75A9
:10C4E000653A3A73657456616C756528636F6E734F
:10C4F000742075696E74385F742A2C2075696E74A7
:10C5000031365F7429002E70696F5C6C69626465F6
:10C5100070735C6D6963726F62697456322D626C00
:10C52000655C4E696D424C452D41726475696E6F54
:10C530005C7372635C4E696D424C45417474566124
:10C540006C75652E68006D5F617474725F76616CE6
:10C55000756520262620224E6F204D656D22004EE7
:10C56000696D424C4541747456616C75653A3A4E3A
:10C57000696D424C4541747456616C7565287569E6
:10C580006E7431365F742C2075696E7431365F7449
:10C590002900726573202626202264656570436F2A
:10C5A00070793A207265616C6C6F63206661696CAA
:10C5B00065642200766F6964204E696D424C454186
:10C5C000747456616C75653A3A64656570436F7052
:10C5D0007928636F6E7374204E696D424C454174C7
:10C5E0007456616C75652629007263203D3D2030CC
:10C5F0000073746174696320696E74204E696D42C2
:10C600004C454368617261637465726973746963F0
:10C610003A3A68616E646C654761704576656E7420
:10C620002875696E7431365F742C2075696E7431AB
:10C63000365F742C20626C655F676174745F616340
:10C64000636573735F637478742A2C20766F6964F2
:10C650002A29002E70696F5C6C6962646570735C76
:10C660006D6963726F62697456322D626C655C4EDF
:10C67000696D424C452D41726475696E6F5C7372D1
:10C68000635C4E696D424C454368617261637465D9
:10C690007269737469632E6370700000000000009B
:10C6A00000000000D9B80000E3B80000DBB80000CB
:10C6B000DDB80000DBB80000DDB80000DBB800002A
:10C6C000DFB80000E1B80000737461746963206929
:10C6D0006E74204E696D424C454465736372697097
:10C6E000746F723A3A68616E646C65476170457642
:10C6F000656E742875696E7431365F742C207569A7
:10C700006E7431365F742C20626C655F676174747F
:10C710005F6163636573735F637478742A2C20763A
:10C720006F69642A29002E70696F5C6C69626465A8
:10C7300070735C6D6963726F62697456322D626CDE
:10C74000655C4E696D424C452D41726475696E6F32
:10C750005C7372635C4E696D424C454465736372F1
:10C760006970746F722E637070000000000000002A
:10C770000000000081BE000085BE000083BE0000F6
:10C7800083BE000073746174696320766F696420EE
:10C790004E696D424C454465766963653A3A6F6E01
:10C7A00053796E632829002E70696F5C6C6962642E
:10C7B0006570735C6D6963726F62697456322D6265
:10C7C0006C655C4E696D424C452D41726475696EB5
:10C7D0006F5C7372635C4E696D424C45446576696B
:10C7E00063652E6370700073746174696320766F83
:10C7F0006964204E696D424C454465766963653ACB
:10C800003A696E697428636F6E7374207374726909
:10C810006E672629000000000000000000000000F4
:10C8200079C800008DC800007BC800007DC80000EA
:10C830007BC800007DC800007FC8000081C80000E0
:10C840007BC8000089C80000000000000000000054
:10C850000000000000000000FB349B5F80000080AF
:10C8600000100000FB349B5F80000080001000007F
:10C8700000000000282875696E7433325F742964E3
:10C880007074722026203329203D3D2030002E7008
:10C89000696F5C6C6962646570735C6D6963726F0B
:10C8A00062697456322D626C655C4E696D424C450E
:10C8B0002D41726475696E6F5C7372635C6E696D35
:10C8C000626C655C6E696D626C655C6472697665EC
:10C8D00072735C6E726635325C7372635C626C6537
:10C8E0005F7068792E63006368616E203C20424C63
:10C8F000455F5048595F4E554D5F4348414E530088
:10C90000675F626C655F7068795F646174612E70E7
:10C9100068795F7374617465203D3D20424C455FCA
:10C920005048595F53544154455F545800747261E4
:10C930006E736974696F6E203D3D20424C455F50B7
:10C9400048595F5452414E534954494F4E5F4E4FE0
:10C950004E45004E52465F524144494F2D3E45568A
:10C96000454E54535F52535349454E4420213D2078
:10C9700030004E52465F5050492D3E4348454E20B0
:10C9800026205050495F4348454E5F434832315F4F
:10C990004D736B00626C655F7068795F727870646C
:10C9A000755F636F707900626C655F7068795F7442
:10C9B000785F656E645F69737200626C655F706852
:10C9C000795F72785F656E645F69737200626C652F
:10C9D0005F7068795F69737200626C655F70687917
:10C9E0005F727800626C655F7068795F736574630D
:10C9F00068616E000406080A0C0E10121416181C4A
:10CA00001E20222426282A2C2E30323436383A3C56
:10CA10003E40424446484A4C4E021A50110602110A
:10CA20001606021B050403050304030975756964F2
:10CA3000313620213D2030002E70696F5C6C6962B8
:10CA4000646570735C6D6963726F62697456322DD0
:10CA5000626C655C4E696D424C452D41726475692E
:10CA60006E6F5C7372635C6E696D626C655C6E693F
:10CA70006D626C655C686F73745C73657276696314
:10CA800065735C6761705C7372635C626C655F7335
:10CA900076635F6761702E6300626C655F737663B7
:10CAA0005F6761705F6465766963655F6E616D6520
:10CAB0005F77726974655F61636365737300626C4D
:10CAC000655F7376635F6761705F617070656172E7
:10CAD000616E63655F77726974655F6163636573D7
:10CAE0007300626C655F7376635F6761705F61633B
:10CAF0006365737300626C655F7376635F67617013
:10CB00005F696E6974000000010000009C00002055
:10CB100000000000A800002000000000000000004D
:10CB20000000000000000000637478742D3E6F70F8
:10CB3000203D3D20424C455F474154545F414343B3
:10CB40004553535F4F505F524541445F4348520045
:10CB50002E70696F5C6C6962646570735C6D69638B
:10CB6000726F62697456322D626C655C4E696D42FB
:10CB70004C452D41726475696E6F5C7372635C6EB7
:10CB8000696D626C655C6E696D626C655C686F7323
:10CB9000745C73657276696365735C676174745CF9
:10CBA0007372635C626C655F7376635F67617474F4
:10CBB0002E6300637478742D3E636872203D3D20BF
:10CBC00026626C655F7376635F676174745F64652A
:10CBD00066735B305D2E6368617261637465726950
:10CBE00073746963735B305D00626C655F73766359
:10CBF0005F676174745F61636365737300626C6522
:10CC00005F7376635F676174745F696E6974000057
:10CC100001000000100100200000000018010020A9
:10CC20000000000000000000000000000000000004
:10CC30000100000009E70000020000003BF20000D4
:10CC4000030000002FE700000400000019F30000BB
:10CC500005000000C1E700000600000029F4000004
:10CC600007000000A7E800000800000009F6000027
:10CC7000090000003BE900000A0000008FF70000F7
:10CC80000B000000DFE900000C0000000BF80000C2
:10CC90000D0000001BEA00000E00000085F80000F7
:10CCA0000F00000029EA0000100000002DF900002C
:10CCB0001100000079EA00001200000015FB0000DE
:10CCC0001300000001EB000016000000DDFB000077
:10CCD0001700000063EB00001800000041FD000099
:10CCE00019000000C7EB00001B00000083FE0000DD
:10CCF0001D000000BFFE00001E0000004FEC000001
:10CD00005200000097FB0000626C655F6174745F05
:10CD10007376725F656E7472795F706F6F6C0062AC
:10CD20006C655F6174745F7376725F707265705F5B
:10CD3000656E7472795F706F6F6C002E70696F5CD6
:10CD40006C6962646570735C6D6963726F6269744B
:10CD500056322D626C655C4E696D424C452D4172B8
:10CD60006475696E6F5C7372635C6E696D626C652D
:10CD70005C6E696D626C655C686F73745C73726322
:10CD80005C626C655F6761702E6300626C655F67F3
:10CD900061705F75706461746500626C655F676186
:10CDA000705F72785F636F6E6E5F636F6D706C65DE
:10CDB000746500626C655F67617474635F70726F45
:10CDC000635F706F6F6C0000100003281000022872
:10CDD000100000281D1701005317010093170100D0
:10CDE000D117010013180100511801009318010018
:10CDF000D11801002B19010061190100A7190100C8
:10CE0000E91A0100351B010015210100771D010001
:10CE100000000000D1200100AD2001002920010008
:10CE200005200100E11F01001524010000000000A1
:10CE300000000000C321010000000000000000000D
:10CE40005B1F0100391F0100000000000C00000002
:10CE5000DD1901000D0000002B1A01000C0000007C
:10CE60007D1F01000D0000003721010007000000B8
:10CE7000D718010009000000E721010003000000AD
:10CE80004D20010003000000992201000400000071
:10CE90006D22010005000000412201000800000091
:10CEA000ED1E010003000000092301000400000042
:10CEB000A51D0100050000000D1E01000800000076
:10CEC000351D0100131701004917010089170100E2
:10CED000C71701000918010047180100891801004F
:10CEE000C718010021190100571901009D190100FF
:10CEF000E11A0100D5190100231A0100A51A010049
:10CF0000626C655F67617474735F636C745F6366A2
:10CF1000675F706F6F6C0000100003282E70696FE0
:10CF20005C6C6962646570735C6D6963726F626981
:10CF30007456322D626C655C4E696D424C452D41D4
:10CF4000726475696E6F5C7372635C6E696D626C3E
:10CF5000655C6E696D626C655C686F73745C73723E
:10CF6000635C626C655F68732E6300626C655F680A
:10CF7000735F6863695F65765F706F6F6C00626C8A
:10CF8000655F68735F74696D65725F657870006274
:10CF90006C655F68735F6576656E745F73746172EC
:10CFA000745F73746167653200626C655F68735F9C
:10CFB000737461727400626C655F68735F696E6937
:10CFC00074002E70696F5C6C6962646570735C6D6F
:10CFD0006963726F62697456322D626C655C4E696A
:10CFE0006D424C452D41726475696E6F5C7372635E
:10CFF0005C6E696D626C655C6E696D626C655C68C7
:10D000006F73745C7372635C626C655F68735F639B
:10D010006F6E6E2E6300626C655F68735F636F6E28
:10D020006E5F706F6F6C00626C655F68735F636FDB
:10D030006E6E5F6164647273000000000000006245
:10D040006C655F68735F6863695F66726167000043
:10D050003E000000D54B010013000000EF4D010021
:10D0600005000000BD4D010008000000214C01003A
:10D07000300000000D4C010010000000F94B0100D1
:10D0800000000000EB4E0100CF4C0100A94D010053
:10D09000954D0100814D01006D4D01000000000023
:10D0A00000000000000000004B4E0100494C010050
:10D0B000354C0100F54B0100714F0100754F010027
:10D0C000794F0100814F0100694F01006D4F010050
:10D0D0000000000000000000000000000000000050
:10D0E0007D4F010003020100EF8DE2164FEC430D6E
:10D0F000BF5BDD34C0531EB8002E70696F5C6C6975
:10D1000062646570735C6D6963726F6269745632D4
:10D110002D626C655C4E696D424C452D41726475A3
:10D12000696E6F5C7372635C6E696D626C655C6E78
:10D13000696D626C655C686F73745C7372635C626A
:10D140006C655F68735F73746F702E6300626C65EB
:10D150005F68735F73746F705F626567696E002EDE
:10D1600070696F5C6C6962646570735C6D69637231
:10D170006F62697456322D626C655C4E696D424C0B
:10D18000452D41726475696E6F5C7372635C6E6984
:10D190006D626C655C6E696D626C655C686F737402
:10D1A0005C7372635C626C655F6C326361702E638A
:10D1B00000626C655F6C326361705F6368616E5FB3
:10D1C000706F6F6C00626C655F6C326361705F6181
:10D1D0007070656E645F727800626C655F6C32635C
:10D1E00061705F7369675F70726F635F706F6F6CA0
:10D1F0000000000000000000415C01000000000091
:10D20000C95B010000000000C95B0100C95B0100AF
:10D21000C95B010000000000C95B010000000000C4
:10D22000C95B010000000000C95B010000000000B4
:10D23000C95B010000000000C95B0100155D010031
:10D24000555C0100C95B0100C95B0100C95B0100BD
:10D25000C95B0100C95B0100C95B0100C95B01003A
:10D26000626C655F736D5F70726F635F706F6F6C20
:10D27000000101010A02000000000000A56A01008F
:10D280006B6D0100CB6C0100B9730100916301006B
:10D290001F6A01009F69010021690100A368010064
:10D2A0002568010073760100816001008160010042
:10D2B00081600100E97201004163010035630100F2
:10D2C000A3620100EF620100156201000762010024
:10D2D00017640100AF6001000000000000000000C2
:10D2E000000002000200000200020303020003002B
:10D2F000000000000303020003000003000300001D
:10D300000300030202020002000000000002020308
:10D31000000201020300FB349B5F800000800010CC
:10D320000000000000006172725F73697A65203C42
:10D330003D206275665F737A002E70696F5C6C6960
:10D3400062646570735C6D6963726F626974563292
:10D350002D626C655C4E696D424C452D4172647561
:10D36000696E6F5C7372635C6E696D626C655C6E36
:10D37000696D626C655C686F73745C73746F726501
:10D380005C636F6E6669675C7372635C626C655F39
:10D3900073746F72655F636F6E6669675F636F6EEC
:10D3A000662E6300626C655F73746F72655F636F96
:10D3B0006E6669675F73657269616C697A655F61E2
:10D3C000727200626C655F6863695F72616D5F7243
:10D3D000785F636D645F6C6C5F636220213D204EFB
:10D3E000554C4C002E70696F5C6C6962646570739B
:10D3F0005C6D6963726F62697456322D626C655C34
:10D400004E696D424C452D41726475696E6F5C7357
:10D4100072635C6E696D626C655C6E696D626C6591
:10D420005C7472616E73706F72745C72616D5C7348
:10D4300072635C626C655F6863695F72616D2E63C5
:10D4400000626C655F6863695F72616D5F72785FCF
:10D45000636D645F68735F636220213D204E554CAD
:10D460004C00626C655F6863695F72616D5F7278C2
:10D470005F61636C5F6C6C5F636220213D204E5581
:10D480004C4C00626C655F6863695F72616D5F72CE
:10D49000785F61636C5F68735F636220213D204E3B
:10D4A000554C4C006F735F6D656D626C6F636B5FA5
:10D4B00066726F6D2826626C655F6863695F726172
:10D4C0006D5F636D645F706F6F6C2C206275662991
:10D4D00000626C655F6863695F72616D5F636D6454
:10D4E0005F706F6F6C00626C655F6863695F72612B
:10D4F0006D5F6576745F68695F706F6F6C00626CFA
:10D50000655F6863695F72616D5F6576745F6C6F9C
:10D510005F706F6F6C00626C655F6863695F7472E7
:10D52000616E735F68735F636D645F747800626CD3
:10D53000655F6863695F7472616E735F6C6C5F6571
:10D5400076745F747800626C655F6863695F74729B
:10D55000616E735F68735F61636C5F747800626CA7
:10D56000655F6863695F7472616E735F6C6C5F6145
:10D57000636C5F747800626C655F6863695F747286
:10D58000616E735F6275665F616C6C6F6300626C85
:10D59000655F6863695F7472616E735F6275665F11
:10D5A0006672656500626C655F6863695F72616D74
:10D5B0005F696E69740074696D657220213D204E4B
:10D5C000554C4C002E70696F5C6C696264657073B9
:10D5D0005C6D6963726F62697456322D626C655C52
:10D5E0004E696D424C452D41726475696E6F5C7376
:10D5F00072635C6E696D626C655C706F7274696E8B
:10D60000675C6E696D626C655C7372635C6F735F9F
:10D6100063707574696D652E6300667020213D200E
:10D620004E554C4C006F735F63707574696D655F28
:10D6300074696D65725F696E6974006E65775F62AB
:10D6400075662D3E6F6D5F6C656E203D3D20300030
:10D650002E70696F5C6C6962646570735C6D696380
:10D66000726F62697456322D626C655C4E696D42F0
:10D670004C452D41726475696E6F5C7372635C6EAC
:10D68000696D626C655C706F7274696E675C6E69FF
:10D690006D626C655C7372635C6F735F6D627566FF
:10D6A0002E63005F6F735F6D6275665F636F707985
:10D6B000706B74686472006D7379735F31002E70E3
:10D6C000696F5C6C6962646570735C6D6963726FCD
:10D6D00062697456322D626C655C4E696D424C45D0
:10D6E0002D41726475696E6F5C7372635C6E696DF7
:10D6F000626C655C706F7274696E675C6E696D6296
:10D700006C655C7372635C6F735F6D7379735F6973
:10D710006E69742E63006F735F6D7379735F696EEA
:10D7200069745F6F6E636500746D6F203D3D2030DE
:10D73000002E70696F5C6C6962646570735C6D6902
:10D7400063726F62697456322D626C655C4E696DEE
:10D75000424C452D41726475696E6F5C7372635CF7
:10D760006E696D626C655C706F7274696E675C6E19
:10D77000706C5C6672656572746F735C7372635C07
:10D780006E706C5F6F735F6672656572746F732E17
:10D790006300726574203D3D2070645041535320F6
:10D7A0007C7C20726574203D3D2065727251554528
:10D7B00055455F454D50545900726574203D3D20DC
:10D7C00070645041535300636F006D752D3E686166
:10D7D0006E646C650073656D2D3E68616E646C658A
:10D7E0000074696D656F7574203D3D2030006E706A
:10D7F0006C5F6672656572746F735F6576656E7473
:10D80000715F676574006E706C5F667265657274D7
:10D810006F735F6576656E74715F707574006E709E
:10D820006C5F6672656572746F735F6576656E7442
:10D83000715F72656D6F7665006E706C5F667265A4
:10D840006572746F735F6D757465785F696E697406
:10D85000006E706C5F6672656572746F735F6D7574
:10D860007465785F70656E64006E706C5F6672657B
:10D870006572746F735F6D757465785F72656C65E2
:10D88000617365006E706C5F6672656572746F734C
:10D890005F73656D5F696E6974006E706C5F667250
:10D8A000656572746F735F73656D5F70656E64003C
:10D8B0006E706C5F6672656572746F735F73656DB1
:10D8C0005F72656C65617365006F735F63616C6C3B
:10D8D0006F75745F74696D65725F6362000000004C
:10D8E0000000000000000000CF9A0100E59A01004E
:10D8F000D19A0100D19A0100D39A0100D99A01006E
:10D90000D19A0100E19A01007478706475002E705C
:10D91000696F5C6C6962646570735C6D6963726F7A
:10D9200062697456322D626C655C4E696D424C457D
:10D930002D41726475696E6F5C7372635C6E696DA4
:10D94000626C655C6E696D626C655C636F6E74724F
:10D950006F6C6C65725C7372635C626C655F6C6C3F
:10D960002E63007068795F6D6F6465203C202834F9
:10D970002900626C655F6C6C5F74785F6D627566C0
:10D980005F706475636200626C655F6C6C5F74618C
:10D99000736B00626C655F6C6C5F7064755F6D616A
:10D9A000785F74785F6F63746574735F6765740024
:10D9B000CE0150002C00D0026164765F6461746116
:10D9C0005F6C656E203C3D20424C455F4144565F94
:10D9D0004C45474143595F444154415F4D41585F75
:10D9E0004C454E002E70696F5C6C696264657073A3
:10D9F0005C6D6963726F62697456322D626C655C2E
:10DA00004E696D424C452D41726475696E6F5C7351
:10DA100072635C6E696D626C655C6E696D626C658B
:10DA20005C636F6E74726F6C6C65725C7372635C56
:10DA3000626C655F6C6C5F6164762E63007363611A
:10DA40006E5F7273705F6C656E203C3D20424C458A
:10DA50005F5343414E5F5253505F4C4547414359DA
:10DA60005F444154415F4D41585F4C454E00286131
:10DA70006476736D2D3E666C616773202620424C80
:10DA8000455F4C4C5F4144565F534D5F464C4147A8
:10DA90005F4143544956455F4348414E5345545FA7
:10DAA0004D41534B29203D3D203000616476736D1C
:10DAB0002D3E6164765F656E61626C6564006576BB
:10DAC00062756620213D204E554C4C00626C655FAE
:10DAD0006C6C5F6164765F6163746976655F6368CF
:10DAE000616E7365745F7365745F70726900626CF8
:10DAF000655F6C6C5F6164765F6C65676163795FBD
:10DB00007064755F6D616B6500626C655F6C6C5F06
:10DB10006164765F7363616E5F7273705F6C65677B
:10DB20006163795F7064755F6D616B6500626C65E0
:10DB30005F6C6C5F6164765F74785F73746172743C
:10DB40005F636200626C655F6C6C5F6164765F72DC
:10DB5000657363686564756C655F6576656E740092
:10DB6000626C655F6C6C5F6164765F646F6E6500AC
:10DB7000626C655F6C6C5F6164765F73656E645F39
:10DB8000636F6E6E5F636F6D705F657600636F6E5F
:10DB90006E736D002E70696F5C6C69626465707382
:10DBA0005C6D6963726F62697456322D626C655C7C
:10DBB0004E696D424C452D41726475696E6F5C73A0
:10DBC00072635C6E696D626C655C6E696D626C65DA
:10DBD0005C636F6E74726F6C6C65725C7372635CA5
:10DBE000626C655F6C6C5F636F6E6E2E6300657652
:10DBF00062756620213D202828766F6964202A29D5
:10DC00003029002821212828686472292D3E727845
:10DC1000696E666F2E666C616773202620283078E7
:10DC200030303830292929005F6F735F6D62756667
:10DC30005F6C656164696E67737061636528727893
:10DC400070647529203E3D203200626C655F6C6C0B
:10DC50005F696E69745F6765745F636F6E6E5F6343
:10DC60006F6D705F657600626C655F6C6C5F636F93
:10DC70006E6E5F6576656E745F73746172745F63F8
:10DC80006200626C655F6C6C5F636F6E6E5F637287
:10DC9000656174656400626C655F6C6C5F636F6E78
:10DCA0006E5F6576656E745F656E6400626C655F5D
:10DCB0006C6C5F636F6E6E5F72785F646174615FDE
:10DCC000706475006576627566002E70696F5C6CB5
:10DCD0006962646570735C6D6963726F62697456C2
:10DCE000322D626C655C4E696D424C452D4172640B
:10DCF00075696E6F5C7372635C6E696D626C655C96
:10DD00006E696D626C655C636F6E74726F6C6C656E
:10DD1000725C7372635C626C655F6C6C5F636F6E88
:10DD20006E5F6863692E6300675F626C655F6C6C31
:10DD30005F636F6E6E5F636F6D705F657600636FBC
:10DD40006E6E736D2D3E636F6E6E5F68616E646C98
:10DD500065203D3D20282875696E7431365F742931
:10DD600028636D642D3E636F6E6E5F68616E646CD8
:10DD7000652929002828636F6E6E736D292D3E6317
:10DD8000736D666C6167732E63666269742E746569
:10DD9000726D696E6174655F737461727465642914
:10DDA000203D3D203000626C655F6C6C5F636F6E80
:10DDB0006E5F636F6D705F6576656E745F73656EC1
:10DDC0006400626C655F6C6C5F636F6E6E5F707237
:10DDD0006F636573735F636F6E6E5F706172616DA9
:10DDE0007300626C655F6C6C5F636F6E6E5F68631F
:10DDF000695F63616E63656C5F636F6E6E5F636FB7
:10DE00006D706C6574655F6576656E7400626C65D7
:10DE10005F6C6C5F636F6E6E5F6863695F6469738C
:10DE2000636F6E6E6563745F636D64006863752D08
:10DE30003E68616E646C6520213D2030002E706963
:10DE40006F5C6C6962646570735C6D6963726F624C
:10DE5000697456322D626C655C4E696D424C452D7D
:10DE600041726475696E6F5C7372635C6E696D623A
:10DE70006C655C6E696D626C655C636F6E74726F0D
:10DE80006C6C65725C7372635C626C655F6C6C5F1A
:10DE90006374726C2E6300636F6E6E736D2D3E64DF
:10DEA0006973636F6E6E6563745F726561736F6EC5
:10DEB00020213D2030006374726C5F70726F6320AC
:10DEC000213D2028352900626C655F6C6C5F6374AE
:10DED000726C5F636F6E6E5F706172616D5F7064B4
:10DEE000755F6D616B6500626C655F6C6C5F637420
:10DEF000726C5F70726F635F696E697400626C65EB
:10DF00005F6C6C5F6374726C5F7465726D696E6177
:10DF100074655F737461727400626C655F6C6C5FD2
:10DF20006374726C5F70726F635F7374617274009C
:10DF30000B0701160C000001080800000501081776
:10DF40001702000008080202040201002201012A4F
:10DF5000080F0373697A656F66282A6863695F65CD
:10DF60007629202B206863695F65762D3E6C656E8F
:10DF7000677468203C3D2028373029002E70696F77
:10DF80005C6C6962646570735C6D6963726F626911
:10DF90007456322D626C655C4E696D424C452D4164
:10DFA000726475696E6F5C7372635C6E696D626CCE
:10DFB000655C6E696D626C655C636F6E74726F6CCC
:10DFC0006C65725C7372635C626C655F6C6C5F68DD
:10DFD00063692E6300636D6420213D202828766FDD
:10DFE0006964202A293029007263203E3D203000D8
:10DFF000626C655F6C6C5F6863695F6576656E74A3
:10E000005F73656E6400626C655F6C6C5F6863690A
:10E010005F636D645F70726F63007263203D3D20CB
:10E02000424C455F4552525F53554343455353005D
:10E030002E70696F5C6C6962646570735C6D696396
:10E04000726F62697456322D626C655C4E696D4206
:10E050004C452D41726475696E6F5C7372635C6EC2
:10E06000696D626C655C6E696D626C655C636F6E38
:10E0700074726F6C6C65725C7372635C626C655F0A
:10E080006C6C5F7265736F6C762E6300706F736972
:10E0900074696F6E203C3D20675F626C655F6C6CDD
:10E0A0005F7265736F6C765F646174612E726C5F12
:10E0B000636E7400726C20213D202828766F69649D
:10E0C000202A293029006164647220213D202828FB
:10E0D000766F6964202A29302900726C2D3E726C9B
:10E0E0005F6861735F6C6F63616C00726C2D3E7270
:10E0F0006C5F6861735F7065657200626C655F6C10
:10E100006C5F7265736F6C765F6C6973745F61646A
:10E110006400626C655F6C6C5F7265736F6C765FD8
:10E120006C6973745F726D7600626C655F6C6C5FB6
:10E130007265736F6C765F6765745F707269765F26
:10E140006164647200626C655F6E706C5F68775FBB
:10E1500069735F696E5F637269746963616C2829B2
:10E16000002E70696F5C6C6962646570735C6D69C8
:10E1700063726F62697456322D626C655C4E696DB4
:10E18000424C452D41726475696E6F5C7372635CBD
:10E190006E696D626C655C6E696D626C655C636F07
:10E1A0006E74726F6C6C65725C7372635C626C65CA
:10E1B0005F6C6C5F72666D676D742E6300626C6578
:10E1C0005F6C6C5F72666D676D745F656E61626CCB
:10E1D0006500626C655F6C6C5F72666D676D745F25
:10E1E00064697361626C65007064755F74797065F1
:10E1F000203C20283729002E70696F5C6C696264AE
:10E200006570735C6D6963726F62697456322D62FA
:10E210006C655C4E696D424C452D41726475696E4A
:10E220006F5C7372635C6E696D626C655C6E696D68
:10E23000626C655C636F6E74726F6C6C65725C733C
:10E2400072635C626C655F6C6C5F7363616E2E639E
:10E25000007363616E736D2D3E7363616E70007346
:10E2600063616E736D2D3E7363616E5F7273705F79
:10E2700070656E64696E67203D3D20300073636891
:10E28000207C7C207363616E5F6368616E203E3D1D
:10E290002028333729007363616E736D2D3E6261F0
:10E2A000636B6F66665F636F756E74203D3D2030F3
:10E2B000007363616E736D2D3E6261636B6F6666A2
:10E2C0005F636F756E74203C3D20323536006520EB
:10E2D000262620652D3E74797065203D3D20747999
:10E2E000706520262620216D656D636D7028652D73
:10E2F0003E616464722C20616464722C20362900B3
:10E30000626C655F6C6C5F7363616E5F6475705F98
:10E31000706F6F6C00657272203D3D203000626C42
:10E32000655F6C6C5F7363616E5F7265715F626184
:10E33000636B6F666600626C655F6C6C5F736361D4
:10E340006E5F6475705F7570646174655F6C65673E
:10E3500061637900626C655F6C6C5F7363616E5FB3
:10E36000737461727400626C655F6C6C5F7363617F
:10E370006E5F736D5F737461727400626C655F6C65
:10E380006C5F7363616E5F6576656E745F70726FEC
:10E390006300626C655F6C6C5F7363616E5F676581
:10E3A000745F616464725F646174615F66726F6DF3
:10E3B0005F6C656761637900626C655F6C6C5F734D
:10E3C00063616E5F72785F66696C74657200626C1F
:10E3D000655F6C6C5F7363616E5F73656E645F73C2
:10E3E00063616E5F72657100626C655F6C6C5F7318
:10E3F00063616E5F7766725F74696D65725F657881
:10E400007000626C655F6C6C5F7363616E5F696EF8
:10E410006974007363682D3E73636865645F63624B
:10E42000002E70696F5C6C6962646570735C6D6905
:10E4300063726F62697456322D626C655C4E696DF1
:10E44000424C452D41726475696E6F5C7372635CFA
:10E450006E696D626C655C6E696D626C655C636F44
:10E460006E74726F6C6C65725C7372635C626C6507
:10E470005F6C6C5F73636865642E63007363682010
:10E48000213D202828766F6964202A2930290065DB
:10E490006E74727920213D202828766F6964202AC5
:10E4A00029302900626C655F6C6C5F73636865641A
:10E4B0005F636F6E6E5F72657363686564756C65CC
:10E4C00000626C655F6C6C5F73636865645F6D614F
:10E4D000737465725F6E657700626C655F6C6C5F0C
:10E4E00073636865645F6164765F6E657700626C14
:10E4F000655F6C6C5F73636865645F6164765F72AF
:10E50000657363686564756C6500626C655F6C6CEF
:10E510005F73636865645F657865637574655F697B
:10E5200074656D0020000000004000000000000045
:10E5300000002822000000000000000000F7FFFF9C
:10E540000F00000000F0F90F00008007000000003D
:10E55000002E70696F5C6C6962646570735C6D69D4
:10E5600063726F62697456322D626C655C4E696DC0
:10E57000424C452D41726475696E6F5C7372635CC9
:10E580006E696D626C655C6E696D626C655C636F13
:10E590006E74726F6C6C65725C7372635C626C65D6
:10E5A0005F6C6C5F7574696C732E6300626C655F81
:10E5B0006C6C5F7574696C735F72656D61707065AA
:10E5C000645F6368616E6E656C00F401FA0096002A
:10E5D00064004B0032001E0014002E70696F5C6CEA
:10E5E0006962646570735C6D6963726F62697456A9
:10E5F000322D626C655C4E696D424C452D417264F2
:10E6000075696E6F5C7372635C6E696D626C655C7C
:10E61000706F7274696E675C6E696D626C655C7355
:10E6200072635C68616C5F74696D65722E6300680B
:10E63000616C5F74696D65725F7265616400000092
:10E6400000000000000000000000000000000000CA
:10E6500000000000F08C002000000000000000011D
:10E66000000000020000000400000008000000108C
:10E670000000002000000040000000800000001B9F
:10E6800000000036637C777BF26B6FC53001672B2F
:10E69000FED7AB76CA82C97DFA5947F0ADD4A2AF96
:10E6A0009CA472C0B7FD9326363FF7CC34A5E5F1A4
:10E6B00071D8311504C723C31896059A071280E252
:10E6C000EB27B27509832C1A1B6E5AA0523BD6B3A6
:10E6D00029E32F8453D100ED20FCB15B6ACBBE3916
:10E6E0004A4C58CFD0EFAAFB434D338545F9027F02
:10E6F000503C9FA851A3408F929D38F5BCB6DA21BB
:10E7000010FFF3D2CD0C13EC5F974417C4A77E3DE6
:10E71000645D197360814FDC222A908846EEB8143C
:10E72000DE5E0BDBE0323A0A4906245CC2D3AC62FF
:10E730009195E479E7C8376D8DD54EA96C56F4EA0A
:10E74000657AAE08BA78252E1CA6B4C6E8DD741F1B
:10E750004BBD8B8A703EB5664803F60E613557B9DE
:10E7600086C11D9EE1F8981169D98E949B1E87E998
:10E77000CE5528DF8CA1890DBFE6426841992D0F47
:10E78000B054BB1600000000000000006920020029
:10E790008B2002006B200200872002007F200200F5
:10E7A000752002006F200200000000000000000041
:10E7B00081250200E72502006325020005240200EE
:10E7C000FDA4000061250200D5250200E12502001C
:10E7D000DB25020059250200F525020085250200EF
:10E7E000552502004142434445464748494A4B4C5F
:10E7F0004D4E4F505152535455565758595A6162C5
:10E80000636465666768696A6B6C6D6E6F70717260
:10E81000737475767778797A3031323334353637A8
:10E8200038392B2F0049444C4500546D72205376E3
:10E830006300666E6900666E692B006E616E00662D
:10E840006E692D00296C6C756E2800296C696E2824
:10E850000000000000000000000000000000F03F89
:10E8600000000000000024400000000000005940AB
:10E870000000000000408F40000000000088C340FE
:10E8800000000000006AF8400000000080842E4173
:10E8900000000000D01263410000000084D79741BF
:10E8A0000000000065CDCD41000000205FA00242C5
:10E8B000000000E876483742000000A2941A6D423A
:10E8C000000040E59C30A2420000901EC4BCD6422D
:10E8D00000003426F56B0C430080E03779C34143D8
:10E8E00000A0D885573476436D6C74005461736B07
:10E8F0003A2025732C20737461636B206F766572E8
:10E90000666C6F770A004D616C6C6F63206661699D
:10E910006C656400556E68616E646C656420657832
:10E9200063657074696F6E2030782530386C78209C
:10E93000002C20657863657074696F6E2073702099
:10E9400030782530386C780A0052303A20307825FB
:10E9500030386C782C202C2052313A2030782530F9
:10E96000386C78202C2052323A2030782530386CA0
:10E97000782C2052333A2030782530386C782C208F
:10E980005231323A2030782530386C780A004C52B7
:10E990003A2030782530386C782C2050433A20309B
:10E9A000782530386C782C205053523A2030782516
:10E9B00030386C780A00417373657274696F6E2029
:10E9C0004661696C65643A202573206174206C6926
:10E9D0006E65202564202C20696E2066756E637438
:10E9E000696F6E3A2025730068775F636C6F636BA5
:10E9F0005F6866786F5F726566636E74203C203076
:10EA000078666600433A5C55736572735C546F6D4B
:10EA10004C6175776572735C2E706C6174666F7291
:10EA20006D696F5C7061636B616765735C66726171
:10EA30006D65776F726B2D6E2D61626C652D6172E5
:10EA40006475696E6F5C636F7265735C6E52463598
:10EA50005C776972696E672E630068775F636C6FBD
:10EA6000636B5F6866786F5F726566636E742021A2
:10EA70003D20300068775F636C6F636B5F6866781A
:10EA80006F5F726571756573740068775F636C6F33
:10EA9000636B5F6866786F5F72656C656173650054
:10EAA00000C00140001002400020024000D002409F
:10EAB00062617369635F737472696E673A3A5F4D3E
:10EAC0005F63726561746500000000000000304300
:10EAD00000000000000030C3182D4454FB21E9BFA2
:10EAE000D221337F7CD90240D221337F7CD902C02E
:10EAF0000000000000000080182D4454FB21094054
:10EB0000182D4454FB2109C000000000FB21F93FEF
:10EB1000FB2109407CD91240FB2119407A6A1F4031
:10EB20007CD92240BBFD2540FB2129403A462C40A0
:10EB30007A6A2F405C4731407CD932409C6B34402C
:10EB4000BBFD3540DB8F3740FB2139401BB43A40D9
:10EB50003A463C405AD83D407A6A3F404C7E40405D
:10EB60005C4741406C1042407CD942408CA24340FB
:10EB70009C6B4440AC344540BBFD4540CBC6464051
:10EB8000DB8F4740EB584840FB21494083F9A20006
:10EB9000444E6E00FC291500D1572700DD34F500E6
:10EBA00062DBC0003C999500419043006351FE0038
:10EBB000BBDEAB00B761C5003A6E2400D24D420007
:10EBC0004906E00009EA2E001C92D100EB1DFE0070
:10EBD00029B11C00E83EA700F535820044BB2E0099
:10EBE0009CE98400B4267000417E5F00D691390014
:10EBF000538339009CF439008B5F840028F9BD00F1
:10EC0000F81F3B00DEFF97000F980500112FEF0063
:10EC10000A5A8B006D1F6D00CF7E360009CB27008E
:10EC2000464FB7009E663F002DEA5F00BA27750089
:10EC3000E5EBC7003D7BF100F739070092528A00EF
:10EC4000FB6BEA001FB15F00085D8D0030035600CA
:10EC50007BFC4600F0AB6B0020BCCF0036F49A0082
:10EC6000E3A91D005E619100081BE600859965001F
:10EC7000A0145F008D40680080D8FF0027734D000E
:10EC800006063100CA561500C9A873007BE2600071
:10EC90006B8CC0000000000000000040FB21F93F29
:10ECA000000000002D44743E000000809846F83CAF
:10ECB0000000006051CC783B00000080831BF039DD
:10ECC0000000004020257A38000000802282E336D0
:10ECD000000000001DF36935020000000300000081
:10ECE00004000000060000004FBB610567ACDD3F7B
:10ECF000182D4454FB21E93F9BF681D20B73EF3F63
:10ED0000182D4454FB21F93FE2652F227F2B7A3CDA
:10ED1000075C143326A6813CBDCBF07A8807703C93
:10ED2000075C143326A6913CCC0100205245454E89
:10ED300054206D616C6C6F632073756363656564EB
:10ED40006564002F486F73742F686F6D652F696C51
:10ED5000672F576F726B2F61726D2D6E6F6E652D01
:10ED6000656162692D6763632D392E332E312D3134
:10ED70002E312F736F75726365732F6E65776C69B3
:10ED8000622F6E65776C69622F6C6962632F737492
:10ED9000646C69622F72616E6434382E63002F4890
:10EDA0006F73742F686F6D652F696C672F576F7263
:10EDB0006B2F61726D2D6E6F6E652D656162692DB1
:10EDC0006763632D392E332E312D312E312F736F22
:10EDD00075726365732F6E65776C69622F6E6577E8
:10EDE0006C69622F6C6962632F7374646C69622F43
:10EDF00072616E642E6300002020202020202020DD
:10EE000020282828282820202020202020202020DA
:10EE100020202020202020208810101010101010FA
:10EE20001010101010101010040404040404040442
:10EE300004041010101010101041414141414101D3
:10EE400001010101010101010101010101010101B2
:10EE500001010110101010101042424242424202C1
:10EE60000202020202020202020202020202020282
:10EE7000020202101010102000000000000000002C
:10EE80000000000000000000000000000000000082
:10EE90000000000000000000000000000000000072
:10EEA0000000000000000000000000000000000062
:10EEB0000000000000000000000000000000000052
:10EEC0000000000000000000000000000000000042
:10EED0000000000000000000000000000000000032
:10EEE0000000000000000000000000000000000022
:10EEF0000000000000000000686C4C002B2D007822
:10EF00005800412D46612D66383930313233343561
:10EF100036375D00FCEE020046AD0200FFEE020057
:10EF200000000000000000000000000000000000E1
:10EF300000000000000000000000000000000000D1
:10EF400000000000000000000000000000000000C1
:10EF500000000000000000000000000000000000B1
:10EF600000000000000000000000000000000000A1
:10EF70000000000000000000000000000000000091
:04EF8000000000008D
:08EF8400BC12FD7F010000003A
:10EF8C00000000001F1F1F1F1F1F1F1F1F1F1F1F01
:10EF9C00E200000000000000000000000000000083
:10EFAC000000000000E10000000000000000000074
:10EFBC0000000000000000000000FFFFFFFFFFFF4B
:10EFCC00E80300000100000005000000E803DC0578
:10EFDC00DC05DC05DC05DC05DC05DC05DC050000FE
:10EFEC00FFFFFFFFFFFFFFFFFFFFFFFF1800000009
:10EFFC0019FCFFFFFFFFFFFF3C00000001000000B9
:10F00C000200000040420F00FFFF01FFA4C60200F7
:10F01C0074C7020040E2010020C802001000001872
:10F02C001000002A1000012AA0000020D9E30000E3
:10F03C0000000000000000000200000000000000C2
:10F04C00A4000020D9E30000000000000000000034
:10F05C0002000000000000000000000000000000A2
:10F06C000000000000000000000000000000000094
:10F07C006E696D626C65000000000000000000000D
:10F08C000000000000000000000000000000000074
:10F09C00100001181000052A14010020F1E40000F2
:10F0AC000000000000000000200000003A340020A6
:10F0BC000000000000000000000000000000000044
:10F0CC0000000000000000001000002810000128C3
:10F0DC001000022810000328100002290000000074
:10F0EC00000000000302000000000000000000000F
:10F0FC000000000000000000000000000000000004
:10F10C00000000000000000084010020000000004E
:10F11C008C010020E8D80200010000008CE70200FE
:10F12C00040000000090D003FFFFFFFFFFFFFFFF74
:10F13C00FFFFFFFFFFFFFFFF0A00000001000000C0
:10F14C0008000000FF000000CC01002000000000BF
:10F15C0040EF020060EF020020EF02000000000010
:10F16C000000000000000000000000000000000093
:10F17C000000000000000000000000000000000083
:10F18C000000000000000000000000000000000073
:10F19C000000000000000000000000000000000063
:10F1AC00000000000000000000000000250200002C
:10F1BC00010700007DA90000E1AA000069BE000063
:10F1CC00C5BF00001DC4000099D10000C19B010007
:10F1DC0009210200F5270200655902000102000016
:04000003200056A5DE
:00000001FF
